ISO-10303-21;
HEADER;
/* Generated by software containing ST-Developer
 * from STEP Tools, Inc. (www.steptools.com) 
 */

FILE_DESCRIPTION(
/* description */ (''),
/* implementation_level */ '2;1');

FILE_NAME(
/* name */ 'Head.step',
/* time_stamp */ '2026-08-14T21:40:20+05:30',
/* author */ (''),
/* organization */ (''),
/* preprocessor_version */ 'ST-DEVELOPER v20.1',
/* originating_system */ 'Autodesk Translation Framework v15.8.0.0',
/* authorisation */ '');

FILE_SCHEMA (('AUTOMOTIVE_DESIGN { 1 0 10303 214 3 1 1 }'));
ENDSEC;

DATA;
#10=MECHANICAL_DESIGN_GEOMETRIC_PRESENTATION_REPRESENTATION('',(#13),#6335);
#11=SHAPE_REPRESENTATION_RELATIONSHIP('SRR','None',#6342,#12);
#12=ADVANCED_BREP_SHAPE_REPRESENTATION('',(#14),#6334);
#13=STYLED_ITEM('',(#6352),#14);
#14=MANIFOLD_SOLID_BREP('Body1',#3204);
#15=TOROIDAL_SURFACE('',#3301,4.5,0.5);
#16=TOROIDAL_SURFACE('',#3310,2.5,1.5);
#17=TOROIDAL_SURFACE('',#3346,4.50514196746294,0.5);
#18=TOROIDAL_SURFACE('',#3351,7.3772493266514,4.5);
#19=TOROIDAL_SURFACE('',#3391,6.3,1.3);
#20=TOROIDAL_SURFACE('',#3396,6.3,1.3);
#21=TOROIDAL_SURFACE('',#3410,6.3,1.3);
#22=TOROIDAL_SURFACE('',#3414,6.3,1.3);
#23=TOROIDAL_SURFACE('',#3424,5.50000000001202,0.5);
#24=TOROIDAL_SURFACE('',#3427,2.50000000000328,0.5);
#25=TOROIDAL_SURFACE('',#3432,2.50000000000328,0.5);
#26=TOROIDAL_SURFACE('',#3435,5.50000000001201,0.5);
#27=TOROIDAL_SURFACE('',#3440,2.50000000000983,0.5);
#28=TOROIDAL_SURFACE('',#3445,2.50000000000983,0.5);
#29=TOROIDAL_SURFACE('',#3458,2.50000000000328,0.5);
#30=TOROIDAL_SURFACE('',#3461,5.50000000001202,0.5);
#31=TOROIDAL_SURFACE('',#3466,2.50000000000983,0.5);
#32=TOROIDAL_SURFACE('',#3472,2.50000000000983,0.5);
#33=TOROIDAL_SURFACE('',#3478,5.50000000001201,0.5);
#34=TOROIDAL_SURFACE('',#3482,2.50000000000328,0.5);
#35=TOROIDAL_SURFACE('',#3486,0.899999999999999,0.5);
#36=TOROIDAL_SURFACE('',#3494,0.899999999999999,0.5);
#37=TOROIDAL_SURFACE('',#3502,0.899999999999999,0.5);
#38=TOROIDAL_SURFACE('',#3510,0.899999999999999,0.5);
#39=TOROIDAL_SURFACE('',#3518,2.5,0.5);
#40=TOROIDAL_SURFACE('',#3521,2.5,0.5);
#41=TOROIDAL_SURFACE('',#3524,2.5,0.5);
#42=TOROIDAL_SURFACE('',#3527,2.5,0.5);
#43=TOROIDAL_SURFACE('',#3530,1.,0.5);
#44=TOROIDAL_SURFACE('',#3534,0.999999999999996,0.5);
#45=TOROIDAL_SURFACE('',#3539,0.999999999999996,0.5);
#46=TOROIDAL_SURFACE('',#3548,1.,0.5);
#47=TOROIDAL_SURFACE('',#3595,2.5,0.5);
#48=TOROIDAL_SURFACE('',#3600,2.5,0.5);
#49=TOROIDAL_SURFACE('',#3604,2.5,0.5);
#50=TOROIDAL_SURFACE('',#3608,2.5,0.5);
#51=(
BOUNDED_SURFACE()
B_SPLINE_SURFACE(2,2,((#5150,#5151,#5152),(#5153,#5154,#5155),(#5156,#5157,
#5158)),.UNSPECIFIED.,.F.,.F.,.F.)
B_SPLINE_SURFACE_WITH_KNOTS((3,3),(3,3),(0.,1.56605136571357),(-3.14159265358979,
-1.57079632174889),.UNSPECIFIED.)
GEOMETRIC_REPRESENTATION_ITEM()
RATIONAL_B_SPLINE_SURFACE(((1.,0.707106779402514,1.),(0.708782386659033,
0.501184830727696,0.708782386659033),(1.,0.707106779402514,1.)))
REPRESENTATION_ITEM('')
SURFACE()
);
#52=(
BOUNDED_SURFACE()
B_SPLINE_SURFACE(2,2,((#5255,#5256,#5257),(#5258,#5259,#5260),(#5261,#5262,
#5263)),.UNSPECIFIED.,.F.,.F.,.F.)
B_SPLINE_SURFACE_WITH_KNOTS((3,3),(3,3),(0.,0.907340677113622),(-1.5707963267949,
5.6929321222412E-17),.UNSPECIFIED.)
GEOMETRIC_REPRESENTATION_ITEM()
RATIONAL_B_SPLINE_SURFACE(((1.,0.707106781186548,1.),(0.898844570038368,
0.635579090706837,0.898844570038368),(1.,0.707106781186548,1.)))
REPRESENTATION_ITEM('')
SURFACE()
);
#53=(
BOUNDED_SURFACE()
B_SPLINE_SURFACE(2,2,((#6267,#6268,#6269),(#6270,#6271,#6272),(#6273,#6274,
#6275)),.UNSPECIFIED.,.F.,.F.,.F.)
B_SPLINE_SURFACE_WITH_KNOTS((3,3),(3,3),(-1.5707963267949,0.),(1.5707963267949,
3.14159265358979),.UNSPECIFIED.)
GEOMETRIC_REPRESENTATION_ITEM()
RATIONAL_B_SPLINE_SURFACE(((1.,0.707106781186548,1.),(0.707106781186547,
0.499999999999999,0.707106781186547),(1.,0.707106781186548,1.)))
REPRESENTATION_ITEM('')
SURFACE()
);
#54=(
BOUNDED_SURFACE()
B_SPLINE_SURFACE(2,2,((#6283,#6284,#6285),(#6286,#6287,#6288),(#6289,#6290,
#6291)),.UNSPECIFIED.,.F.,.F.,.F.)
B_SPLINE_SURFACE_WITH_KNOTS((3,3),(3,3),(-1.5707963267949,0.),(-3.14159265358979,
-1.5707963267949),.UNSPECIFIED.)
GEOMETRIC_REPRESENTATION_ITEM()
RATIONAL_B_SPLINE_SURFACE(((1.,0.707106781186548,1.),(0.707106781186547,
0.5,0.707106781186547),(1.,0.707106781186548,1.)))
REPRESENTATION_ITEM('')
SURFACE()
);
#55=(
BOUNDED_SURFACE()
B_SPLINE_SURFACE(2,2,((#6293,#6294,#6295),(#6296,#6297,#6298),(#6299,#6300,
#6301)),.UNSPECIFIED.,.F.,.F.,.F.)
B_SPLINE_SURFACE_WITH_KNOTS((3,3),(3,3),(-1.5707963267949,0.),(-1.5707963267949,
5.2602187470257E-17),.UNSPECIFIED.)
GEOMETRIC_REPRESENTATION_ITEM()
RATIONAL_B_SPLINE_SURFACE(((1.,0.707106781186548,1.),(0.707106781186543,
0.499999999999997,0.707106781186543),(1.,0.707106781186548,1.)))
REPRESENTATION_ITEM('')
SURFACE()
);
#56=(
BOUNDED_SURFACE()
B_SPLINE_SURFACE(2,2,((#6309,#6310,#6311),(#6312,#6313,#6314),(#6315,#6316,
#6317)),.UNSPECIFIED.,.F.,.F.,.F.)
B_SPLINE_SURFACE_WITH_KNOTS((3,3),(3,3),(-1.5707963267949,0.),(-2.34917904386885E-15,
1.5707963267949),.UNSPECIFIED.)
GEOMETRIC_REPRESENTATION_ITEM()
RATIONAL_B_SPLINE_SURFACE(((1.,0.707106781186547,1.),(0.707106781186543,
0.499999999999996,0.707106781186543),(1.,0.707106781186547,1.)))
REPRESENTATION_ITEM('')
SURFACE()
);
#57=B_SPLINE_SURFACE_WITH_KNOTS('',3,3,((#4933,#4934,#4935,#4936,#4937,
#4938,#4939,#4940,#4941,#4942,#4943,#4944,#4945,#4946,#4947,#4948,#4949,
#4950),(#4951,#4952,#4953,#4954,#4955,#4956,#4957,#4958,#4959,#4960,#4961,
#4962,#4963,#4964,#4965,#4966,#4967,#4968),(#4969,#4970,#4971,#4972,#4973,
#4974,#4975,#4976,#4977,#4978,#4979,#4980,#4981,#4982,#4983,#4984,#4985,
#4986),(#4987,#4988,#4989,#4990,#4991,#4992,#4993,#4994,#4995,#4996,#4997,
#4998,#4999,#5000,#5001,#5002,#5003,#5004)),.UNSPECIFIED.,.F.,.F.,.F.,(4,
4),(4,2,2,2,2,2,2,2,4),(0.,1.),(0.488036809062214,0.599360413765665,0.643248163726795,
0.687135913687925,0.731023663649055,0.774911413610185,0.862686913532446,
0.946695392032163,1.03070387053187),.UNSPECIFIED.);
#58=B_SPLINE_SURFACE_WITH_KNOTS('',3,3,((#5025,#5026,#5027,#5028),(#5029,
#5030,#5031,#5032),(#5033,#5034,#5035,#5036),(#5037,#5038,#5039,#5040)),
 .UNSPECIFIED.,.F.,.F.,.F.,(4,4),(4,4),(0.,1.),(-1.786751182451,-1.76430951936533),
 .UNSPECIFIED.);
#59=B_SPLINE_SURFACE_WITH_KNOTS('',3,3,((#5052,#5053,#5054,#5055,#5056,
#5057),(#5058,#5059,#5060,#5061,#5062,#5063),(#5064,#5065,#5066,#5067,#5068,
#5069),(#5070,#5071,#5072,#5073,#5074,#5075)),.UNSPECIFIED.,.F.,.F.,.F.,
(4,4),(4,2,4),(0.,1.),(-0.181861823126321,-0.151766918209003,-0.130289412841237),
 .UNSPECIFIED.);
#60=B_SPLINE_SURFACE_WITH_KNOTS('',3,3,((#5094,#5095,#5096,#5097),(#5098,
#5099,#5100,#5101),(#5102,#5103,#5104,#5105),(#5106,#5107,#5108,#5109)),
 .UNSPECIFIED.,.F.,.F.,.F.,(4,4),(4,4),(0.,1.),(-1.76430951936533,-1.57253929394885),
 .UNSPECIFIED.);
#61=B_SPLINE_SURFACE_WITH_KNOTS('',3,3,((#5118,#5119,#5120,#5121),(#5122,
#5123,#5124,#5125),(#5126,#5127,#5128,#5129),(#5130,#5131,#5132,#5133)),
 .UNSPECIFIED.,.F.,.F.,.F.,(4,4),(4,4),(0.,1.),(0.393461408069972,0.488036809081014),
 .UNSPECIFIED.);
#62=B_SPLINE_SURFACE_WITH_KNOTS('',3,3,((#5320,#5321,#5322,#5323),(#5324,
#5325,#5326,#5327),(#5328,#5329,#5330,#5331),(#5332,#5333,#5334,#5335),
(#5336,#5337,#5338,#5339),(#5340,#5341,#5342,#5343),(#5344,#5345,#5346,
#5347)),.UNSPECIFIED.,.F.,.F.,.F.,(4,1,1,1,4),(4,4),(0.,0.285714285714286,
0.571428571428571,0.857142857142857,1.),(1.48814816461328E-16,0.116397355175201),
 .UNSPECIFIED.);
#63=B_SPLINE_SURFACE_WITH_KNOTS('',3,3,((#5403,#5404,#5405,#5406),(#5407,
#5408,#5409,#5410),(#5411,#5412,#5413,#5414),(#5415,#5416,#5417,#5418)),
 .UNSPECIFIED.,.F.,.F.,.F.,(4,4),(4,4),(0.326260650682977,1.),(-3.97039383492031E-16,
0.190602136214101),.UNSPECIFIED.);
#64=B_SPLINE_SURFACE_WITH_KNOTS('',3,3,((#5450,#5451,#5452,#5453,#5454,
#5455),(#5456,#5457,#5458,#5459,#5460,#5461),(#5462,#5463,#5464,#5465,#5466,
#5467),(#5468,#5469,#5470,#5471,#5472,#5473),(#5474,#5475,#5476,#5477,#5478,
#5479)),.UNSPECIFIED.,.F.,.F.,.F.,(4,1,4),(4,1,1,4),(0.,0.571428571428571,
1.),(-0.335962562299976,-0.239973258785697,-0.191978607028558,0.),
 .UNSPECIFIED.);
#65=B_SPLINE_SURFACE_WITH_KNOTS('',3,3,((#5495,#5496,#5497,#5498,#5499,
#5500),(#5501,#5502,#5503,#5504,#5505,#5506),(#5507,#5508,#5509,#5510,#5511,
#5512),(#5513,#5514,#5515,#5516,#5517,#5518),(#5519,#5520,#5521,#5522,#5523,
#5524)),.UNSPECIFIED.,.F.,.F.,.F.,(4,1,4),(4,1,1,4),(0.,0.571428571428571,
1.),(0.,0.0959893214113289,0.143983982116993,0.335962624939651),
 .UNSPECIFIED.);
#66=B_SPLINE_SURFACE_WITH_KNOTS('',3,3,((#5540,#5541,#5542,#5543),(#5544,
#5545,#5546,#5547),(#5548,#5549,#5550,#5551),(#5552,#5553,#5554,#5555),
(#5556,#5557,#5558,#5559)),.UNSPECIFIED.,.F.,.F.,.F.,(4,1,4),(4,4),(0.,
0.5,1.),(-0.269515697637071,2.85226741877578E-12),.UNSPECIFIED.);
#67=B_SPLINE_SURFACE_WITH_KNOTS('',3,3,((#5571,#5572,#5573,#5574),(#5575,
#5576,#5577,#5578),(#5579,#5580,#5581,#5582),(#5583,#5584,#5585,#5586),
(#5587,#5588,#5589,#5590)),.UNSPECIFIED.,.F.,.F.,.F.,(4,1,4),(4,4),(0.,
0.5,1.),(2.19300837436765,2.46330227607534),.UNSPECIFIED.);
#68=B_SPLINE_SURFACE_WITH_KNOTS('',3,3,((#5614,#5615,#5616,#5617),(#5618,
#5619,#5620,#5621),(#5622,#5623,#5624,#5625),(#5626,#5627,#5628,#5629),
(#5630,#5631,#5632,#5633)),.UNSPECIFIED.,.F.,.F.,.F.,(4,1,4),(4,4),(0.,
0.5,1.),(-0.269515697657195,6.16297582203914E-33),.UNSPECIFIED.);
#69=B_SPLINE_SURFACE_WITH_KNOTS('',3,3,((#5645,#5646,#5647,#5648),(#5649,
#5650,#5651,#5652),(#5653,#5654,#5655,#5656),(#5657,#5658,#5659,#5660),
(#5661,#5662,#5663,#5664)),.UNSPECIFIED.,.F.,.F.,.F.,(4,1,4),(4,4),(0.,
0.5,1.),(2.19300837436765,2.46330227607534),.UNSPECIFIED.);
#70=B_SPLINE_SURFACE_WITH_KNOTS('',3,3,((#5676,#5677,#5678,#5679,#5680,
#5681),(#5682,#5683,#5684,#5685,#5686,#5687),(#5688,#5689,#5690,#5691,#5692,
#5693),(#5694,#5695,#5696,#5697,#5698,#5699),(#5700,#5701,#5702,#5703,#5704,
#5705)),.UNSPECIFIED.,.F.,.F.,.F.,(4,1,4),(4,1,1,4),(0.,0.571428571428571,
1.),(-0.336054263827548,-0.192031007901456,-0.0960155039507279,0.),
 .UNSPECIFIED.);
#71=B_SPLINE_SURFACE_WITH_KNOTS('',3,3,((#5721,#5722,#5723,#5724,#5725,
#5726),(#5727,#5728,#5729,#5730,#5731,#5732),(#5733,#5734,#5735,#5736,#5737,
#5738),(#5739,#5740,#5741,#5742,#5743,#5744),(#5745,#5746,#5747,#5748,#5749,
#5750)),.UNSPECIFIED.,.F.,.F.,.F.,(4,1,4),(4,1,1,4),(0.,0.571428571428571,
1.),(0.,0.192030963038944,0.24003870379868,0.336054185318152),
 .UNSPECIFIED.);
#72=B_SPLINE_SURFACE_WITH_KNOTS('',3,3,((#5769,#5770,#5771,#5772,#5773),
(#5774,#5775,#5776,#5777,#5778),(#5779,#5780,#5781,#5782,#5783),(#5784,
#5785,#5786,#5787,#5788),(#5789,#5790,#5791,#5792,#5793)),.UNSPECIFIED.,
 .F.,.F.,.F.,(4,1,4),(4,1,4),(0.,0.370251922176365,0.863921151744852),(3.79852377567964E-18,
0.241170582914666,0.56273136013422),.UNSPECIFIED.);
#73=B_SPLINE_SURFACE_WITH_KNOTS('',3,3,((#5815,#5816,#5817,#5818,#5819),
(#5820,#5821,#5822,#5823,#5824),(#5825,#5826,#5827,#5828,#5829),(#5830,
#5831,#5832,#5833,#5834),(#5835,#5836,#5837,#5838,#5839)),.UNSPECIFIED.,
 .F.,.F.,.F.,(4,1,4),(4,1,4),(0.136078848255147,0.506330770431513,1.),(0.,
0.241170028698977,0.56273006696428),.UNSPECIFIED.);
#74=B_SPLINE_SURFACE_WITH_KNOTS('',3,3,((#5872,#5873,#5874,#5875,#5876),
(#5877,#5878,#5879,#5880,#5881),(#5882,#5883,#5884,#5885,#5886),(#5887,
#5888,#5889,#5890,#5891),(#5892,#5893,#5894,#5895,#5896)),.UNSPECIFIED.,
 .F.,.F.,.F.,(4,1,4),(4,1,4),(0.,0.370251922176367,0.863921151744856),(0.,
0.241170582931127,0.56273136017263),.UNSPECIFIED.);
#75=B_SPLINE_SURFACE_WITH_KNOTS('',3,3,((#5909,#5910,#5911,#5912,#5913),
(#5914,#5915,#5916,#5917,#5918),(#5919,#5920,#5921,#5922,#5923),(#5924,
#5925,#5926,#5927,#5928),(#5929,#5930,#5931,#5932,#5933)),.UNSPECIFIED.,
 .F.,.F.,.F.,(4,1,4),(4,1,4),(0.136078848255149,0.506330770431514,1.),(0.,
0.321560038265302,0.562730066964279),.UNSPECIFIED.);
#76=(
BOUNDED_CURVE()
B_SPLINE_CURVE(2,(#4921,#4922,#4923),.UNSPECIFIED.,.F.,.F.)
B_SPLINE_CURVE_WITH_KNOTS((3,3),(0.537877920934066,0.712858884537702),
 .UNSPECIFIED.)
CURVE()
GEOMETRIC_REPRESENTATION_ITEM()
RATIONAL_B_SPLINE_CURVE((1.,1.,1.))
REPRESENTATION_ITEM('')
);
#77=CONICAL_SURFACE('',#3284,2.35,0.78539816339745);
#78=CONICAL_SURFACE('',#3295,2.35,0.785398163397448);
#79=CONICAL_SURFACE('',#3296,2.35,0.785398163397448);
#80=FACE_BOUND('',#872,.T.);
#81=FACE_BOUND('',#873,.T.);
#82=FACE_BOUND('',#874,.T.);
#83=FACE_BOUND('',#875,.T.);
#84=FACE_BOUND('',#881,.T.);
#85=FACE_BOUND('',#899,.T.);
#86=FACE_BOUND('',#906,.T.);
#87=FACE_BOUND('',#907,.T.);
#88=FACE_BOUND('',#928,.T.);
#89=FACE_BOUND('',#929,.T.);
#90=FACE_BOUND('',#930,.T.);
#91=FACE_BOUND('',#931,.T.);
#92=FACE_BOUND('',#932,.T.);
#93=FACE_BOUND('',#933,.T.);
#94=FACE_BOUND('',#955,.T.);
#95=FACE_BOUND('',#990,.T.);
#96=FACE_BOUND('',#1038,.T.);
#97=FACE_BOUND('',#1040,.T.);
#98=FACE_BOUND('',#1042,.T.);
#99=FACE_BOUND('',#1044,.T.);
#100=FACE_BOUND('',#1067,.T.);
#101=ELLIPSE('',#3243,0.707106781186547,0.5);
#102=ELLIPSE('',#3244,4.24264068711928,3.);
#103=ELLIPSE('',#3245,3.53553390593274,2.5);
#104=ELLIPSE('',#3291,3.53553390593274,2.5);
#105=ELLIPSE('',#3315,0.707106781186547,0.5);
#106=ELLIPSE('',#3323,4.24264068711928,3.);
#107=PLANE('',#3226);
#108=PLANE('',#3228);
#109=PLANE('',#3230);
#110=PLANE('',#3242);
#111=PLANE('',#3252);
#112=PLANE('',#3255);
#113=PLANE('',#3260);
#114=PLANE('',#3264);
#115=PLANE('',#3276);
#116=PLANE('',#3279);
#117=PLANE('',#3282);
#118=PLANE('',#3288);
#119=PLANE('',#3309);
#120=PLANE('',#3313);
#121=PLANE('',#3316);
#122=PLANE('',#3318);
#123=PLANE('',#3327);
#124=PLANE('',#3328);
#125=PLANE('',#3329);
#126=PLANE('',#3338);
#127=PLANE('',#3343);
#128=PLANE('',#3344);
#129=PLANE('',#3345);
#130=PLANE('',#3355);
#131=PLANE('',#3368);
#132=PLANE('',#3402);
#133=PLANE('',#3449);
#134=PLANE('',#3454);
#135=PLANE('',#3485);
#136=PLANE('',#3493);
#137=PLANE('',#3501);
#138=PLANE('',#3509);
#139=PLANE('',#3517);
#140=PLANE('',#3574);
#141=PLANE('',#3575);
#142=PLANE('',#3576);
#143=PLANE('',#3577);
#144=PLANE('',#3581);
#145=PLANE('',#3583);
#146=PLANE('',#3585);
#147=PLANE('',#3588);
#148=PLANE('',#3589);
#149=PLANE('',#3590);
#150=PLANE('',#3591);
#151=PLANE('',#3610);
#152=PLANE('',#3624);
#153=PLANE('',#3627);
#154=PLANE('',#3629);
#155=LINE('',#4660,#342);
#156=LINE('',#4661,#343);
#157=LINE('',#4669,#344);
#158=LINE('',#4670,#345);
#159=LINE('',#4675,#346);
#160=LINE('',#4676,#347);
#161=LINE('',#4681,#348);
#162=LINE('',#4683,#349);
#163=LINE('',#4685,#350);
#164=LINE('',#4687,#351);
#165=LINE('',#4689,#352);
#166=LINE('',#4690,#353);
#167=LINE('',#4699,#354);
#168=LINE('',#4707,#355);
#169=LINE('',#4710,#356);
#170=LINE('',#4714,#357);
#171=LINE('',#4718,#358);
#172=LINE('',#4722,#359);
#173=LINE('',#4724,#360);
#174=LINE('',#4726,#361);
#175=LINE('',#4728,#362);
#176=LINE('',#4730,#363);
#177=LINE('',#4731,#364);
#178=LINE('',#4747,#365);
#179=LINE('',#4756,#366);
#180=LINE('',#4760,#367);
#181=LINE('',#4762,#368);
#182=LINE('',#4766,#369);
#183=LINE('',#4776,#370);
#184=LINE('',#4781,#371);
#185=LINE('',#4820,#372);
#186=LINE('',#4822,#373);
#187=LINE('',#4824,#374);
#188=LINE('',#4830,#375);
#189=LINE('',#4833,#376);
#190=LINE('',#4839,#377);
#191=LINE('',#4842,#378);
#192=LINE('',#4845,#379);
#193=LINE('',#4847,#380);
#194=LINE('',#4848,#381);
#195=LINE('',#4853,#382);
#196=LINE('',#4860,#383);
#197=LINE('',#4864,#384);
#198=LINE('',#4868,#385);
#199=LINE('',#4871,#386);
#200=LINE('',#4875,#387);
#201=LINE('',#4879,#388);
#202=LINE('',#4883,#389);
#203=LINE('',#4887,#390);
#204=LINE('',#4890,#391);
#205=LINE('',#4897,#392);
#206=LINE('',#4898,#393);
#207=LINE('',#4902,#394);
#208=LINE('',#4905,#395);
#209=LINE('',#4907,#396);
#210=LINE('',#4909,#397);
#211=LINE('',#4910,#398);
#212=LINE('',#4914,#399);
#213=LINE('',#4917,#400);
#214=LINE('',#4925,#401);
#215=LINE('',#4931,#402);
#216=LINE('',#5006,#403);
#217=LINE('',#5043,#404);
#218=LINE('',#5078,#405);
#219=LINE('',#5087,#406);
#220=LINE('',#5144,#407);
#221=LINE('',#5145,#408);
#222=LINE('',#5168,#409);
#223=LINE('',#5170,#410);
#224=LINE('',#5173,#411);
#225=LINE('',#5176,#412);
#226=LINE('',#5216,#413);
#227=LINE('',#5221,#414);
#228=LINE('',#5222,#415);
#229=LINE('',#5223,#416);
#230=LINE('',#5233,#417);
#231=LINE('',#5234,#418);
#232=LINE('',#5237,#419);
#233=LINE('',#5239,#420);
#234=LINE('',#5241,#421);
#235=LINE('',#5242,#422);
#236=LINE('',#5244,#423);
#237=LINE('',#5245,#424);
#238=LINE('',#5247,#425);
#239=LINE('',#5249,#426);
#240=LINE('',#5250,#427);
#241=LINE('',#5270,#428);
#242=LINE('',#5273,#429);
#243=LINE('',#5277,#430);
#244=LINE('',#5279,#431);
#245=LINE('',#5280,#432);
#246=LINE('',#5284,#433);
#247=LINE('',#5288,#434);
#248=LINE('',#5292,#435);
#249=LINE('',#5295,#436);
#250=LINE('',#5298,#437);
#251=LINE('',#5301,#438);
#252=LINE('',#5305,#439);
#253=LINE('',#5310,#440);
#254=LINE('',#5365,#441);
#255=LINE('',#5369,#442);
#256=LINE('',#5373,#443);
#257=LINE('',#5377,#444);
#258=LINE('',#5387,#445);
#259=LINE('',#5391,#446);
#260=LINE('',#5395,#447);
#261=LINE('',#5398,#448);
#262=LINE('',#5425,#449);
#263=LINE('',#5429,#450);
#264=LINE('',#5433,#451);
#265=LINE('',#5437,#452);
#266=LINE('',#5440,#453);
#267=LINE('',#5446,#454);
#268=LINE('',#5449,#455);
#269=LINE('',#5606,#456);
#270=LINE('',#5607,#457);
#271=LINE('',#5612,#458);
#272=LINE('',#5613,#459);
#273=LINE('',#5767,#460);
#274=LINE('',#5768,#461);
#275=LINE('',#5810,#462);
#276=LINE('',#5850,#463);
#277=LINE('',#5854,#464);
#278=LINE('',#5860,#465);
#279=LINE('',#5866,#466);
#280=LINE('',#5870,#467);
#281=LINE('',#5942,#468);
#282=LINE('',#5945,#469);
#283=LINE('',#5949,#470);
#284=LINE('',#5955,#471);
#285=LINE('',#5968,#472);
#286=LINE('',#5980,#473);
#287=LINE('',#5988,#474);
#288=LINE('',#5993,#475);
#289=LINE('',#5996,#476);
#290=LINE('',#5999,#477);
#291=LINE('',#6000,#478);
#292=LINE('',#6003,#479);
#293=LINE('',#6007,#480);
#294=LINE('',#6011,#481);
#295=LINE('',#6012,#482);
#296=LINE('',#6018,#483);
#297=LINE('',#6030,#484);
#298=LINE('',#6041,#485);
#299=LINE('',#6042,#486);
#300=LINE('',#6053,#487);
#301=LINE('',#6054,#488);
#302=LINE('',#6063,#489);
#303=LINE('',#6067,#490);
#304=LINE('',#6069,#491);
#305=LINE('',#6071,#492);
#306=LINE('',#6072,#493);
#307=LINE('',#6083,#494);
#308=LINE('',#6096,#495);
#309=LINE('',#6109,#496);
#310=LINE('',#6122,#497);
#311=LINE('',#6154,#498);
#312=LINE('',#6162,#499);
#313=LINE('',#6176,#500);
#314=LINE('',#6184,#501);
#315=LINE('',#6198,#502);
#316=LINE('',#6200,#503);
#317=LINE('',#6201,#504);
#318=LINE('',#6203,#505);
#319=LINE('',#6205,#506);
#320=LINE('',#6207,#507);
#321=LINE('',#6208,#508);
#322=LINE('',#6210,#509);
#323=LINE('',#6211,#510);
#324=LINE('',#6213,#511);
#325=LINE('',#6215,#512);
#326=LINE('',#6216,#513);
#327=LINE('',#6225,#514);
#328=LINE('',#6227,#515);
#329=LINE('',#6229,#516);
#330=LINE('',#6231,#517);
#331=LINE('',#6237,#518);
#332=LINE('',#6260,#519);
#333=LINE('',#6264,#520);
#334=LINE('',#6282,#521);
#335=LINE('',#6308,#522);
#336=LINE('',#6320,#523);
#337=LINE('',#6321,#524);
#338=LINE('',#6323,#525);
#339=LINE('',#6326,#526);
#340=LINE('',#6327,#527);
#341=LINE('',#6330,#528);
#342=VECTOR('',#3642,10.);
#343=VECTOR('',#3643,10.);
#344=VECTOR('',#3646,10.);
#345=VECTOR('',#3647,10.);
#346=VECTOR('',#3652,10.);
#347=VECTOR('',#3653,10.);
#348=VECTOR('',#3660,10.);
#349=VECTOR('',#3661,10.);
#350=VECTOR('',#3662,10.);
#351=VECTOR('',#3663,10.);
#352=VECTOR('',#3664,10.);
#353=VECTOR('',#3665,10.);
#354=VECTOR('',#3668,10.);
#355=VECTOR('',#3669,10.);
#356=VECTOR('',#3672,10.);
#357=VECTOR('',#3675,10.);
#358=VECTOR('',#3678,10.);
#359=VECTOR('',#3681,10.);
#360=VECTOR('',#3682,10.);
#361=VECTOR('',#3683,10.);
#362=VECTOR('',#3684,10.);
#363=VECTOR('',#3685,10.);
#364=VECTOR('',#3686,10.);
#365=VECTOR('',#3701,10.);
#366=VECTOR('',#3704,10.);
#367=VECTOR('',#3707,10.);
#368=VECTOR('',#3708,10.);
#369=VECTOR('',#3711,10.);
#370=VECTOR('',#3716,10.);
#371=VECTOR('',#3721,10.);
#372=VECTOR('',#3730,10.);
#373=VECTOR('',#3733,10.);
#374=VECTOR('',#3734,10.);
#375=VECTOR('',#3741,10.);
#376=VECTOR('',#3744,10.);
#377=VECTOR('',#3749,10.);
#378=VECTOR('',#3752,10.);
#379=VECTOR('',#3755,10.);
#380=VECTOR('',#3756,10.);
#381=VECTOR('',#3757,10.);
#382=VECTOR('',#3762,10.);
#383=VECTOR('',#3769,10.);
#384=VECTOR('',#3772,10.);
#385=VECTOR('',#3775,10.);
#386=VECTOR('',#3778,10.);
#387=VECTOR('',#3781,10.);
#388=VECTOR('',#3784,10.);
#389=VECTOR('',#3787,10.);
#390=VECTOR('',#3790,10.);
#391=VECTOR('',#3793,10.);
#392=VECTOR('',#3800,10.);
#393=VECTOR('',#3801,10.);
#394=VECTOR('',#3806,10.);
#395=VECTOR('',#3809,10.);
#396=VECTOR('',#3810,10.);
#397=VECTOR('',#3811,10.);
#398=VECTOR('',#3812,10.);
#399=VECTOR('',#3817,0.899999999999999);
#400=VECTOR('',#3820,10.);
#401=VECTOR('',#3825,10.);
#402=VECTOR('',#3830,10.);
#403=VECTOR('',#3833,10.);
#404=VECTOR('',#3834,10.);
#405=VECTOR('',#3835,10.);
#406=VECTOR('',#3836,10.);
#407=VECTOR('',#3839,10.);
#408=VECTOR('',#3840,10.);
#409=VECTOR('',#3853,2.1);
#410=VECTOR('',#3856,2.35);
#411=VECTOR('',#3859,2.35);
#412=VECTOR('',#3864,2.1);
#413=VECTOR('',#3883,4.);
#414=VECTOR('',#3888,10.);
#415=VECTOR('',#3889,10.);
#416=VECTOR('',#3890,10.);
#417=VECTOR('',#3903,10.);
#418=VECTOR('',#3904,10.);
#419=VECTOR('',#3907,10.);
#420=VECTOR('',#3908,10.);
#421=VECTOR('',#3909,10.);
#422=VECTOR('',#3910,10.);
#423=VECTOR('',#3913,10.);
#424=VECTOR('',#3914,10.);
#425=VECTOR('',#3917,10.);
#426=VECTOR('',#3918,10.);
#427=VECTOR('',#3919,10.);
#428=VECTOR('',#3934,10.);
#429=VECTOR('',#3939,10.);
#430=VECTOR('',#3944,10.);
#431=VECTOR('',#3945,10.);
#432=VECTOR('',#3946,10.);
#433=VECTOR('',#3951,10.);
#434=VECTOR('',#3956,10.);
#435=VECTOR('',#3961,10.);
#436=VECTOR('',#3964,10.);
#437=VECTOR('',#3969,10.);
#438=VECTOR('',#3972,0.899999999999999);
#439=VECTOR('',#3977,0.899999999999999);
#440=VECTOR('',#3986,10.);
#441=VECTOR('',#4007,10.);
#442=VECTOR('',#4010,10.);
#443=VECTOR('',#4013,10.);
#444=VECTOR('',#4016,10.);
#445=VECTOR('',#4025,10.);
#446=VECTOR('',#4028,10.);
#447=VECTOR('',#4031,10.);
#448=VECTOR('',#4034,10.);
#449=VECTOR('',#4041,10.);
#450=VECTOR('',#4044,10.);
#451=VECTOR('',#4047,10.);
#452=VECTOR('',#4050,10.);
#453=VECTOR('',#4053,10.);
#454=VECTOR('',#4058,1.3);
#455=VECTOR('',#4061,1.3);
#456=VECTOR('',#4074,1.3);
#457=VECTOR('',#4075,1.3);
#458=VECTOR('',#4080,1.3);
#459=VECTOR('',#4081,1.3);
#460=VECTOR('',#4092,1.3);
#461=VECTOR('',#4093,1.3);
#462=VECTOR('',#4108,10.);
#463=VECTOR('',#4121,10.);
#464=VECTOR('',#4124,10.);
#465=VECTOR('',#4129,10.);
#466=VECTOR('',#4134,10.);
#467=VECTOR('',#4137,10.);
#468=VECTOR('',#4158,10.);
#469=VECTOR('',#4161,10.);
#470=VECTOR('',#4164,10.);
#471=VECTOR('',#4171,10.);
#472=VECTOR('',#4190,10.);
#473=VECTOR('',#4207,10.);
#474=VECTOR('',#4218,10.);
#475=VECTOR('',#4225,10.);
#476=VECTOR('',#4228,10.);
#477=VECTOR('',#4231,10.);
#478=VECTOR('',#4232,10.);
#479=VECTOR('',#4235,10.);
#480=VECTOR('',#4240,10.);
#481=VECTOR('',#4245,10.);
#482=VECTOR('',#4246,10.);
#483=VECTOR('',#4253,10.);
#484=VECTOR('',#4270,10.);
#485=VECTOR('',#4283,10.);
#486=VECTOR('',#4284,10.);
#487=VECTOR('',#4297,10.);
#488=VECTOR('',#4298,10.);
#489=VECTOR('',#4313,10.);
#490=VECTOR('',#4316,10.);
#491=VECTOR('',#4317,10.);
#492=VECTOR('',#4318,10.);
#493=VECTOR('',#4319,10.);
#494=VECTOR('',#4332,1.4);
#495=VECTOR('',#4349,1.4);
#496=VECTOR('',#4366,1.4);
#497=VECTOR('',#4383,1.4);
#498=VECTOR('',#4430,10.);
#499=VECTOR('',#4441,10.);
#500=VECTOR('',#4460,10.);
#501=VECTOR('',#4471,10.);
#502=VECTOR('',#4490,10.);
#503=VECTOR('',#4493,10.);
#504=VECTOR('',#4494,10.);
#505=VECTOR('',#4497,10.);
#506=VECTOR('',#4500,10.);
#507=VECTOR('',#4503,10.);
#508=VECTOR('',#4504,10.);
#509=VECTOR('',#4507,10.);
#510=VECTOR('',#4508,10.);
#511=VECTOR('',#4511,10.);
#512=VECTOR('',#4514,10.);
#513=VECTOR('',#4515,10.);
#514=VECTOR('',#4530,10.);
#515=VECTOR('',#4533,10.);
#516=VECTOR('',#4536,10.);
#517=VECTOR('',#4539,10.);
#518=VECTOR('',#4546,10.);
#519=VECTOR('',#4589,10.);
#520=VECTOR('',#4596,10.);
#521=VECTOR('',#4609,10.);
#522=VECTOR('',#4620,10.);
#523=VECTOR('',#4625,10.);
#524=VECTOR('',#4626,10.);
#525=VECTOR('',#4629,10.);
#526=VECTOR('',#4634,10.);
#527=VECTOR('',#4635,10.);
#528=VECTOR('',#4640,10.);
#529=B_SPLINE_CURVE_WITH_KNOTS('',3,(#4654,#4655,#4656,#4657,#4658,#4659),
 .UNSPECIFIED.,.F.,.F.,(4,2,4),(0.,0.0896141102273659,0.165109141493473),
 .UNSPECIFIED.);
#530=B_SPLINE_CURVE_WITH_KNOTS('',3,(#4665,#4666,#4667,#4668),
 .UNSPECIFIED.,.F.,.F.,(4,4),(0.322256358982506,0.488146787714587),
 .UNSPECIFIED.);
#531=B_SPLINE_CURVE_WITH_KNOTS('',3,(#4694,#4695,#4696,#4697),
 .UNSPECIFIED.,.F.,.F.,(4,4),(0.,0.16589042873208),.UNSPECIFIED.);
#532=B_SPLINE_CURVE_WITH_KNOTS('',3,(#4701,#4702,#4703,#4704,#4705,#4706),
 .UNSPECIFIED.,.F.,.F.,(4,2,4),(0.,0.0551192642446721,0.110238528489344),
 .UNSPECIFIED.);
#533=B_SPLINE_CURVE_WITH_KNOTS('',3,(#4738,#4739,#4740,#4741,#4742,#4743),
 .UNSPECIFIED.,.F.,.F.,(4,2,4),(0.321766446294496,0.397261477560601,0.48687558778797),
 .UNSPECIFIED.);
#534=B_SPLINE_CURVE_WITH_KNOTS('',3,(#4750,#4751,#4752,#4753,#4754,#4755),
 .UNSPECIFIED.,.F.,.F.,(4,2,4),(0.224494325010397,0.279613589255069,0.334732853499741),
 .UNSPECIFIED.);
#535=B_SPLINE_CURVE_WITH_KNOTS('',3,(#4770,#4771,#4772,#4773),
 .UNSPECIFIED.,.F.,.F.,(4,4),(1.24898286877651,1.3153019923647),
 .UNSPECIFIED.);
#536=B_SPLINE_CURVE_WITH_KNOTS('',3,(#4783,#4784,#4785,#4786,#4787,#4788,
#4789,#4790,#4791,#4792,#4793,#4794),.UNSPECIFIED.,.F.,.F.,(4,2,2,2,2,4),
(0.343567956843963,0.427576435343682,0.511584913843401,0.599360413765663,
0.643248163726794,0.687135913687924),.UNSPECIFIED.);
#537=B_SPLINE_CURVE_WITH_KNOTS('',3,(#4802,#4803,#4804,#4805,#4806,#4807,
#4808,#4809,#4810,#4811,#4812,#4813,#4814,#4815,#4816,#4817,#4818,#4819),
 .UNSPECIFIED.,.F.,.F.,(4,2,2,2,2,2,2,2,4),(-1.03070387053187,-0.946695392032163,
-0.862686913532446,-0.774911413610185,-0.731023663649055,-0.687135913687925,
-0.643248163726795,-0.599360413765665,-0.488036809062214),.UNSPECIFIED.);
#538=B_SPLINE_CURVE_WITH_KNOTS('',3,(#5007,#5008,#5009,#5010,#5011,#5012,
#5013,#5014,#5015,#5016,#5017,#5018,#5019,#5020,#5021,#5022,#5023,#5024),
 .UNSPECIFIED.,.F.,.F.,(4,2,2,2,2,2,2,2,4),(0.488036809062214,0.599360413765665,
0.643248163726795,0.687135913687925,0.731023663649055,0.774911413610185,
0.862686913532446,0.946695392032163,1.03070387053187),.UNSPECIFIED.);
#539=B_SPLINE_CURVE_WITH_KNOTS('',3,(#5044,#5045,#5046,#5047),
 .UNSPECIFIED.,.F.,.F.,(4,4),(1.76430951936533,1.786751182451),
 .UNSPECIFIED.);
#540=B_SPLINE_CURVE_WITH_KNOTS('',3,(#5048,#5049,#5050,#5051),
 .UNSPECIFIED.,.F.,.F.,(4,4),(-1.786751182451,-1.76430951936533),
 .UNSPECIFIED.);
#541=B_SPLINE_CURVE_WITH_KNOTS('',3,(#5080,#5081,#5082,#5083,#5084,#5085),
 .UNSPECIFIED.,.F.,.F.,(4,2,4),(0.130289412841237,0.151766918209003,0.181861823126321),
 .UNSPECIFIED.);
#542=B_SPLINE_CURVE_WITH_KNOTS('',3,(#5088,#5089,#5090,#5091,#5092,#5093),
 .UNSPECIFIED.,.F.,.F.,(4,2,4),(-0.181861823126321,-0.151766918209003,-0.130289412841237),
 .UNSPECIFIED.);
#543=B_SPLINE_CURVE_WITH_KNOTS('',3,(#5110,#5111,#5112,#5113),
 .UNSPECIFIED.,.F.,.F.,(4,4),(1.57253929394885,1.76430951936533),
 .UNSPECIFIED.);
#544=B_SPLINE_CURVE_WITH_KNOTS('',3,(#5114,#5115,#5116,#5117),
 .UNSPECIFIED.,.F.,.F.,(4,4),(-1.76430951936533,-1.57253929394885),
 .UNSPECIFIED.);
#545=B_SPLINE_CURVE_WITH_KNOTS('',3,(#5134,#5135,#5136,#5137),
 .UNSPECIFIED.,.F.,.F.,(4,4),(-0.488036809081014,-0.393461408069972),
 .UNSPECIFIED.);
#546=B_SPLINE_CURVE_WITH_KNOTS('',3,(#5138,#5139,#5140,#5141),
 .UNSPECIFIED.,.F.,.F.,(4,4),(0.393461408069972,0.488036809081014),
 .UNSPECIFIED.);
#547=B_SPLINE_CURVE_WITH_KNOTS('',3,(#5161,#5162,#5163,#5164),
 .UNSPECIFIED.,.F.,.F.,(4,4),(0.399704237744457,0.466023361332641),
 .UNSPECIFIED.);
#548=B_SPLINE_CURVE_WITH_KNOTS('',3,(#5178,#5179,#5180,#5181,#5182,#5183,
#5184,#5185,#5186,#5187),.UNSPECIFIED.,.F.,.F.,(4,2,2,2,4),(0.753179593960742,
0.777713294842447,0.851670875117891,0.92395357106986,0.978481592525766),
 .UNSPECIFIED.);
#549=B_SPLINE_CURVE_WITH_KNOTS('',3,(#5188,#5189,#5190,#5191,#5192,#5193,
#5194,#5195,#5196,#5197,#5198,#5199,#5200,#5201),.UNSPECIFIED.,.F.,.F.,
(4,2,2,2,2,2,4),(-0.668934898183323,-0.659737567713734,-0.586391769293527,
-0.50345401521832,-0.417324411320735,-0.329502679643662,-0.281979804931218),
 .UNSPECIFIED.);
#550=B_SPLINE_CURVE_WITH_KNOTS('',3,(#5348,#5349,#5350,#5351),
 .UNSPECIFIED.,.F.,.F.,(4,4),(-0.116397355175201,-1.48814816461328E-16),
 .UNSPECIFIED.);
#551=B_SPLINE_CURVE_WITH_KNOTS('',3,(#5352,#5353,#5354,#5355),
 .UNSPECIFIED.,.F.,.F.,(4,4),(1.48814816461328E-16,0.116397355175201),
 .UNSPECIFIED.);
#552=B_SPLINE_CURVE_WITH_KNOTS('',3,(#5419,#5420,#5421,#5422),
 .UNSPECIFIED.,.F.,.F.,(4,4),(0.370166311281946,0.518675989672357),
 .UNSPECIFIED.);
#553=B_SPLINE_CURVE_WITH_KNOTS('',3,(#5481,#5482,#5483,#5484,#5485,#5486),
 .UNSPECIFIED.,.F.,.F.,(4,1,1,4),(0.,0.191978607028558,0.239973258785697,
0.335962562299976),.UNSPECIFIED.);
#554=B_SPLINE_CURVE_WITH_KNOTS('',3,(#5489,#5490,#5491,#5492,#5493,#5494),
 .UNSPECIFIED.,.F.,.F.,(4,1,1,4),(-0.335962562299976,-0.239973258785697,
-0.191978607028558,0.),.UNSPECIFIED.);
#555=B_SPLINE_CURVE_WITH_KNOTS('',3,(#5526,#5527,#5528,#5529,#5530,#5531),
 .UNSPECIFIED.,.F.,.F.,(4,1,1,4),(-0.335962624939651,-0.143983982116993,
-0.0959893214113289,0.),.UNSPECIFIED.);
#556=B_SPLINE_CURVE_WITH_KNOTS('',3,(#5534,#5535,#5536,#5537,#5538,#5539),
 .UNSPECIFIED.,.F.,.F.,(4,1,1,4),(0.,0.0959893214113289,0.143983982116993,
0.335962624939651),.UNSPECIFIED.);
#557=B_SPLINE_CURVE_WITH_KNOTS('',3,(#5563,#5564,#5565,#5566),
 .UNSPECIFIED.,.F.,.F.,(4,4),(-0.269515697637071,2.85226741877578E-12),
 .UNSPECIFIED.);
#558=B_SPLINE_CURVE_WITH_KNOTS('',3,(#5567,#5568,#5569,#5570),
 .UNSPECIFIED.,.F.,.F.,(4,4),(-2.85226741877578E-12,0.269515697637071),
 .UNSPECIFIED.);
#559=B_SPLINE_CURVE_WITH_KNOTS('',3,(#5594,#5595,#5596,#5597),
 .UNSPECIFIED.,.F.,.F.,(4,4),(2.19300837436765,2.46330227607534),
 .UNSPECIFIED.);
#560=B_SPLINE_CURVE_WITH_KNOTS('',3,(#5598,#5599,#5600,#5601),
 .UNSPECIFIED.,.F.,.F.,(4,4),(-2.46330227607534,-2.19300837436765),
 .UNSPECIFIED.);
#561=B_SPLINE_CURVE_WITH_KNOTS('',3,(#5637,#5638,#5639,#5640),
 .UNSPECIFIED.,.F.,.F.,(4,4),(-0.269515697657195,6.16297582203914E-33),
 .UNSPECIFIED.);
#562=B_SPLINE_CURVE_WITH_KNOTS('',3,(#5641,#5642,#5643,#5644),
 .UNSPECIFIED.,.F.,.F.,(4,4),(-6.16297582203914E-33,0.269515697657195),
 .UNSPECIFIED.);
#563=B_SPLINE_CURVE_WITH_KNOTS('',3,(#5668,#5669,#5670,#5671),
 .UNSPECIFIED.,.F.,.F.,(4,4),(2.19300837436765,2.46330227607534),
 .UNSPECIFIED.);
#564=B_SPLINE_CURVE_WITH_KNOTS('',3,(#5672,#5673,#5674,#5675),
 .UNSPECIFIED.,.F.,.F.,(4,4),(-2.46330227607534,-2.19300837436765),
 .UNSPECIFIED.);
#565=B_SPLINE_CURVE_WITH_KNOTS('',3,(#5707,#5708,#5709,#5710,#5711,#5712),
 .UNSPECIFIED.,.F.,.F.,(4,1,1,4),(0.,0.0960155039507279,0.192031007901456,
0.336054263827548),.UNSPECIFIED.);
#566=B_SPLINE_CURVE_WITH_KNOTS('',3,(#5715,#5716,#5717,#5718,#5719,#5720),
 .UNSPECIFIED.,.F.,.F.,(4,1,1,4),(-0.336054263827548,-0.192031007901456,
-0.0960155039507279,0.),.UNSPECIFIED.);
#567=B_SPLINE_CURVE_WITH_KNOTS('',3,(#5752,#5753,#5754,#5755,#5756,#5757),
 .UNSPECIFIED.,.F.,.F.,(4,1,1,4),(-0.336054185318152,-0.24003870379868,
-0.192030963038944,0.),.UNSPECIFIED.);
#568=B_SPLINE_CURVE_WITH_KNOTS('',3,(#5760,#5761,#5762,#5763,#5764,#5765),
 .UNSPECIFIED.,.F.,.F.,(4,1,1,4),(0.,0.192030963038944,0.24003870379868,
0.336054185318152),.UNSPECIFIED.);
#569=B_SPLINE_CURVE_WITH_KNOTS('',3,(#5797,#5798,#5799,#5800,#5801),
 .UNSPECIFIED.,.F.,.F.,(4,1,4),(-0.56273136013422,-0.241170582914666,-3.79852377567964E-18),
 .UNSPECIFIED.);
#570=B_SPLINE_CURVE_WITH_KNOTS('',3,(#5842,#5843,#5844,#5845,#5846),
 .UNSPECIFIED.,.F.,.F.,(4,1,4),(0.,0.241170028698977,0.56273006696428),
 .UNSPECIFIED.);
#571=B_SPLINE_CURVE_WITH_KNOTS('',3,(#5898,#5899,#5900,#5901,#5902),
 .UNSPECIFIED.,.F.,.F.,(4,1,4),(-0.56273136017263,-0.241170582931127,0.),
 .UNSPECIFIED.);
#572=B_SPLINE_CURVE_WITH_KNOTS('',3,(#5936,#5937,#5938,#5939,#5940),
 .UNSPECIFIED.,.F.,.F.,(4,1,4),(0.,0.321560038265302,0.562730066964279),
 .UNSPECIFIED.);
#573=CYLINDRICAL_SURFACE('',#3222,0.25);
#574=CYLINDRICAL_SURFACE('',#3223,0.25);
#575=CYLINDRICAL_SURFACE('',#3224,0.25);
#576=CYLINDRICAL_SURFACE('',#3229,0.25);
#577=CYLINDRICAL_SURFACE('',#3238,0.25);
#578=CYLINDRICAL_SURFACE('',#3239,0.25);
#579=CYLINDRICAL_SURFACE('',#3241,0.25);
#580=CYLINDRICAL_SURFACE('',#3246,2.5);
#581=CYLINDRICAL_SURFACE('',#3249,2.5);
#582=CYLINDRICAL_SURFACE('',#3257,1.);
#583=CYLINDRICAL_SURFACE('',#3261,1.);
#584=CYLINDRICAL_SURFACE('',#3277,1.);
#585=CYLINDRICAL_SURFACE('',#3280,0.899999999999999);
#586=CYLINDRICAL_SURFACE('',#3289,2.5);
#587=CYLINDRICAL_SURFACE('',#3293,2.1);
#588=CYLINDRICAL_SURFACE('',#3298,2.1);
#589=CYLINDRICAL_SURFACE('',#3299,2.5);
#590=CYLINDRICAL_SURFACE('',#3306,4.);
#591=CYLINDRICAL_SURFACE('',#3314,0.5);
#592=CYLINDRICAL_SURFACE('',#3317,0.5);
#593=CYLINDRICAL_SURFACE('',#3322,3.);
#594=CYLINDRICAL_SURFACE('',#3325,3.);
#595=CYLINDRICAL_SURFACE('',#3330,6.);
#596=CYLINDRICAL_SURFACE('',#3332,6.);
#597=CYLINDRICAL_SURFACE('',#3334,6.);
#598=CYLINDRICAL_SURFACE('',#3336,6.);
#599=CYLINDRICAL_SURFACE('',#3339,0.899999999999999);
#600=CYLINDRICAL_SURFACE('',#3341,0.899999999999999);
#601=CYLINDRICAL_SURFACE('',#3373,1.3);
#602=CYLINDRICAL_SURFACE('',#3380,1.3);
#603=CYLINDRICAL_SURFACE('',#3382,1.3);
#604=CYLINDRICAL_SURFACE('',#3388,1.3);
#605=CYLINDRICAL_SURFACE('',#3394,1.3);
#606=CYLINDRICAL_SURFACE('',#3400,1.3);
#607=CYLINDRICAL_SURFACE('',#3412,1.3);
#608=CYLINDRICAL_SURFACE('',#3417,1.3);
#609=CYLINDRICAL_SURFACE('',#3418,2.5);
#610=CYLINDRICAL_SURFACE('',#3421,0.5);
#611=CYLINDRICAL_SURFACE('',#3430,0.5);
#612=CYLINDRICAL_SURFACE('',#3438,0.5);
#613=CYLINDRICAL_SURFACE('',#3443,0.5);
#614=CYLINDRICAL_SURFACE('',#3447,2.00000000000328);
#615=CYLINDRICAL_SURFACE('',#3450,2.00000000000328);
#616=CYLINDRICAL_SURFACE('',#3452,5.00000000001202);
#617=CYLINDRICAL_SURFACE('',#3455,0.5);
#618=CYLINDRICAL_SURFACE('',#3464,0.5);
#619=CYLINDRICAL_SURFACE('',#3470,0.5);
#620=CYLINDRICAL_SURFACE('',#3476,0.5);
#621=CYLINDRICAL_SURFACE('',#3484,2.00000000000982);
#622=CYLINDRICAL_SURFACE('',#3491,1.4);
#623=CYLINDRICAL_SURFACE('',#3499,1.4);
#624=CYLINDRICAL_SURFACE('',#3507,1.4);
#625=CYLINDRICAL_SURFACE('',#3515,1.4);
#626=CYLINDRICAL_SURFACE('',#3538,0.5);
#627=CYLINDRICAL_SURFACE('',#3543,0.5);
#628=CYLINDRICAL_SURFACE('',#3552,0.5);
#629=CYLINDRICAL_SURFACE('',#3557,0.5);
#630=CYLINDRICAL_SURFACE('',#3566,0.5);
#631=CYLINDRICAL_SURFACE('',#3567,0.5);
#632=CYLINDRICAL_SURFACE('',#3568,0.5);
#633=CYLINDRICAL_SURFACE('',#3569,0.5);
#634=CYLINDRICAL_SURFACE('',#3570,0.5);
#635=CYLINDRICAL_SURFACE('',#3571,0.5);
#636=CYLINDRICAL_SURFACE('',#3572,0.5);
#637=CYLINDRICAL_SURFACE('',#3573,0.5);
#638=CYLINDRICAL_SURFACE('',#3578,2.5);
#639=CYLINDRICAL_SURFACE('',#3582,2.00000000000983);
#640=CYLINDRICAL_SURFACE('',#3584,5.00000000001201);
#641=CYLINDRICAL_SURFACE('',#3592,0.5);
#642=CYLINDRICAL_SURFACE('',#3598,0.5);
#643=CYLINDRICAL_SURFACE('',#3602,0.5);
#644=CYLINDRICAL_SURFACE('',#3606,0.5);
#645=CYLINDRICAL_SURFACE('',#3611,3.);
#646=CYLINDRICAL_SURFACE('',#3612,3.);
#647=CYLINDRICAL_SURFACE('',#3615,2.5);
#648=CYLINDRICAL_SURFACE('',#3620,2.5);
#649=CYLINDRICAL_SURFACE('',#3623,5.);
#650=CYLINDRICAL_SURFACE('',#3625,5.);
#651=CYLINDRICAL_SURFACE('',#3626,5.);
#652=CYLINDRICAL_SURFACE('',#3628,5.);
#653=FACE_OUTER_BOUND('',#851,.T.);
#654=FACE_OUTER_BOUND('',#852,.T.);
#655=FACE_OUTER_BOUND('',#853,.T.);
#656=FACE_OUTER_BOUND('',#854,.T.);
#657=FACE_OUTER_BOUND('',#855,.T.);
#658=FACE_OUTER_BOUND('',#856,.T.);
#659=FACE_OUTER_BOUND('',#857,.T.);
#660=FACE_OUTER_BOUND('',#858,.T.);
#661=FACE_OUTER_BOUND('',#859,.T.);
#662=FACE_OUTER_BOUND('',#860,.T.);
#663=FACE_OUTER_BOUND('',#861,.T.);
#664=FACE_OUTER_BOUND('',#862,.T.);
#665=FACE_OUTER_BOUND('',#863,.T.);
#666=FACE_OUTER_BOUND('',#864,.T.);
#667=FACE_OUTER_BOUND('',#865,.T.);
#668=FACE_OUTER_BOUND('',#866,.T.);
#669=FACE_OUTER_BOUND('',#867,.T.);
#670=FACE_OUTER_BOUND('',#868,.T.);
#671=FACE_OUTER_BOUND('',#869,.T.);
#672=FACE_OUTER_BOUND('',#870,.T.);
#673=FACE_OUTER_BOUND('',#871,.T.);
#674=FACE_OUTER_BOUND('',#876,.T.);
#675=FACE_OUTER_BOUND('',#877,.T.);
#676=FACE_OUTER_BOUND('',#878,.T.);
#677=FACE_OUTER_BOUND('',#879,.T.);
#678=FACE_OUTER_BOUND('',#880,.T.);
#679=FACE_OUTER_BOUND('',#882,.T.);
#680=FACE_OUTER_BOUND('',#883,.T.);
#681=FACE_OUTER_BOUND('',#884,.T.);
#682=FACE_OUTER_BOUND('',#885,.T.);
#683=FACE_OUTER_BOUND('',#886,.T.);
#684=FACE_OUTER_BOUND('',#887,.T.);
#685=FACE_OUTER_BOUND('',#888,.T.);
#686=FACE_OUTER_BOUND('',#889,.T.);
#687=FACE_OUTER_BOUND('',#890,.T.);
#688=FACE_OUTER_BOUND('',#891,.T.);
#689=FACE_OUTER_BOUND('',#892,.T.);
#690=FACE_OUTER_BOUND('',#893,.T.);
#691=FACE_OUTER_BOUND('',#894,.T.);
#692=FACE_OUTER_BOUND('',#895,.T.);
#693=FACE_OUTER_BOUND('',#896,.T.);
#694=FACE_OUTER_BOUND('',#897,.T.);
#695=FACE_OUTER_BOUND('',#898,.T.);
#696=FACE_OUTER_BOUND('',#900,.T.);
#697=FACE_OUTER_BOUND('',#901,.T.);
#698=FACE_OUTER_BOUND('',#902,.T.);
#699=FACE_OUTER_BOUND('',#903,.T.);
#700=FACE_OUTER_BOUND('',#904,.T.);
#701=FACE_OUTER_BOUND('',#905,.T.);
#702=FACE_OUTER_BOUND('',#908,.T.);
#703=FACE_OUTER_BOUND('',#909,.T.);
#704=FACE_OUTER_BOUND('',#910,.T.);
#705=FACE_OUTER_BOUND('',#911,.T.);
#706=FACE_OUTER_BOUND('',#912,.T.);
#707=FACE_OUTER_BOUND('',#913,.T.);
#708=FACE_OUTER_BOUND('',#914,.T.);
#709=FACE_OUTER_BOUND('',#915,.T.);
#710=FACE_OUTER_BOUND('',#916,.T.);
#711=FACE_OUTER_BOUND('',#917,.T.);
#712=FACE_OUTER_BOUND('',#918,.T.);
#713=FACE_OUTER_BOUND('',#919,.T.);
#714=FACE_OUTER_BOUND('',#920,.T.);
#715=FACE_OUTER_BOUND('',#921,.T.);
#716=FACE_OUTER_BOUND('',#922,.T.);
#717=FACE_OUTER_BOUND('',#923,.T.);
#718=FACE_OUTER_BOUND('',#924,.T.);
#719=FACE_OUTER_BOUND('',#925,.T.);
#720=FACE_OUTER_BOUND('',#926,.T.);
#721=FACE_OUTER_BOUND('',#927,.T.);
#722=FACE_OUTER_BOUND('',#934,.T.);
#723=FACE_OUTER_BOUND('',#935,.T.);
#724=FACE_OUTER_BOUND('',#936,.T.);
#725=FACE_OUTER_BOUND('',#937,.T.);
#726=FACE_OUTER_BOUND('',#938,.T.);
#727=FACE_OUTER_BOUND('',#939,.T.);
#728=FACE_OUTER_BOUND('',#940,.T.);
#729=FACE_OUTER_BOUND('',#941,.T.);
#730=FACE_OUTER_BOUND('',#942,.T.);
#731=FACE_OUTER_BOUND('',#943,.T.);
#732=FACE_OUTER_BOUND('',#944,.T.);
#733=FACE_OUTER_BOUND('',#945,.T.);
#734=FACE_OUTER_BOUND('',#946,.T.);
#735=FACE_OUTER_BOUND('',#947,.T.);
#736=FACE_OUTER_BOUND('',#948,.T.);
#737=FACE_OUTER_BOUND('',#949,.T.);
#738=FACE_OUTER_BOUND('',#950,.T.);
#739=FACE_OUTER_BOUND('',#951,.T.);
#740=FACE_OUTER_BOUND('',#952,.T.);
#741=FACE_OUTER_BOUND('',#953,.T.);
#742=FACE_OUTER_BOUND('',#954,.T.);
#743=FACE_OUTER_BOUND('',#956,.T.);
#744=FACE_OUTER_BOUND('',#957,.T.);
#745=FACE_OUTER_BOUND('',#958,.T.);
#746=FACE_OUTER_BOUND('',#959,.T.);
#747=FACE_OUTER_BOUND('',#960,.T.);
#748=FACE_OUTER_BOUND('',#961,.T.);
#749=FACE_OUTER_BOUND('',#962,.T.);
#750=FACE_OUTER_BOUND('',#963,.T.);
#751=FACE_OUTER_BOUND('',#964,.T.);
#752=FACE_OUTER_BOUND('',#965,.T.);
#753=FACE_OUTER_BOUND('',#966,.T.);
#754=FACE_OUTER_BOUND('',#967,.T.);
#755=FACE_OUTER_BOUND('',#968,.T.);
#756=FACE_OUTER_BOUND('',#969,.T.);
#757=FACE_OUTER_BOUND('',#970,.T.);
#758=FACE_OUTER_BOUND('',#971,.T.);
#759=FACE_OUTER_BOUND('',#972,.T.);
#760=FACE_OUTER_BOUND('',#973,.T.);
#761=FACE_OUTER_BOUND('',#974,.T.);
#762=FACE_OUTER_BOUND('',#975,.T.);
#763=FACE_OUTER_BOUND('',#976,.T.);
#764=FACE_OUTER_BOUND('',#977,.T.);
#765=FACE_OUTER_BOUND('',#978,.T.);
#766=FACE_OUTER_BOUND('',#979,.T.);
#767=FACE_OUTER_BOUND('',#980,.T.);
#768=FACE_OUTER_BOUND('',#981,.T.);
#769=FACE_OUTER_BOUND('',#982,.T.);
#770=FACE_OUTER_BOUND('',#983,.T.);
#771=FACE_OUTER_BOUND('',#984,.T.);
#772=FACE_OUTER_BOUND('',#985,.T.);
#773=FACE_OUTER_BOUND('',#986,.T.);
#774=FACE_OUTER_BOUND('',#987,.T.);
#775=FACE_OUTER_BOUND('',#988,.T.);
#776=FACE_OUTER_BOUND('',#989,.T.);
#777=FACE_OUTER_BOUND('',#991,.T.);
#778=FACE_OUTER_BOUND('',#992,.T.);
#779=FACE_OUTER_BOUND('',#993,.T.);
#780=FACE_OUTER_BOUND('',#994,.T.);
#781=FACE_OUTER_BOUND('',#995,.T.);
#782=FACE_OUTER_BOUND('',#996,.T.);
#783=FACE_OUTER_BOUND('',#997,.T.);
#784=FACE_OUTER_BOUND('',#998,.T.);
#785=FACE_OUTER_BOUND('',#999,.T.);
#786=FACE_OUTER_BOUND('',#1000,.T.);
#787=FACE_OUTER_BOUND('',#1001,.T.);
#788=FACE_OUTER_BOUND('',#1002,.T.);
#789=FACE_OUTER_BOUND('',#1003,.T.);
#790=FACE_OUTER_BOUND('',#1004,.T.);
#791=FACE_OUTER_BOUND('',#1005,.T.);
#792=FACE_OUTER_BOUND('',#1006,.T.);
#793=FACE_OUTER_BOUND('',#1007,.T.);
#794=FACE_OUTER_BOUND('',#1008,.T.);
#795=FACE_OUTER_BOUND('',#1009,.T.);
#796=FACE_OUTER_BOUND('',#1010,.T.);
#797=FACE_OUTER_BOUND('',#1011,.T.);
#798=FACE_OUTER_BOUND('',#1012,.T.);
#799=FACE_OUTER_BOUND('',#1013,.T.);
#800=FACE_OUTER_BOUND('',#1014,.T.);
#801=FACE_OUTER_BOUND('',#1015,.T.);
#802=FACE_OUTER_BOUND('',#1016,.T.);
#803=FACE_OUTER_BOUND('',#1017,.T.);
#804=FACE_OUTER_BOUND('',#1018,.T.);
#805=FACE_OUTER_BOUND('',#1019,.T.);
#806=FACE_OUTER_BOUND('',#1020,.T.);
#807=FACE_OUTER_BOUND('',#1021,.T.);
#808=FACE_OUTER_BOUND('',#1022,.T.);
#809=FACE_OUTER_BOUND('',#1023,.T.);
#810=FACE_OUTER_BOUND('',#1024,.T.);
#811=FACE_OUTER_BOUND('',#1025,.T.);
#812=FACE_OUTER_BOUND('',#1026,.T.);
#813=FACE_OUTER_BOUND('',#1027,.T.);
#814=FACE_OUTER_BOUND('',#1028,.T.);
#815=FACE_OUTER_BOUND('',#1029,.T.);
#816=FACE_OUTER_BOUND('',#1030,.T.);
#817=FACE_OUTER_BOUND('',#1031,.T.);
#818=FACE_OUTER_BOUND('',#1032,.T.);
#819=FACE_OUTER_BOUND('',#1033,.T.);
#820=FACE_OUTER_BOUND('',#1034,.T.);
#821=FACE_OUTER_BOUND('',#1035,.T.);
#822=FACE_OUTER_BOUND('',#1036,.T.);
#823=FACE_OUTER_BOUND('',#1037,.T.);
#824=FACE_OUTER_BOUND('',#1039,.T.);
#825=FACE_OUTER_BOUND('',#1041,.T.);
#826=FACE_OUTER_BOUND('',#1043,.T.);
#827=FACE_OUTER_BOUND('',#1045,.T.);
#828=FACE_OUTER_BOUND('',#1046,.T.);
#829=FACE_OUTER_BOUND('',#1047,.T.);
#830=FACE_OUTER_BOUND('',#1048,.T.);
#831=FACE_OUTER_BOUND('',#1049,.T.);
#832=FACE_OUTER_BOUND('',#1050,.T.);
#833=FACE_OUTER_BOUND('',#1051,.T.);
#834=FACE_OUTER_BOUND('',#1052,.T.);
#835=FACE_OUTER_BOUND('',#1053,.T.);
#836=FACE_OUTER_BOUND('',#1054,.T.);
#837=FACE_OUTER_BOUND('',#1055,.T.);
#838=FACE_OUTER_BOUND('',#1056,.T.);
#839=FACE_OUTER_BOUND('',#1057,.T.);
#840=FACE_OUTER_BOUND('',#1058,.T.);
#841=FACE_OUTER_BOUND('',#1059,.T.);
#842=FACE_OUTER_BOUND('',#1060,.T.);
#843=FACE_OUTER_BOUND('',#1061,.T.);
#844=FACE_OUTER_BOUND('',#1062,.T.);
#845=FACE_OUTER_BOUND('',#1063,.T.);
#846=FACE_OUTER_BOUND('',#1064,.T.);
#847=FACE_OUTER_BOUND('',#1065,.T.);
#848=FACE_OUTER_BOUND('',#1066,.T.);
#849=FACE_OUTER_BOUND('',#1068,.T.);
#850=FACE_OUTER_BOUND('',#1069,.T.);
#851=EDGE_LOOP('',(#2058,#2059,#2060));
#852=EDGE_LOOP('',(#2061,#2062,#2063,#2064));
#853=EDGE_LOOP('',(#2065,#2066,#2067,#2068));
#854=EDGE_LOOP('',(#2069,#2070,#2071,#2072));
#855=EDGE_LOOP('',(#2073,#2074,#2075));
#856=EDGE_LOOP('',(#2076,#2077,#2078,#2079,#2080,#2081,#2082,#2083));
#857=EDGE_LOOP('',(#2084,#2085,#2086,#2087));
#858=EDGE_LOOP('',(#2088,#2089,#2090,#2091,#2092,#2093,#2094,#2095,#2096,
#2097,#2098,#2099,#2100));
#859=EDGE_LOOP('',(#2101,#2102,#2103));
#860=EDGE_LOOP('',(#2104,#2105,#2106,#2107));
#861=EDGE_LOOP('',(#2108,#2109,#2110,#2111));
#862=EDGE_LOOP('',(#2112,#2113,#2114,#2115));
#863=EDGE_LOOP('',(#2116,#2117,#2118,#2119,#2120,#2121,#2122,#2123));
#864=EDGE_LOOP('',(#2124,#2125,#2126,#2127,#2128,#2129));
#865=EDGE_LOOP('',(#2130,#2131,#2132,#2133,#2134,#2135));
#866=EDGE_LOOP('',(#2136,#2137,#2138,#2139,#2140,#2141));
#867=EDGE_LOOP('',(#2142,#2143,#2144,#2145));
#868=EDGE_LOOP('',(#2146,#2147,#2148,#2149));
#869=EDGE_LOOP('',(#2150,#2151,#2152,#2153));
#870=EDGE_LOOP('',(#2154,#2155,#2156,#2157));
#871=EDGE_LOOP('',(#2158,#2159,#2160,#2161,#2162,#2163,#2164,#2165));
#872=EDGE_LOOP('',(#2166));
#873=EDGE_LOOP('',(#2167,#2168,#2169,#2170,#2171,#2172,#2173,#2174,#2175,
#2176,#2177,#2178));
#874=EDGE_LOOP('',(#2179));
#875=EDGE_LOOP('',(#2180));
#876=EDGE_LOOP('',(#2181,#2182,#2183,#2184));
#877=EDGE_LOOP('',(#2185,#2186,#2187,#2188));
#878=EDGE_LOOP('',(#2189,#2190,#2191,#2192,#2193,#2194));
#879=EDGE_LOOP('',(#2195,#2196,#2197,#2198));
#880=EDGE_LOOP('',(#2199,#2200,#2201,#2202,#2203,#2204,#2205,#2206));
#881=EDGE_LOOP('',(#2207));
#882=EDGE_LOOP('',(#2208,#2209,#2210,#2211,#2212,#2213,#2214));
#883=EDGE_LOOP('',(#2215,#2216,#2217,#2218));
#884=EDGE_LOOP('',(#2219,#2220,#2221,#2222));
#885=EDGE_LOOP('',(#2223,#2224,#2225,#2226));
#886=EDGE_LOOP('',(#2227,#2228,#2229,#2230));
#887=EDGE_LOOP('',(#2231,#2232,#2233,#2234));
#888=EDGE_LOOP('',(#2235,#2236,#2237));
#889=EDGE_LOOP('',(#2238,#2239,#2240,#2241));
#890=EDGE_LOOP('',(#2242,#2243,#2244,#2245,#2246,#2247,#2248));
#891=EDGE_LOOP('',(#2249,#2250,#2251,#2252,#2253,#2254,#2255,#2256,#2257,
#2258));
#892=EDGE_LOOP('',(#2259,#2260,#2261,#2262));
#893=EDGE_LOOP('',(#2263,#2264,#2265,#2266));
#894=EDGE_LOOP('',(#2267,#2268,#2269,#2270,#2271,#2272,#2273,#2274));
#895=EDGE_LOOP('',(#2275,#2276,#2277,#2278));
#896=EDGE_LOOP('',(#2279,#2280,#2281,#2282,#2283));
#897=EDGE_LOOP('',(#2284,#2285,#2286,#2287,#2288,#2289));
#898=EDGE_LOOP('',(#2290,#2291,#2292,#2293));
#899=EDGE_LOOP('',(#2294));
#900=EDGE_LOOP('',(#2295,#2296,#2297,#2298,#2299));
#901=EDGE_LOOP('',(#2300));
#902=EDGE_LOOP('',(#2301,#2302,#2303,#2304));
#903=EDGE_LOOP('',(#2305,#2306,#2307,#2308,#2309,#2310,#2311,#2312));
#904=EDGE_LOOP('',(#2313,#2314,#2315,#2316));
#905=EDGE_LOOP('',(#2317,#2318,#2319,#2320,#2321,#2322,#2323,#2324,#2325,
#2326));
#906=EDGE_LOOP('',(#2327));
#907=EDGE_LOOP('',(#2328));
#908=EDGE_LOOP('',(#2329,#2330,#2331,#2332,#2333));
#909=EDGE_LOOP('',(#2334,#2335,#2336,#2337,#2338));
#910=EDGE_LOOP('',(#2339,#2340,#2341,#2342,#2343));
#911=EDGE_LOOP('',(#2344,#2345,#2346,#2347,#2348,#2349,#2350,#2351,#2352,
#2353));
#912=EDGE_LOOP('',(#2354,#2355,#2356,#2357,#2358,#2359));
#913=EDGE_LOOP('',(#2360,#2361,#2362,#2363));
#914=EDGE_LOOP('',(#2364,#2365,#2366,#2367,#2368));
#915=EDGE_LOOP('',(#2369,#2370,#2371,#2372,#2373,#2374));
#916=EDGE_LOOP('',(#2375,#2376,#2377,#2378));
#917=EDGE_LOOP('',(#2379,#2380,#2381,#2382,#2383));
#918=EDGE_LOOP('',(#2384,#2385,#2386,#2387));
#919=EDGE_LOOP('',(#2388,#2389,#2390,#2391));
#920=EDGE_LOOP('',(#2392,#2393,#2394,#2395));
#921=EDGE_LOOP('',(#2396));
#922=EDGE_LOOP('',(#2397));
#923=EDGE_LOOP('',(#2398,#2399,#2400,#2401,#2402,#2403,#2404,#2405,#2406,
#2407));
#924=EDGE_LOOP('',(#2408,#2409,#2410,#2411));
#925=EDGE_LOOP('',(#2412,#2413,#2414,#2415));
#926=EDGE_LOOP('',(#2416,#2417,#2418,#2419));
#927=EDGE_LOOP('',(#2420,#2421,#2422,#2423,#2424,#2425,#2426,#2427));
#928=EDGE_LOOP('',(#2428));
#929=EDGE_LOOP('',(#2429));
#930=EDGE_LOOP('',(#2430,#2431,#2432,#2433,#2434,#2435,#2436,#2437));
#931=EDGE_LOOP('',(#2438));
#932=EDGE_LOOP('',(#2439));
#933=EDGE_LOOP('',(#2440,#2441));
#934=EDGE_LOOP('',(#2442,#2443,#2444,#2445));
#935=EDGE_LOOP('',(#2446,#2447,#2448,#2449,#2450,#2451,#2452,#2453,#2454,
#2455));
#936=EDGE_LOOP('',(#2456,#2457,#2458,#2459));
#937=EDGE_LOOP('',(#2460,#2461,#2462,#2463));
#938=EDGE_LOOP('',(#2464,#2465,#2466,#2467));
#939=EDGE_LOOP('',(#2468,#2469,#2470,#2471));
#940=EDGE_LOOP('',(#2472,#2473,#2474,#2475));
#941=EDGE_LOOP('',(#2476,#2477,#2478,#2479));
#942=EDGE_LOOP('',(#2480,#2481,#2482,#2483));
#943=EDGE_LOOP('',(#2484,#2485,#2486,#2487));
#944=EDGE_LOOP('',(#2488,#2489,#2490,#2491));
#945=EDGE_LOOP('',(#2492,#2493,#2494,#2495));
#946=EDGE_LOOP('',(#2496,#2497,#2498,#2499));
#947=EDGE_LOOP('',(#2500,#2501,#2502,#2503));
#948=EDGE_LOOP('',(#2504,#2505,#2506,#2507));
#949=EDGE_LOOP('',(#2508,#2509,#2510,#2511));
#950=EDGE_LOOP('',(#2512,#2513,#2514,#2515));
#951=EDGE_LOOP('',(#2516,#2517,#2518,#2519));
#952=EDGE_LOOP('',(#2520,#2521,#2522,#2523));
#953=EDGE_LOOP('',(#2524,#2525,#2526,#2527));
#954=EDGE_LOOP('',(#2528,#2529,#2530,#2531,#2532,#2533,#2534,#2535,#2536,
#2537,#2538,#2539));
#955=EDGE_LOOP('',(#2540,#2541,#2542,#2543,#2544,#2545,#2546,#2547,#2548,
#2549));
#956=EDGE_LOOP('',(#2550,#2551,#2552,#2553));
#957=EDGE_LOOP('',(#2554,#2555,#2556,#2557));
#958=EDGE_LOOP('',(#2558,#2559,#2560,#2561,#2562,#2563));
#959=EDGE_LOOP('',(#2564,#2565,#2566,#2567));
#960=EDGE_LOOP('',(#2568,#2569,#2570,#2571));
#961=EDGE_LOOP('',(#2572,#2573,#2574,#2575));
#962=EDGE_LOOP('',(#2576,#2577,#2578,#2579,#2580,#2581,#2582,#2583));
#963=EDGE_LOOP('',(#2584,#2585,#2586,#2587));
#964=EDGE_LOOP('',(#2588,#2589,#2590,#2591));
#965=EDGE_LOOP('',(#2592,#2593,#2594,#2595));
#966=EDGE_LOOP('',(#2596,#2597,#2598,#2599));
#967=EDGE_LOOP('',(#2600,#2601,#2602,#2603));
#968=EDGE_LOOP('',(#2604,#2605,#2606,#2607));
#969=EDGE_LOOP('',(#2608,#2609,#2610,#2611));
#970=EDGE_LOOP('',(#2612,#2613,#2614,#2615));
#971=EDGE_LOOP('',(#2616,#2617,#2618,#2619));
#972=EDGE_LOOP('',(#2620,#2621,#2622,#2623));
#973=EDGE_LOOP('',(#2624,#2625,#2626,#2627));
#974=EDGE_LOOP('',(#2628,#2629,#2630,#2631));
#975=EDGE_LOOP('',(#2632,#2633,#2634,#2635));
#976=EDGE_LOOP('',(#2636,#2637,#2638,#2639));
#977=EDGE_LOOP('',(#2640,#2641,#2642,#2643));
#978=EDGE_LOOP('',(#2644,#2645,#2646,#2647));
#979=EDGE_LOOP('',(#2648,#2649,#2650,#2651));
#980=EDGE_LOOP('',(#2652,#2653,#2654,#2655));
#981=EDGE_LOOP('',(#2656,#2657,#2658,#2659));
#982=EDGE_LOOP('',(#2660,#2661,#2662,#2663));
#983=EDGE_LOOP('',(#2664,#2665,#2666,#2667));
#984=EDGE_LOOP('',(#2668,#2669,#2670,#2671));
#985=EDGE_LOOP('',(#2672,#2673,#2674,#2675));
#986=EDGE_LOOP('',(#2676,#2677,#2678,#2679));
#987=EDGE_LOOP('',(#2680,#2681,#2682,#2683));
#988=EDGE_LOOP('',(#2684,#2685,#2686,#2687));
#989=EDGE_LOOP('',(#2688,#2689,#2690,#2691));
#990=EDGE_LOOP('',(#2692,#2693,#2694,#2695,#2696,#2697,#2698,#2699,#2700,
#2701));
#991=EDGE_LOOP('',(#2702,#2703,#2704,#2705,#2706));
#992=EDGE_LOOP('',(#2707,#2708,#2709,#2710,#2711));
#993=EDGE_LOOP('',(#2712));
#994=EDGE_LOOP('',(#2713,#2714,#2715,#2716,#2717));
#995=EDGE_LOOP('',(#2718,#2719,#2720,#2721,#2722));
#996=EDGE_LOOP('',(#2723));
#997=EDGE_LOOP('',(#2724,#2725,#2726,#2727,#2728));
#998=EDGE_LOOP('',(#2729,#2730,#2731,#2732,#2733));
#999=EDGE_LOOP('',(#2734));
#1000=EDGE_LOOP('',(#2735,#2736,#2737,#2738,#2739));
#1001=EDGE_LOOP('',(#2740,#2741,#2742,#2743,#2744));
#1002=EDGE_LOOP('',(#2745));
#1003=EDGE_LOOP('',(#2746,#2747,#2748,#2749));
#1004=EDGE_LOOP('',(#2750,#2751,#2752,#2753));
#1005=EDGE_LOOP('',(#2754,#2755,#2756,#2757));
#1006=EDGE_LOOP('',(#2758,#2759,#2760,#2761));
#1007=EDGE_LOOP('',(#2762,#2763,#2764,#2765));
#1008=EDGE_LOOP('',(#2766,#2767,#2768,#2769));
#1009=EDGE_LOOP('',(#2770,#2771,#2772,#2773));
#1010=EDGE_LOOP('',(#2774,#2775,#2776,#2777));
#1011=EDGE_LOOP('',(#2778,#2779,#2780,#2781));
#1012=EDGE_LOOP('',(#2782,#2783,#2784));
#1013=EDGE_LOOP('',(#2785,#2786,#2787,#2788));
#1014=EDGE_LOOP('',(#2789,#2790,#2791,#2792));
#1015=EDGE_LOOP('',(#2793,#2794,#2795));
#1016=EDGE_LOOP('',(#2796,#2797,#2798,#2799));
#1017=EDGE_LOOP('',(#2800,#2801,#2802));
#1018=EDGE_LOOP('',(#2803,#2804,#2805));
#1019=EDGE_LOOP('',(#2806,#2807,#2808,#2809));
#1020=EDGE_LOOP('',(#2810,#2811,#2812,#2813));
#1021=EDGE_LOOP('',(#2814,#2815,#2816,#2817));
#1022=EDGE_LOOP('',(#2818,#2819,#2820,#2821));
#1023=EDGE_LOOP('',(#2822,#2823,#2824,#2825));
#1024=EDGE_LOOP('',(#2826,#2827,#2828,#2829));
#1025=EDGE_LOOP('',(#2830,#2831,#2832,#2833));
#1026=EDGE_LOOP('',(#2834,#2835,#2836,#2837));
#1027=EDGE_LOOP('',(#2838,#2839,#2840,#2841));
#1028=EDGE_LOOP('',(#2842,#2843,#2844,#2845));
#1029=EDGE_LOOP('',(#2846,#2847,#2848,#2849));
#1030=EDGE_LOOP('',(#2850,#2851,#2852,#2853));
#1031=EDGE_LOOP('',(#2854,#2855,#2856,#2857,#2858,#2859,#2860,#2861));
#1032=EDGE_LOOP('',(#2862,#2863,#2864,#2865));
#1033=EDGE_LOOP('',(#2866,#2867,#2868,#2869));
#1034=EDGE_LOOP('',(#2870,#2871,#2872,#2873));
#1035=EDGE_LOOP('',(#2874,#2875,#2876,#2877));
#1036=EDGE_LOOP('',(#2878,#2879,#2880,#2881,#2882,#2883,#2884,#2885));
#1037=EDGE_LOOP('',(#2886));
#1038=EDGE_LOOP('',(#2887));
#1039=EDGE_LOOP('',(#2888));
#1040=EDGE_LOOP('',(#2889));
#1041=EDGE_LOOP('',(#2890));
#1042=EDGE_LOOP('',(#2891));
#1043=EDGE_LOOP('',(#2892));
#1044=EDGE_LOOP('',(#2893));
#1045=EDGE_LOOP('',(#2894,#2895,#2896,#2897));
#1046=EDGE_LOOP('',(#2898,#2899,#2900,#2901));
#1047=EDGE_LOOP('',(#2902,#2903,#2904,#2905));
#1048=EDGE_LOOP('',(#2906,#2907,#2908,#2909));
#1049=EDGE_LOOP('',(#2910,#2911,#2912,#2913));
#1050=EDGE_LOOP('',(#2914,#2915,#2916,#2917));
#1051=EDGE_LOOP('',(#2918,#2919,#2920,#2921));
#1052=EDGE_LOOP('',(#2922,#2923,#2924,#2925));
#1053=EDGE_LOOP('',(#2926,#2927,#2928,#2929,#2930,#2931));
#1054=EDGE_LOOP('',(#2932,#2933,#2934,#2935));
#1055=EDGE_LOOP('',(#2936,#2937,#2938,#2939));
#1056=EDGE_LOOP('',(#2940,#2941,#2942,#2943));
#1057=EDGE_LOOP('',(#2944,#2945,#2946,#2947));
#1058=EDGE_LOOP('',(#2948,#2949,#2950,#2951));
#1059=EDGE_LOOP('',(#2952,#2953,#2954,#2955));
#1060=EDGE_LOOP('',(#2956,#2957,#2958,#2959));
#1061=EDGE_LOOP('',(#2960,#2961,#2962,#2963));
#1062=EDGE_LOOP('',(#2964,#2965,#2966,#2967));
#1063=EDGE_LOOP('',(#2968,#2969,#2970,#2971));
#1064=EDGE_LOOP('',(#2972,#2973,#2974,#2975));
#1065=EDGE_LOOP('',(#2976,#2977,#2978,#2979));
#1066=EDGE_LOOP('',(#2980,#2981,#2982,#2983));
#1067=EDGE_LOOP('',(#2984,#2985,#2986,#2987,#2988,#2989,#2990,#2991));
#1068=EDGE_LOOP('',(#2992,#2993,#2994,#2995));
#1069=EDGE_LOOP('',(#2996,#2997,#2998,#2999));
#1070=CIRCLE('',#3219,0.250000000000004);
#1071=CIRCLE('',#3220,0.249999999999999);
#1072=CIRCLE('',#3221,0.249999999999995);
#1073=CIRCLE('',#3225,0.25);
#1074=CIRCLE('',#3227,6.);
#1075=CIRCLE('',#3231,6.);
#1076=CIRCLE('',#3232,6.);
#1077=CIRCLE('',#3233,6.);
#1078=CIRCLE('',#3235,0.249999999999999);
#1079=CIRCLE('',#3236,0.250000000000004);
#1080=CIRCLE('',#3237,0.250000000000004);
#1081=CIRCLE('',#3240,0.25);
#1082=CIRCLE('',#3247,2.5);
#1083=CIRCLE('',#3248,2.5);
#1084=CIRCLE('',#3250,2.5);
#1085=CIRCLE('',#3251,2.5);
#1086=CIRCLE('',#3253,2.1);
#1087=CIRCLE('',#3254,2.1);
#1088=CIRCLE('',#3256,2.6);
#1089=CIRCLE('',#3258,1.);
#1090=CIRCLE('',#3259,1.);
#1091=CIRCLE('',#3262,1.);
#1092=CIRCLE('',#3263,1.);
#1093=CIRCLE('',#3265,5.);
#1094=CIRCLE('',#3266,5.);
#1095=CIRCLE('',#3267,5.);
#1096=CIRCLE('',#3268,5.);
#1097=CIRCLE('',#3269,2.6);
#1098=CIRCLE('',#3270,1.);
#1099=CIRCLE('',#3271,3.);
#1100=CIRCLE('',#3272,0.5);
#1101=CIRCLE('',#3273,0.5);
#1102=CIRCLE('',#3274,2.6);
#1103=CIRCLE('',#3275,0.899999999999999);
#1104=CIRCLE('',#3278,1.);
#1105=CIRCLE('',#3281,0.899999999999999);
#1106=CIRCLE('',#3283,3.);
#1107=CIRCLE('',#3285,2.1);
#1108=CIRCLE('',#3286,2.1);
#1109=CIRCLE('',#3287,2.6);
#1110=CIRCLE('',#3290,2.5);
#1111=CIRCLE('',#3292,3.);
#1112=CIRCLE('',#3294,2.1);
#1113=CIRCLE('',#3297,2.1);
#1114=CIRCLE('',#3300,2.5);
#1115=CIRCLE('',#3302,4.);
#1116=CIRCLE('',#3303,0.5);
#1117=CIRCLE('',#3304,4.5);
#1118=CIRCLE('',#3305,4.);
#1119=CIRCLE('',#3307,4.);
#1120=CIRCLE('',#3308,4.);
#1121=CIRCLE('',#3311,2.5);
#1122=CIRCLE('',#3312,1.5);
#1123=CIRCLE('',#3319,0.899999999999999);
#1124=CIRCLE('',#3320,0.899999999999999);
#1125=CIRCLE('',#3321,3.);
#1126=CIRCLE('',#3324,3.);
#1127=CIRCLE('',#3326,3.);
#1128=CIRCLE('',#3331,6.);
#1129=CIRCLE('',#3333,6.);
#1130=CIRCLE('',#3335,6.);
#1131=CIRCLE('',#3337,6.);
#1132=CIRCLE('',#3340,0.899999999999999);
#1133=CIRCLE('',#3342,0.899999999999999);
#1134=CIRCLE('',#3347,0.5);
#1135=CIRCLE('',#3348,4.14612854756438);
#1136=CIRCLE('',#3349,0.499999999999996);
#1137=CIRCLE('',#3350,4.50514196746294);
#1138=CIRCLE('',#3352,4.5);
#1139=CIRCLE('',#3353,6.);
#1140=CIRCLE('',#3354,4.5);
#1141=CIRCLE('',#3356,2.5);
#1142=CIRCLE('',#3357,2.5);
#1143=CIRCLE('',#3358,2.5);
#1144=CIRCLE('',#3359,2.5);
#1145=CIRCLE('',#3360,2.5);
#1146=CIRCLE('',#3361,2.5);
#1147=CIRCLE('',#3362,1.);
#1148=CIRCLE('',#3363,0.999999999999996);
#1149=CIRCLE('',#3364,1.);
#1150=CIRCLE('',#3365,0.999999999999996);
#1151=CIRCLE('',#3366,2.5);
#1152=CIRCLE('',#3367,2.5);
#1153=CIRCLE('',#3369,6.3);
#1154=CIRCLE('',#3370,2.5);
#1155=CIRCLE('',#3371,2.5);
#1156=CIRCLE('',#3372,6.3);
#1157=CIRCLE('',#3374,1.3);
#1158=CIRCLE('',#3375,1.3);
#1159=CIRCLE('',#3376,1.3);
#1160=CIRCLE('',#3377,1.30000000000001);
#1161=CIRCLE('',#3378,1.3);
#1162=CIRCLE('',#3379,1.3);
#1163=CIRCLE('',#3381,1.3);
#1164=CIRCLE('',#3383,1.3);
#1165=CIRCLE('',#3384,1.3);
#1166=CIRCLE('',#3385,1.3);
#1167=CIRCLE('',#3386,1.3);
#1168=CIRCLE('',#3387,1.3);
#1169=CIRCLE('',#3389,1.3);
#1170=CIRCLE('',#3390,1.29999999999999);
#1171=CIRCLE('',#3392,1.3);
#1172=CIRCLE('',#3393,6.3);
#1173=CIRCLE('',#3395,1.3);
#1174=CIRCLE('',#3397,1.3);
#1175=CIRCLE('',#3398,6.3);
#1176=CIRCLE('',#3399,1.3);
#1177=CIRCLE('',#3401,1.29999999999999);
#1178=CIRCLE('',#3403,5.50000000001202);
#1179=CIRCLE('',#3404,2.50000000000328);
#1180=CIRCLE('',#3405,2.50000000000328);
#1181=CIRCLE('',#3406,5.50000000001201);
#1182=CIRCLE('',#3407,2.50000000000983);
#1183=CIRCLE('',#3408,2.50000000000983);
#1184=CIRCLE('',#3409,1.3);
#1185=CIRCLE('',#3411,1.3);
#1186=CIRCLE('',#3413,1.3);
#1187=CIRCLE('',#3415,1.3);
#1188=CIRCLE('',#3416,1.3);
#1189=CIRCLE('',#3419,2.5);
#1190=CIRCLE('',#3420,2.5);
#1191=CIRCLE('',#3422,0.5);
#1192=CIRCLE('',#3423,0.5);
#1193=CIRCLE('',#3425,0.499999999999997);
#1194=CIRCLE('',#3426,5.00000000001202);
#1195=CIRCLE('',#3428,0.499999999999998);
#1196=CIRCLE('',#3429,2.00000000000328);
#1197=CIRCLE('',#3431,0.499999999999998);
#1198=CIRCLE('',#3433,0.499999999999998);
#1199=CIRCLE('',#3434,2.00000000000328);
#1200=CIRCLE('',#3436,0.500000000000002);
#1201=CIRCLE('',#3437,5.00000000001201);
#1202=CIRCLE('',#3439,0.499999999999999);
#1203=CIRCLE('',#3441,0.499999999999998);
#1204=CIRCLE('',#3442,2.00000000000983);
#1205=CIRCLE('',#3444,0.499999999999998);
#1206=CIRCLE('',#3446,2.00000000000983);
#1207=CIRCLE('',#3448,2.00000000000328);
#1208=CIRCLE('',#3451,2.00000000000328);
#1209=CIRCLE('',#3453,5.00000000001202);
#1210=CIRCLE('',#3456,0.5);
#1211=CIRCLE('',#3457,0.499999999999998);
#1212=CIRCLE('',#3459,0.499999999999998);
#1213=CIRCLE('',#3460,2.50000000000328);
#1214=CIRCLE('',#3462,0.500000000000003);
#1215=CIRCLE('',#3463,5.50000000001202);
#1216=CIRCLE('',#3465,0.499999999999999);
#1217=CIRCLE('',#3467,0.499999999999998);
#1218=CIRCLE('',#3468,2.50000000000983);
#1219=CIRCLE('',#3469,2.00000000000983);
#1220=CIRCLE('',#3471,0.499999999999998);
#1221=CIRCLE('',#3473,0.500000000000002);
#1222=CIRCLE('',#3474,2.50000000000983);
#1223=CIRCLE('',#3475,2.00000000000983);
#1224=CIRCLE('',#3477,0.5);
#1225=CIRCLE('',#3479,0.499999999999995);
#1226=CIRCLE('',#3480,5.50000000001201);
#1227=CIRCLE('',#3481,5.00000000001201);
#1228=CIRCLE('',#3483,2.50000000000328);
#1229=CIRCLE('',#3487,0.899999999999999);
#1230=CIRCLE('',#3488,0.5);
#1231=CIRCLE('',#3489,1.4);
#1232=CIRCLE('',#3490,1.4);
#1233=CIRCLE('',#3492,1.4);
#1234=CIRCLE('',#3495,0.899999999999999);
#1235=CIRCLE('',#3496,0.5);
#1236=CIRCLE('',#3497,1.4);
#1237=CIRCLE('',#3498,1.4);
#1238=CIRCLE('',#3500,1.4);
#1239=CIRCLE('',#3503,0.899999999999999);
#1240=CIRCLE('',#3504,0.5);
#1241=CIRCLE('',#3505,1.4);
#1242=CIRCLE('',#3506,1.4);
#1243=CIRCLE('',#3508,1.4);
#1244=CIRCLE('',#3511,0.899999999999999);
#1245=CIRCLE('',#3512,0.5);
#1246=CIRCLE('',#3513,1.4);
#1247=CIRCLE('',#3514,1.4);
#1248=CIRCLE('',#3516,1.4);
#1249=CIRCLE('',#3519,2.);
#1250=CIRCLE('',#3520,0.5);
#1251=CIRCLE('',#3522,2.);
#1252=CIRCLE('',#3523,0.5);
#1253=CIRCLE('',#3525,2.);
#1254=CIRCLE('',#3526,0.5);
#1255=CIRCLE('',#3528,2.);
#1256=CIRCLE('',#3529,0.5);
#1257=CIRCLE('',#3531,0.499999999999998);
#1258=CIRCLE('',#3532,0.5);
#1259=CIRCLE('',#3533,0.5);
#1260=CIRCLE('',#3535,0.5);
#1261=CIRCLE('',#3536,0.499999999999998);
#1262=CIRCLE('',#3537,0.5);
#1263=CIRCLE('',#3540,0.499999999999998);
#1264=CIRCLE('',#3541,0.5);
#1265=CIRCLE('',#3542,0.5);
#1266=CIRCLE('',#3545,0.499999999999998);
#1267=CIRCLE('',#3546,0.5);
#1268=CIRCLE('',#3547,0.499999999999998);
#1269=CIRCLE('',#3549,0.499999999999998);
#1270=CIRCLE('',#3550,0.5);
#1271=CIRCLE('',#3551,0.5);
#1272=CIRCLE('',#3554,0.5);
#1273=CIRCLE('',#3555,0.5);
#1274=CIRCLE('',#3556,0.500000000000003);
#1275=CIRCLE('',#3559,0.499999999999998);
#1276=CIRCLE('',#3560,0.5);
#1277=CIRCLE('',#3561,0.499999999999998);
#1278=CIRCLE('',#3563,0.5);
#1279=CIRCLE('',#3564,0.5);
#1280=CIRCLE('',#3565,0.499999999999994);
#1281=CIRCLE('',#3579,2.5);
#1282=CIRCLE('',#3580,2.5);
#1283=CIRCLE('',#3586,2.5);
#1284=CIRCLE('',#3587,2.5);
#1285=CIRCLE('',#3593,0.500000000000004);
#1286=CIRCLE('',#3594,0.5);
#1287=CIRCLE('',#3596,0.5);
#1288=CIRCLE('',#3597,3.);
#1289=CIRCLE('',#3599,0.5);
#1290=CIRCLE('',#3601,0.5);
#1291=CIRCLE('',#3603,0.5);
#1292=CIRCLE('',#3605,0.5);
#1293=CIRCLE('',#3607,0.5);
#1294=CIRCLE('',#3609,3.);
#1295=CIRCLE('',#3613,2.5);
#1296=CIRCLE('',#3614,5.);
#1297=CIRCLE('',#3616,2.5);
#1298=CIRCLE('',#3617,5.);
#1299=CIRCLE('',#3618,2.5);
#1300=CIRCLE('',#3619,5.);
#1301=CIRCLE('',#3621,2.5);
#1302=CIRCLE('',#3622,5.);
#1303=VERTEX_POINT('',#4645);
#1304=VERTEX_POINT('',#4646);
#1305=VERTEX_POINT('',#4648);
#1306=VERTEX_POINT('',#4652);
#1307=VERTEX_POINT('',#4653);
#1308=VERTEX_POINT('',#4663);
#1309=VERTEX_POINT('',#4664);
#1310=VERTEX_POINT('',#4672);
#1311=VERTEX_POINT('',#4673);
#1312=VERTEX_POINT('',#4680);
#1313=VERTEX_POINT('',#4682);
#1314=VERTEX_POINT('',#4684);
#1315=VERTEX_POINT('',#4686);
#1316=VERTEX_POINT('',#4688);
#1317=VERTEX_POINT('',#4692);
#1318=VERTEX_POINT('',#4693);
#1319=VERTEX_POINT('',#4698);
#1320=VERTEX_POINT('',#4700);
#1321=VERTEX_POINT('',#4709);
#1322=VERTEX_POINT('',#4711);
#1323=VERTEX_POINT('',#4713);
#1324=VERTEX_POINT('',#4715);
#1325=VERTEX_POINT('',#4717);
#1326=VERTEX_POINT('',#4719);
#1327=VERTEX_POINT('',#4721);
#1328=VERTEX_POINT('',#4723);
#1329=VERTEX_POINT('',#4725);
#1330=VERTEX_POINT('',#4727);
#1331=VERTEX_POINT('',#4729);
#1332=VERTEX_POINT('',#4733);
#1333=VERTEX_POINT('',#4745);
#1334=VERTEX_POINT('',#4749);
#1335=VERTEX_POINT('',#4758);
#1336=VERTEX_POINT('',#4759);
#1337=VERTEX_POINT('',#4761);
#1338=VERTEX_POINT('',#4763);
#1339=VERTEX_POINT('',#4765);
#1340=VERTEX_POINT('',#4767);
#1341=VERTEX_POINT('',#4769);
#1342=VERTEX_POINT('',#4774);
#1343=VERTEX_POINT('',#4778);
#1344=VERTEX_POINT('',#4780);
#1345=VERTEX_POINT('',#4782);
#1346=VERTEX_POINT('',#4797);
#1347=VERTEX_POINT('',#4799);
#1348=VERTEX_POINT('',#4801);
#1349=VERTEX_POINT('',#4823);
#1350=VERTEX_POINT('',#4825);
#1351=VERTEX_POINT('',#4829);
#1352=VERTEX_POINT('',#4831);
#1353=VERTEX_POINT('',#4835);
#1354=VERTEX_POINT('',#4836);
#1355=VERTEX_POINT('',#4838);
#1356=VERTEX_POINT('',#4840);
#1357=VERTEX_POINT('',#4844);
#1358=VERTEX_POINT('',#4846);
#1359=VERTEX_POINT('',#4850);
#1360=VERTEX_POINT('',#4852);
#1361=VERTEX_POINT('',#4856);
#1362=VERTEX_POINT('',#4857);
#1363=VERTEX_POINT('',#4859);
#1364=VERTEX_POINT('',#4861);
#1365=VERTEX_POINT('',#4863);
#1366=VERTEX_POINT('',#4865);
#1367=VERTEX_POINT('',#4867);
#1368=VERTEX_POINT('',#4869);
#1369=VERTEX_POINT('',#4872);
#1370=VERTEX_POINT('',#4874);
#1371=VERTEX_POINT('',#4876);
#1372=VERTEX_POINT('',#4878);
#1373=VERTEX_POINT('',#4880);
#1374=VERTEX_POINT('',#4882);
#1375=VERTEX_POINT('',#4884);
#1376=VERTEX_POINT('',#4886);
#1377=VERTEX_POINT('',#4888);
#1378=VERTEX_POINT('',#4891);
#1379=VERTEX_POINT('',#4893);
#1380=VERTEX_POINT('',#4896);
#1381=VERTEX_POINT('',#4900);
#1382=VERTEX_POINT('',#4904);
#1383=VERTEX_POINT('',#4906);
#1384=VERTEX_POINT('',#4908);
#1385=VERTEX_POINT('',#4912);
#1386=VERTEX_POINT('',#4916);
#1387=VERTEX_POINT('',#4920);
#1388=VERTEX_POINT('',#4924);
#1389=VERTEX_POINT('',#4926);
#1390=VERTEX_POINT('',#4928);
#1391=VERTEX_POINT('',#4930);
#1392=VERTEX_POINT('',#5005);
#1393=VERTEX_POINT('',#5041);
#1394=VERTEX_POINT('',#5042);
#1395=VERTEX_POINT('',#5076);
#1396=VERTEX_POINT('',#5077);
#1397=VERTEX_POINT('',#5079);
#1398=VERTEX_POINT('',#5086);
#1399=VERTEX_POINT('',#5143);
#1400=VERTEX_POINT('',#5147);
#1401=VERTEX_POINT('',#5159);
#1402=VERTEX_POINT('',#5166);
#1403=VERTEX_POINT('',#5172);
#1404=VERTEX_POINT('',#5177);
#1405=VERTEX_POINT('',#5205);
#1406=VERTEX_POINT('',#5206);
#1407=VERTEX_POINT('',#5208);
#1408=VERTEX_POINT('',#5213);
#1409=VERTEX_POINT('',#5214);
#1410=VERTEX_POINT('',#5219);
#1411=VERTEX_POINT('',#5220);
#1412=VERTEX_POINT('',#5225);
#1413=VERTEX_POINT('',#5230);
#1414=VERTEX_POINT('',#5231);
#1415=VERTEX_POINT('',#5236);
#1416=VERTEX_POINT('',#5238);
#1417=VERTEX_POINT('',#5240);
#1418=VERTEX_POINT('',#5248);
#1419=VERTEX_POINT('',#5251);
#1420=VERTEX_POINT('',#5253);
#1421=VERTEX_POINT('',#5269);
#1422=VERTEX_POINT('',#5276);
#1423=VERTEX_POINT('',#5278);
#1424=VERTEX_POINT('',#5282);
#1425=VERTEX_POINT('',#5286);
#1426=VERTEX_POINT('',#5290);
#1427=VERTEX_POINT('',#5294);
#1428=VERTEX_POINT('',#5300);
#1429=VERTEX_POINT('',#5304);
#1430=VERTEX_POINT('',#5312);
#1431=VERTEX_POINT('',#5313);
#1432=VERTEX_POINT('',#5315);
#1433=VERTEX_POINT('',#5317);
#1434=VERTEX_POINT('',#5357);
#1435=VERTEX_POINT('',#5359);
#1436=VERTEX_POINT('',#5363);
#1437=VERTEX_POINT('',#5364);
#1438=VERTEX_POINT('',#5366);
#1439=VERTEX_POINT('',#5368);
#1440=VERTEX_POINT('',#5370);
#1441=VERTEX_POINT('',#5372);
#1442=VERTEX_POINT('',#5374);
#1443=VERTEX_POINT('',#5376);
#1444=VERTEX_POINT('',#5379);
#1445=VERTEX_POINT('',#5381);
#1446=VERTEX_POINT('',#5383);
#1447=VERTEX_POINT('',#5384);
#1448=VERTEX_POINT('',#5386);
#1449=VERTEX_POINT('',#5388);
#1450=VERTEX_POINT('',#5390);
#1451=VERTEX_POINT('',#5392);
#1452=VERTEX_POINT('',#5394);
#1453=VERTEX_POINT('',#5396);
#1454=VERTEX_POINT('',#5399);
#1455=VERTEX_POINT('',#5401);
#1456=VERTEX_POINT('',#5424);
#1457=VERTEX_POINT('',#5426);
#1458=VERTEX_POINT('',#5428);
#1459=VERTEX_POINT('',#5430);
#1460=VERTEX_POINT('',#5432);
#1461=VERTEX_POINT('',#5434);
#1462=VERTEX_POINT('',#5436);
#1463=VERTEX_POINT('',#5438);
#1464=VERTEX_POINT('',#5442);
#1465=VERTEX_POINT('',#5443);
#1466=VERTEX_POINT('',#5445);
#1467=VERTEX_POINT('',#5447);
#1468=VERTEX_POINT('',#5480);
#1469=VERTEX_POINT('',#5487);
#1470=VERTEX_POINT('',#5525);
#1471=VERTEX_POINT('',#5532);
#1472=VERTEX_POINT('',#5560);
#1473=VERTEX_POINT('',#5561);
#1474=VERTEX_POINT('',#5591);
#1475=VERTEX_POINT('',#5592);
#1476=VERTEX_POINT('',#5603);
#1477=VERTEX_POINT('',#5604);
#1478=VERTEX_POINT('',#5609);
#1479=VERTEX_POINT('',#5610);
#1480=VERTEX_POINT('',#5634);
#1481=VERTEX_POINT('',#5635);
#1482=VERTEX_POINT('',#5665);
#1483=VERTEX_POINT('',#5666);
#1484=VERTEX_POINT('',#5706);
#1485=VERTEX_POINT('',#5713);
#1486=VERTEX_POINT('',#5751);
#1487=VERTEX_POINT('',#5758);
#1488=VERTEX_POINT('',#5794);
#1489=VERTEX_POINT('',#5796);
#1490=VERTEX_POINT('',#5804);
#1491=VERTEX_POINT('',#5808);
#1492=VERTEX_POINT('',#5812);
#1493=VERTEX_POINT('',#5840);
#1494=VERTEX_POINT('',#5848);
#1495=VERTEX_POINT('',#5852);
#1496=VERTEX_POINT('',#5853);
#1497=VERTEX_POINT('',#5855);
#1498=VERTEX_POINT('',#5857);
#1499=VERTEX_POINT('',#5859);
#1500=VERTEX_POINT('',#5861);
#1501=VERTEX_POINT('',#5863);
#1502=VERTEX_POINT('',#5865);
#1503=VERTEX_POINT('',#5867);
#1504=VERTEX_POINT('',#5869);
#1505=VERTEX_POINT('',#5934);
#1506=VERTEX_POINT('',#5944);
#1507=VERTEX_POINT('',#5946);
#1508=VERTEX_POINT('',#5948);
#1509=VERTEX_POINT('',#5952);
#1510=VERTEX_POINT('',#5954);
#1511=VERTEX_POINT('',#5958);
#1512=VERTEX_POINT('',#5962);
#1513=VERTEX_POINT('',#5966);
#1514=VERTEX_POINT('',#5970);
#1515=VERTEX_POINT('',#5974);
#1516=VERTEX_POINT('',#5978);
#1517=VERTEX_POINT('',#5982);
#1518=VERTEX_POINT('',#5986);
#1519=VERTEX_POINT('',#5992);
#1520=VERTEX_POINT('',#5994);
#1521=VERTEX_POINT('',#5998);
#1522=VERTEX_POINT('',#6002);
#1523=VERTEX_POINT('',#6006);
#1524=VERTEX_POINT('',#6010);
#1525=VERTEX_POINT('',#6014);
#1526=VERTEX_POINT('',#6016);
#1527=VERTEX_POINT('',#6020);
#1528=VERTEX_POINT('',#6024);
#1529=VERTEX_POINT('',#6028);
#1530=VERTEX_POINT('',#6032);
#1531=VERTEX_POINT('',#6033);
#1532=VERTEX_POINT('',#6038);
#1533=VERTEX_POINT('',#6039);
#1534=VERTEX_POINT('',#6044);
#1535=VERTEX_POINT('',#6045);
#1536=VERTEX_POINT('',#6050);
#1537=VERTEX_POINT('',#6051);
#1538=VERTEX_POINT('',#6056);
#1539=VERTEX_POINT('',#6065);
#1540=VERTEX_POINT('',#6066);
#1541=VERTEX_POINT('',#6068);
#1542=VERTEX_POINT('',#6070);
#1543=VERTEX_POINT('',#6074);
#1544=VERTEX_POINT('',#6076);
#1545=VERTEX_POINT('',#6078);
#1546=VERTEX_POINT('',#6082);
#1547=VERTEX_POINT('',#6087);
#1548=VERTEX_POINT('',#6089);
#1549=VERTEX_POINT('',#6091);
#1550=VERTEX_POINT('',#6095);
#1551=VERTEX_POINT('',#6100);
#1552=VERTEX_POINT('',#6102);
#1553=VERTEX_POINT('',#6104);
#1554=VERTEX_POINT('',#6108);
#1555=VERTEX_POINT('',#6113);
#1556=VERTEX_POINT('',#6115);
#1557=VERTEX_POINT('',#6117);
#1558=VERTEX_POINT('',#6121);
#1559=VERTEX_POINT('',#6126);
#1560=VERTEX_POINT('',#6130);
#1561=VERTEX_POINT('',#6134);
#1562=VERTEX_POINT('',#6138);
#1563=VERTEX_POINT('',#6142);
#1564=VERTEX_POINT('',#6144);
#1565=VERTEX_POINT('',#6148);
#1566=VERTEX_POINT('',#6150);
#1567=VERTEX_POINT('',#6156);
#1568=VERTEX_POINT('',#6157);
#1569=VERTEX_POINT('',#6164);
#1570=VERTEX_POINT('',#6165);
#1571=VERTEX_POINT('',#6170);
#1572=VERTEX_POINT('',#6172);
#1573=VERTEX_POINT('',#6178);
#1574=VERTEX_POINT('',#6179);
#1575=VERTEX_POINT('',#6186);
#1576=VERTEX_POINT('',#6187);
#1577=VERTEX_POINT('',#6192);
#1578=VERTEX_POINT('',#6194);
#1579=VERTEX_POINT('',#6223);
#1580=VERTEX_POINT('',#6234);
#1581=VERTEX_POINT('',#6236);
#1582=VERTEX_POINT('',#6258);
#1583=VERTEX_POINT('',#6276);
#1584=VERTEX_POINT('',#6280);
#1585=VERTEX_POINT('',#6302);
#1586=VERTEX_POINT('',#6306);
#1587=EDGE_CURVE('',#1303,#1304,#1070,.F.);
#1588=EDGE_CURVE('',#1305,#1303,#1071,.F.);
#1589=EDGE_CURVE('',#1304,#1305,#1072,.F.);
#1590=EDGE_CURVE('',#1306,#1307,#529,.T.);
#1591=EDGE_CURVE('',#1307,#1305,#155,.T.);
#1592=EDGE_CURVE('',#1303,#1306,#156,.T.);
#1593=EDGE_CURVE('',#1308,#1309,#530,.T.);
#1594=EDGE_CURVE('',#1309,#1304,#157,.T.);
#1595=EDGE_CURVE('',#1305,#1308,#158,.T.);
#1596=EDGE_CURVE('',#1310,#1311,#1073,.T.);
#1597=EDGE_CURVE('',#1311,#1303,#159,.T.);
#1598=EDGE_CURVE('',#1304,#1310,#160,.T.);
#1599=EDGE_CURVE('',#1307,#1308,#1074,.T.);
#1600=EDGE_CURVE('',#1306,#1312,#161,.T.);
#1601=EDGE_CURVE('',#1313,#1311,#162,.T.);
#1602=EDGE_CURVE('',#1314,#1313,#163,.T.);
#1603=EDGE_CURVE('',#1315,#1314,#164,.T.);
#1604=EDGE_CURVE('',#1316,#1315,#165,.T.);
#1605=EDGE_CURVE('',#1312,#1316,#166,.T.);
#1606=EDGE_CURVE('',#1317,#1318,#531,.T.);
#1607=EDGE_CURVE('',#1318,#1319,#167,.T.);
#1608=EDGE_CURVE('',#1319,#1320,#532,.T.);
#1609=EDGE_CURVE('',#1320,#1317,#168,.T.);
#1610=EDGE_CURVE('',#1319,#1321,#169,.T.);
#1611=EDGE_CURVE('',#1318,#1322,#1075,.T.);
#1612=EDGE_CURVE('',#1323,#1322,#170,.T.);
#1613=EDGE_CURVE('',#1324,#1323,#1076,.T.);
#1614=EDGE_CURVE('',#1324,#1325,#171,.T.);
#1615=EDGE_CURVE('',#1326,#1325,#1077,.T.);
#1616=EDGE_CURVE('',#1327,#1326,#172,.T.);
#1617=EDGE_CURVE('',#1328,#1327,#173,.T.);
#1618=EDGE_CURVE('',#1329,#1328,#174,.T.);
#1619=EDGE_CURVE('',#1329,#1330,#175,.T.);
#1620=EDGE_CURVE('',#1330,#1331,#176,.T.);
#1621=EDGE_CURVE('',#1331,#1321,#177,.T.);
#1622=EDGE_CURVE('',#1327,#1332,#1078,.F.);
#1623=EDGE_CURVE('',#1314,#1327,#1079,.F.);
#1624=EDGE_CURVE('',#1332,#1314,#1080,.F.);
#1625=EDGE_CURVE('',#1326,#1315,#533,.T.);
#1626=EDGE_CURVE('',#1313,#1333,#1081,.T.);
#1627=EDGE_CURVE('',#1333,#1332,#178,.T.);
#1628=EDGE_CURVE('',#1334,#1328,#534,.T.);
#1629=EDGE_CURVE('',#1332,#1334,#179,.T.);
#1630=EDGE_CURVE('',#1335,#1336,#180,.T.);
#1631=EDGE_CURVE('',#1336,#1337,#181,.T.);
#1632=EDGE_CURVE('',#1338,#1337,#101,.T.);
#1633=EDGE_CURVE('',#1338,#1339,#182,.T.);
#1634=EDGE_CURVE('',#1340,#1339,#102,.T.);
#1635=EDGE_CURVE('',#1340,#1341,#535,.F.);
#1636=EDGE_CURVE('',#1341,#1342,#103,.F.);
#1637=EDGE_CURVE('',#1342,#1335,#183,.T.);
#1638=EDGE_CURVE('',#1334,#1343,#1082,.T.);
#1639=EDGE_CURVE('',#1343,#1344,#184,.T.);
#1640=EDGE_CURVE('',#1344,#1345,#536,.T.);
#1641=EDGE_CURVE('',#1345,#1329,#1083,.T.);
#1642=EDGE_CURVE('',#1346,#1320,#1084,.T.);
#1643=EDGE_CURVE('',#1347,#1321,#1085,.T.);
#1644=EDGE_CURVE('',#1348,#1347,#537,.T.);
#1645=EDGE_CURVE('',#1348,#1346,#185,.T.);
#1646=EDGE_CURVE('',#1343,#1335,#186,.T.);
#1647=EDGE_CURVE('',#1349,#1342,#187,.T.);
#1648=EDGE_CURVE('',#1349,#1350,#1086,.T.);
#1649=EDGE_CURVE('',#1350,#1344,#1087,.T.);
#1650=EDGE_CURVE('',#1351,#1346,#188,.T.);
#1651=EDGE_CURVE('',#1352,#1348,#1088,.T.);
#1652=EDGE_CURVE('',#1351,#1352,#189,.T.);
#1653=EDGE_CURVE('',#1353,#1354,#1089,.T.);
#1654=EDGE_CURVE('',#1354,#1355,#190,.T.);
#1655=EDGE_CURVE('',#1355,#1356,#1090,.T.);
#1656=EDGE_CURVE('',#1356,#1353,#191,.T.);
#1657=EDGE_CURVE('',#1357,#1354,#192,.T.);
#1658=EDGE_CURVE('',#1358,#1357,#193,.T.);
#1659=EDGE_CURVE('',#1358,#1355,#194,.T.);
#1660=EDGE_CURVE('',#1357,#1359,#1091,.T.);
#1661=EDGE_CURVE('',#1359,#1360,#195,.T.);
#1662=EDGE_CURVE('',#1360,#1358,#1092,.T.);
#1663=EDGE_CURVE('',#1361,#1362,#1093,.T.);
#1664=EDGE_CURVE('',#1361,#1363,#196,.T.);
#1665=EDGE_CURVE('',#1364,#1363,#1094,.T.);
#1666=EDGE_CURVE('',#1364,#1365,#197,.T.);
#1667=EDGE_CURVE('',#1366,#1365,#1095,.T.);
#1668=EDGE_CURVE('',#1366,#1367,#198,.T.);
#1669=EDGE_CURVE('',#1368,#1367,#1096,.T.);
#1670=EDGE_CURVE('',#1368,#1362,#199,.T.);
#1671=EDGE_CURVE('',#1369,#1369,#1097,.T.);
#1672=EDGE_CURVE('',#1370,#1360,#200,.T.);
#1673=EDGE_CURVE('',#1371,#1370,#1098,.T.);
#1674=EDGE_CURVE('',#1371,#1372,#201,.T.);
#1675=EDGE_CURVE('',#1372,#1373,#1099,.T.);
#1676=EDGE_CURVE('',#1373,#1374,#202,.T.);
#1677=EDGE_CURVE('',#1375,#1374,#1100,.T.);
#1678=EDGE_CURVE('',#1375,#1376,#203,.T.);
#1679=EDGE_CURVE('',#1377,#1376,#1101,.T.);
#1680=EDGE_CURVE('',#1377,#1356,#204,.T.);
#1681=EDGE_CURVE('',#1378,#1378,#1102,.T.);
#1682=EDGE_CURVE('',#1379,#1379,#1103,.T.);
#1683=EDGE_CURVE('',#1380,#1359,#205,.T.);
#1684=EDGE_CURVE('',#1370,#1380,#206,.T.);
#1685=EDGE_CURVE('',#1380,#1381,#1104,.T.);
#1686=EDGE_CURVE('',#1381,#1371,#207,.T.);
#1687=EDGE_CURVE('',#1381,#1382,#208,.T.);
#1688=EDGE_CURVE('',#1382,#1383,#209,.T.);
#1689=EDGE_CURVE('',#1383,#1384,#210,.T.);
#1690=EDGE_CURVE('',#1384,#1372,#211,.T.);
#1691=EDGE_CURVE('',#1385,#1385,#1105,.T.);
#1692=EDGE_CURVE('',#1385,#1379,#212,.T.);
#1693=EDGE_CURVE('',#1386,#1353,#213,.T.);
#1694=EDGE_CURVE('',#1382,#1386,#1106,.T.);
#1695=EDGE_CURVE('',#1387,#1352,#76,.T.);
#1696=EDGE_CURVE('',#1348,#1388,#214,.T.);
#1697=EDGE_CURVE('',#1388,#1389,#1107,.T.);
#1698=EDGE_CURVE('',#1389,#1390,#1108,.T.);
#1699=EDGE_CURVE('',#1390,#1391,#215,.T.);
#1700=EDGE_CURVE('',#1391,#1387,#1109,.T.);
#1701=EDGE_CURVE('',#1347,#1392,#216,.T.);
#1702=EDGE_CURVE('',#1392,#1388,#538,.T.);
#1703=EDGE_CURVE('',#1393,#1394,#217,.T.);
#1704=EDGE_CURVE('',#1394,#1391,#539,.T.);
#1705=EDGE_CURVE('',#1390,#1393,#540,.T.);
#1706=EDGE_CURVE('',#1395,#1396,#218,.T.);
#1707=EDGE_CURVE('',#1396,#1397,#541,.T.);
#1708=EDGE_CURVE('',#1397,#1398,#219,.T.);
#1709=EDGE_CURVE('',#1398,#1395,#542,.T.);
#1710=EDGE_CURVE('',#1397,#1394,#543,.T.);
#1711=EDGE_CURVE('',#1393,#1398,#544,.T.);
#1712=EDGE_CURVE('',#1347,#1396,#545,.T.);
#1713=EDGE_CURVE('',#1395,#1392,#546,.T.);
#1714=EDGE_CURVE('',#1399,#1391,#220,.T.);
#1715=EDGE_CURVE('',#1387,#1399,#221,.T.);
#1716=EDGE_CURVE('',#1394,#1400,#1110,.T.);
#1717=EDGE_CURVE('',#1400,#1399,#104,.T.);
#1718=EDGE_CURVE('',#1321,#1401,#1111,.T.);
#1719=EDGE_CURVE('',#1401,#1400,#547,.T.);
#1720=EDGE_CURVE('',#1402,#1402,#1112,.T.);
#1721=EDGE_CURVE('',#1402,#1389,#222,.T.);
#1722=EDGE_CURVE('',#1369,#1402,#223,.T.);
#1723=EDGE_CURVE('',#1378,#1403,#224,.T.);
#1724=EDGE_CURVE('',#1403,#1403,#1113,.T.);
#1725=EDGE_CURVE('',#1403,#1350,#225,.T.);
#1726=EDGE_CURVE('',#1404,#1349,#548,.T.);
#1727=EDGE_CURVE('',#1345,#1404,#549,.T.);
#1728=EDGE_CURVE('',#1404,#1341,#1114,.T.);
#1729=EDGE_CURVE('',#1405,#1406,#1115,.T.);
#1730=EDGE_CURVE('',#1406,#1407,#1116,.T.);
#1731=EDGE_CURVE('',#1407,#1407,#1117,.T.);
#1732=EDGE_CURVE('',#1406,#1405,#1118,.T.);
#1733=EDGE_CURVE('',#1408,#1409,#1119,.T.);
#1734=EDGE_CURVE('',#1408,#1405,#226,.T.);
#1735=EDGE_CURVE('',#1409,#1408,#1120,.T.);
#1736=EDGE_CURVE('',#1410,#1411,#227,.T.);
#1737=EDGE_CURVE('',#1365,#1410,#228,.T.);
#1738=EDGE_CURVE('',#1411,#1364,#229,.T.);
#1739=EDGE_CURVE('',#1412,#1412,#1121,.T.);
#1740=EDGE_CURVE('',#1412,#1409,#1122,.T.);
#1741=EDGE_CURVE('',#1413,#1414,#105,.T.);
#1742=EDGE_CURVE('',#1414,#1377,#230,.T.);
#1743=EDGE_CURVE('',#1376,#1413,#231,.T.);
#1744=EDGE_CURVE('',#1414,#1415,#232,.T.);
#1745=EDGE_CURVE('',#1415,#1416,#233,.T.);
#1746=EDGE_CURVE('',#1416,#1417,#234,.T.);
#1747=EDGE_CURVE('',#1417,#1386,#235,.T.);
#1748=EDGE_CURVE('',#1337,#1375,#236,.T.);
#1749=EDGE_CURVE('',#1374,#1338,#237,.T.);
#1750=EDGE_CURVE('',#1336,#1333,#238,.T.);
#1751=EDGE_CURVE('',#1310,#1418,#239,.T.);
#1752=EDGE_CURVE('',#1413,#1418,#240,.T.);
#1753=EDGE_CURVE('',#1419,#1419,#1123,.T.);
#1754=EDGE_CURVE('',#1420,#1420,#1124,.T.);
#1755=EDGE_CURVE('',#1340,#1329,#1125,.T.);
#1756=EDGE_CURVE('',#1415,#1401,#106,.T.);
#1757=EDGE_CURVE('',#1331,#1416,#1126,.T.);
#1758=EDGE_CURVE('',#1421,#1339,#241,.T.);
#1759=EDGE_CURVE('',#1421,#1330,#1127,.T.);
#1760=EDGE_CURVE('',#1418,#1351,#242,.T.);
#1761=EDGE_CURVE('',#1322,#1422,#243,.T.);
#1762=EDGE_CURVE('',#1423,#1422,#244,.T.);
#1763=EDGE_CURVE('',#1323,#1423,#245,.T.);
#1764=EDGE_CURVE('',#1424,#1422,#1128,.T.);
#1765=EDGE_CURVE('',#1317,#1424,#246,.T.);
#1766=EDGE_CURVE('',#1312,#1425,#1129,.T.);
#1767=EDGE_CURVE('',#1309,#1425,#247,.T.);
#1768=EDGE_CURVE('',#1423,#1426,#1130,.T.);
#1769=EDGE_CURVE('',#1426,#1324,#248,.T.);
#1770=EDGE_CURVE('',#1325,#1427,#249,.T.);
#1771=EDGE_CURVE('',#1427,#1316,#1131,.T.);
#1772=EDGE_CURVE('',#1427,#1426,#250,.T.);
#1773=EDGE_CURVE('',#1420,#1428,#251,.T.);
#1774=EDGE_CURVE('',#1428,#1428,#1132,.T.);
#1775=EDGE_CURVE('',#1419,#1429,#252,.T.);
#1776=EDGE_CURVE('',#1429,#1429,#1133,.T.);
#1777=EDGE_CURVE('',#1424,#1425,#253,.T.);
#1778=EDGE_CURVE('',#1430,#1431,#1134,.T.);
#1779=EDGE_CURVE('',#1431,#1432,#1135,.T.);
#1780=EDGE_CURVE('',#1432,#1433,#1136,.T.);
#1781=EDGE_CURVE('',#1433,#1430,#1137,.T.);
#1782=EDGE_CURVE('',#1430,#1433,#550,.T.);
#1783=EDGE_CURVE('',#1432,#1431,#551,.T.);
#1784=EDGE_CURVE('',#1434,#1431,#1138,.T.);
#1785=EDGE_CURVE('',#1435,#1434,#1139,.T.);
#1786=EDGE_CURVE('',#1432,#1435,#1140,.T.);
#1787=EDGE_CURVE('',#1436,#1437,#254,.T.);
#1788=EDGE_CURVE('',#1437,#1438,#1141,.T.);
#1789=EDGE_CURVE('',#1438,#1439,#255,.T.);
#1790=EDGE_CURVE('',#1439,#1440,#1142,.T.);
#1791=EDGE_CURVE('',#1440,#1441,#256,.T.);
#1792=EDGE_CURVE('',#1441,#1442,#1143,.T.);
#1793=EDGE_CURVE('',#1442,#1443,#257,.T.);
#1794=EDGE_CURVE('',#1443,#1436,#1144,.T.);
#1795=EDGE_CURVE('',#1444,#1444,#1145,.T.);
#1796=EDGE_CURVE('',#1445,#1445,#1146,.T.);
#1797=EDGE_CURVE('',#1446,#1447,#1147,.T.);
#1798=EDGE_CURVE('',#1448,#1446,#258,.T.);
#1799=EDGE_CURVE('',#1449,#1448,#1148,.T.);
#1800=EDGE_CURVE('',#1450,#1449,#259,.T.);
#1801=EDGE_CURVE('',#1451,#1450,#1149,.T.);
#1802=EDGE_CURVE('',#1452,#1451,#260,.T.);
#1803=EDGE_CURVE('',#1453,#1452,#1150,.T.);
#1804=EDGE_CURVE('',#1447,#1453,#261,.T.);
#1805=EDGE_CURVE('',#1454,#1454,#1151,.T.);
#1806=EDGE_CURVE('',#1455,#1455,#1152,.T.);
#1807=EDGE_CURVE('',#1434,#1435,#552,.T.);
#1808=EDGE_CURVE('',#1456,#1434,#262,.T.);
#1809=EDGE_CURVE('',#1457,#1456,#1153,.T.);
#1810=EDGE_CURVE('',#1457,#1458,#263,.F.);
#1811=EDGE_CURVE('',#1459,#1458,#1154,.T.);
#1812=EDGE_CURVE('',#1460,#1459,#264,.T.);
#1813=EDGE_CURVE('',#1461,#1460,#1155,.T.);
#1814=EDGE_CURVE('',#1462,#1461,#265,.T.);
#1815=EDGE_CURVE('',#1463,#1462,#1156,.T.);
#1816=EDGE_CURVE('',#1435,#1463,#266,.T.);
#1817=EDGE_CURVE('',#1464,#1465,#1157,.T.);
#1818=EDGE_CURVE('',#1465,#1466,#267,.T.);
#1819=EDGE_CURVE('',#1466,#1467,#1158,.T.);
#1820=EDGE_CURVE('',#1467,#1464,#268,.T.);
#1821=EDGE_CURVE('',#1464,#1468,#553,.T.);
#1822=EDGE_CURVE('',#1468,#1469,#1159,.T.);
#1823=EDGE_CURVE('',#1469,#1465,#554,.T.);
#1824=EDGE_CURVE('',#1466,#1470,#555,.T.);
#1825=EDGE_CURVE('',#1470,#1471,#1160,.T.);
#1826=EDGE_CURVE('',#1471,#1467,#556,.T.);
#1827=EDGE_CURVE('',#1472,#1473,#1161,.T.);
#1828=EDGE_CURVE('',#1473,#1469,#557,.T.);
#1829=EDGE_CURVE('',#1468,#1472,#558,.T.);
#1830=EDGE_CURVE('',#1474,#1475,#1162,.T.);
#1831=EDGE_CURVE('',#1475,#1471,#559,.T.);
#1832=EDGE_CURVE('',#1470,#1474,#560,.T.);
#1833=EDGE_CURVE('',#1476,#1477,#1163,.T.);
#1834=EDGE_CURVE('',#1477,#1473,#269,.T.);
#1835=EDGE_CURVE('',#1472,#1476,#270,.T.);
#1836=EDGE_CURVE('',#1478,#1479,#1164,.T.);
#1837=EDGE_CURVE('',#1479,#1475,#271,.T.);
#1838=EDGE_CURVE('',#1474,#1478,#272,.T.);
#1839=EDGE_CURVE('',#1480,#1481,#1165,.T.);
#1840=EDGE_CURVE('',#1481,#1477,#561,.T.);
#1841=EDGE_CURVE('',#1476,#1480,#562,.T.);
#1842=EDGE_CURVE('',#1482,#1483,#1166,.T.);
#1843=EDGE_CURVE('',#1483,#1479,#563,.T.);
#1844=EDGE_CURVE('',#1478,#1482,#564,.T.);
#1845=EDGE_CURVE('',#1480,#1484,#565,.T.);
#1846=EDGE_CURVE('',#1484,#1485,#1167,.T.);
#1847=EDGE_CURVE('',#1485,#1481,#566,.T.);
#1848=EDGE_CURVE('',#1482,#1486,#567,.T.);
#1849=EDGE_CURVE('',#1486,#1487,#1168,.T.);
#1850=EDGE_CURVE('',#1487,#1483,#568,.T.);
#1851=EDGE_CURVE('',#1486,#1485,#273,.T.);
#1852=EDGE_CURVE('',#1484,#1487,#274,.T.);
#1853=EDGE_CURVE('',#1488,#1482,#1169,.T.);
#1854=EDGE_CURVE('',#1488,#1489,#569,.T.);
#1855=EDGE_CURVE('',#1486,#1489,#1170,.T.);
#1856=EDGE_CURVE('',#1478,#1490,#1171,.T.);
#1857=EDGE_CURVE('',#1490,#1488,#1172,.T.);
#1858=EDGE_CURVE('',#1474,#1491,#1173,.T.);
#1859=EDGE_CURVE('',#1491,#1490,#275,.T.);
#1860=EDGE_CURVE('',#1470,#1492,#1174,.T.);
#1861=EDGE_CURVE('',#1492,#1491,#1175,.T.);
#1862=EDGE_CURVE('',#1466,#1493,#1176,.T.);
#1863=EDGE_CURVE('',#1493,#1492,#570,.T.);
#1864=EDGE_CURVE('',#1465,#1494,#1177,.T.);
#1865=EDGE_CURVE('',#1494,#1493,#276,.T.);
#1866=EDGE_CURVE('',#1495,#1496,#277,.T.);
#1867=EDGE_CURVE('',#1497,#1495,#1178,.T.);
#1868=EDGE_CURVE('',#1498,#1497,#1179,.T.);
#1869=EDGE_CURVE('',#1499,#1498,#278,.T.);
#1870=EDGE_CURVE('',#1500,#1499,#1180,.T.);
#1871=EDGE_CURVE('',#1501,#1500,#1181,.T.);
#1872=EDGE_CURVE('',#1502,#1501,#279,.T.);
#1873=EDGE_CURVE('',#1503,#1502,#1182,.T.);
#1874=EDGE_CURVE('',#1504,#1503,#280,.T.);
#1875=EDGE_CURVE('',#1496,#1504,#1183,.T.);
#1876=EDGE_CURVE('',#1469,#1462,#1184,.T.);
#1877=EDGE_CURVE('',#1462,#1494,#571,.T.);
#1878=EDGE_CURVE('',#1473,#1463,#1185,.T.);
#1879=EDGE_CURVE('',#1477,#1456,#1186,.T.);
#1880=EDGE_CURVE('',#1481,#1457,#1187,.T.);
#1881=EDGE_CURVE('',#1485,#1505,#1188,.T.);
#1882=EDGE_CURVE('',#1505,#1457,#572,.T.);
#1883=EDGE_CURVE('',#1489,#1505,#281,.T.);
#1884=EDGE_CURVE('',#1488,#1506,#282,.T.);
#1885=EDGE_CURVE('',#1506,#1507,#1189,.T.);
#1886=EDGE_CURVE('',#1507,#1508,#283,.T.);
#1887=EDGE_CURVE('',#1458,#1508,#1190,.T.);
#1888=EDGE_CURVE('',#1496,#1509,#1191,.T.);
#1889=EDGE_CURVE('',#1509,#1510,#284,.T.);
#1890=EDGE_CURVE('',#1510,#1495,#1192,.T.);
#1891=EDGE_CURVE('',#1511,#1497,#1193,.T.);
#1892=EDGE_CURVE('',#1510,#1511,#1194,.T.);
#1893=EDGE_CURVE('',#1512,#1498,#1195,.T.);
#1894=EDGE_CURVE('',#1511,#1512,#1196,.T.);
#1895=EDGE_CURVE('',#1513,#1499,#1197,.T.);
#1896=EDGE_CURVE('',#1512,#1513,#285,.T.);
#1897=EDGE_CURVE('',#1514,#1500,#1198,.T.);
#1898=EDGE_CURVE('',#1513,#1514,#1199,.T.);
#1899=EDGE_CURVE('',#1515,#1501,#1200,.T.);
#1900=EDGE_CURVE('',#1514,#1515,#1201,.T.);
#1901=EDGE_CURVE('',#1516,#1502,#1202,.T.);
#1902=EDGE_CURVE('',#1515,#1516,#286,.T.);
#1903=EDGE_CURVE('',#1517,#1503,#1203,.T.);
#1904=EDGE_CURVE('',#1516,#1517,#1204,.T.);
#1905=EDGE_CURVE('',#1518,#1504,#1205,.T.);
#1906=EDGE_CURVE('',#1517,#1518,#287,.T.);
#1907=EDGE_CURVE('',#1518,#1509,#1206,.T.);
#1908=EDGE_CURVE('',#1519,#1513,#288,.T.);
#1909=EDGE_CURVE('',#1520,#1519,#1207,.T.);
#1910=EDGE_CURVE('',#1520,#1514,#289,.T.);
#1911=EDGE_CURVE('',#1521,#1512,#290,.T.);
#1912=EDGE_CURVE('',#1519,#1521,#291,.T.);
#1913=EDGE_CURVE('',#1522,#1511,#292,.T.);
#1914=EDGE_CURVE('',#1521,#1522,#1208,.T.);
#1915=EDGE_CURVE('',#1523,#1510,#293,.T.);
#1916=EDGE_CURVE('',#1522,#1523,#1209,.T.);
#1917=EDGE_CURVE('',#1524,#1509,#294,.T.);
#1918=EDGE_CURVE('',#1523,#1524,#295,.T.);
#1919=EDGE_CURVE('',#1525,#1519,#1210,.T.);
#1920=EDGE_CURVE('',#1521,#1526,#1211,.T.);
#1921=EDGE_CURVE('',#1526,#1525,#296,.T.);
#1922=EDGE_CURVE('',#1522,#1527,#1212,.T.);
#1923=EDGE_CURVE('',#1527,#1526,#1213,.T.);
#1924=EDGE_CURVE('',#1523,#1528,#1214,.T.);
#1925=EDGE_CURVE('',#1528,#1527,#1215,.T.);
#1926=EDGE_CURVE('',#1524,#1529,#1216,.T.);
#1927=EDGE_CURVE('',#1529,#1528,#297,.T.);
#1928=EDGE_CURVE('',#1530,#1531,#1217,.T.);
#1929=EDGE_CURVE('',#1531,#1529,#1218,.T.);
#1930=EDGE_CURVE('',#1524,#1530,#1219,.T.);
#1931=EDGE_CURVE('',#1532,#1533,#1220,.T.);
#1932=EDGE_CURVE('',#1533,#1531,#298,.T.);
#1933=EDGE_CURVE('',#1530,#1532,#299,.T.);
#1934=EDGE_CURVE('',#1534,#1535,#1221,.T.);
#1935=EDGE_CURVE('',#1535,#1533,#1222,.T.);
#1936=EDGE_CURVE('',#1532,#1534,#1223,.T.);
#1937=EDGE_CURVE('',#1536,#1537,#1224,.T.);
#1938=EDGE_CURVE('',#1537,#1535,#300,.T.);
#1939=EDGE_CURVE('',#1534,#1536,#301,.T.);
#1940=EDGE_CURVE('',#1520,#1538,#1225,.T.);
#1941=EDGE_CURVE('',#1538,#1537,#1226,.T.);
#1942=EDGE_CURVE('',#1536,#1520,#1227,.T.);
#1943=EDGE_CURVE('',#1525,#1538,#1228,.T.);
#1944=EDGE_CURVE('',#1530,#1518,#302,.T.);
#1945=EDGE_CURVE('',#1539,#1540,#303,.T.);
#1946=EDGE_CURVE('',#1541,#1539,#304,.T.);
#1947=EDGE_CURVE('',#1542,#1541,#305,.T.);
#1948=EDGE_CURVE('',#1540,#1542,#306,.T.);
#1949=EDGE_CURVE('',#1543,#1543,#1229,.T.);
#1950=EDGE_CURVE('',#1543,#1544,#1230,.T.);
#1951=EDGE_CURVE('',#1544,#1545,#1231,.T.);
#1952=EDGE_CURVE('',#1545,#1544,#1232,.T.);
#1953=EDGE_CURVE('',#1545,#1546,#307,.T.);
#1954=EDGE_CURVE('',#1546,#1546,#1233,.T.);
#1955=EDGE_CURVE('',#1547,#1547,#1234,.T.);
#1956=EDGE_CURVE('',#1547,#1548,#1235,.T.);
#1957=EDGE_CURVE('',#1548,#1549,#1236,.T.);
#1958=EDGE_CURVE('',#1549,#1548,#1237,.T.);
#1959=EDGE_CURVE('',#1549,#1550,#308,.T.);
#1960=EDGE_CURVE('',#1550,#1550,#1238,.T.);
#1961=EDGE_CURVE('',#1551,#1551,#1239,.T.);
#1962=EDGE_CURVE('',#1551,#1552,#1240,.T.);
#1963=EDGE_CURVE('',#1552,#1553,#1241,.T.);
#1964=EDGE_CURVE('',#1553,#1552,#1242,.T.);
#1965=EDGE_CURVE('',#1553,#1554,#309,.T.);
#1966=EDGE_CURVE('',#1554,#1554,#1243,.T.);
#1967=EDGE_CURVE('',#1555,#1555,#1244,.T.);
#1968=EDGE_CURVE('',#1555,#1556,#1245,.T.);
#1969=EDGE_CURVE('',#1556,#1557,#1246,.T.);
#1970=EDGE_CURVE('',#1557,#1556,#1247,.T.);
#1971=EDGE_CURVE('',#1557,#1558,#310,.T.);
#1972=EDGE_CURVE('',#1558,#1558,#1248,.T.);
#1973=EDGE_CURVE('',#1559,#1559,#1249,.T.);
#1974=EDGE_CURVE('',#1559,#1444,#1250,.T.);
#1975=EDGE_CURVE('',#1560,#1560,#1251,.T.);
#1976=EDGE_CURVE('',#1560,#1455,#1252,.T.);
#1977=EDGE_CURVE('',#1561,#1561,#1253,.T.);
#1978=EDGE_CURVE('',#1561,#1445,#1254,.T.);
#1979=EDGE_CURVE('',#1562,#1562,#1255,.T.);
#1980=EDGE_CURVE('',#1562,#1454,#1256,.T.);
#1981=EDGE_CURVE('',#1563,#1450,#1257,.T.);
#1982=EDGE_CURVE('',#1564,#1563,#1258,.F.);
#1983=EDGE_CURVE('',#1451,#1564,#1259,.T.);
#1984=EDGE_CURVE('',#1565,#1452,#1260,.T.);
#1985=EDGE_CURVE('',#1566,#1565,#1261,.F.);
#1986=EDGE_CURVE('',#1453,#1566,#1262,.T.);
#1987=EDGE_CURVE('',#1564,#1565,#311,.T.);
#1988=EDGE_CURVE('',#1567,#1568,#1263,.F.);
#1989=EDGE_CURVE('',#1449,#1567,#1264,.T.);
#1990=EDGE_CURVE('',#1568,#1448,#1265,.T.);
#1991=EDGE_CURVE('',#1567,#1563,#312,.T.);
#1992=EDGE_CURVE('',#1569,#1570,#1266,.F.);
#1993=EDGE_CURVE('',#1542,#1569,#1267,.F.);
#1994=EDGE_CURVE('',#1570,#1542,#1268,.F.);
#1995=EDGE_CURVE('',#1571,#1447,#1269,.T.);
#1996=EDGE_CURVE('',#1572,#1571,#1270,.F.);
#1997=EDGE_CURVE('',#1446,#1572,#1271,.T.);
#1998=EDGE_CURVE('',#1566,#1571,#313,.T.);
#1999=EDGE_CURVE('',#1573,#1574,#1272,.F.);
#2000=EDGE_CURVE('',#1541,#1573,#1273,.F.);
#2001=EDGE_CURVE('',#1574,#1541,#1274,.F.);
#2002=EDGE_CURVE('',#1573,#1570,#314,.T.);
#2003=EDGE_CURVE('',#1575,#1576,#1275,.F.);
#2004=EDGE_CURVE('',#1540,#1575,#1276,.F.);
#2005=EDGE_CURVE('',#1576,#1540,#1277,.F.);
#2006=EDGE_CURVE('',#1539,#1577,#1278,.F.);
#2007=EDGE_CURVE('',#1578,#1539,#1279,.F.);
#2008=EDGE_CURVE('',#1577,#1578,#1280,.F.);
#2009=EDGE_CURVE('',#1575,#1578,#315,.T.);
#2010=EDGE_CURVE('',#1571,#1577,#316,.T.);
#2011=EDGE_CURVE('',#1578,#1572,#317,.T.);
#2012=EDGE_CURVE('',#1577,#1574,#318,.T.);
#2013=EDGE_CURVE('',#1569,#1576,#319,.T.);
#2014=EDGE_CURVE('',#1568,#1575,#320,.T.);
#2015=EDGE_CURVE('',#1576,#1567,#321,.T.);
#2016=EDGE_CURVE('',#1565,#1573,#322,.T.);
#2017=EDGE_CURVE('',#1574,#1566,#323,.T.);
#2018=EDGE_CURVE('',#1572,#1568,#324,.T.);
#2019=EDGE_CURVE('',#1563,#1569,#325,.T.);
#2020=EDGE_CURVE('',#1570,#1564,#326,.T.);
#2021=EDGE_CURVE('',#1461,#1410,#1281,.T.);
#2022=EDGE_CURVE('',#1411,#1579,#1282,.T.);
#2023=EDGE_CURVE('',#1492,#1579,#327,.F.);
#2024=EDGE_CURVE('',#1532,#1517,#328,.T.);
#2025=EDGE_CURVE('',#1534,#1516,#329,.T.);
#2026=EDGE_CURVE('',#1536,#1515,#330,.T.);
#2027=EDGE_CURVE('',#1580,#1579,#1283,.T.);
#2028=EDGE_CURVE('',#1581,#1580,#331,.T.);
#2029=EDGE_CURVE('',#1506,#1581,#1284,.T.);
#2030=EDGE_CURVE('',#1384,#1436,#1285,.T.);
#2031=EDGE_CURVE('',#1437,#1383,#1286,.T.);
#2032=EDGE_CURVE('',#1438,#1417,#1287,.T.);
#2033=EDGE_CURVE('',#1417,#1383,#1288,.T.);
#2034=EDGE_CURVE('',#1439,#1416,#1289,.T.);
#2035=EDGE_CURVE('',#1440,#1331,#1290,.T.);
#2036=EDGE_CURVE('',#1441,#1330,#1291,.T.);
#2037=EDGE_CURVE('',#1442,#1421,#1292,.T.);
#2038=EDGE_CURVE('',#1443,#1582,#1293,.T.);
#2039=EDGE_CURVE('',#1582,#1421,#332,.T.);
#2040=EDGE_CURVE('',#1384,#1582,#1294,.T.);
#2041=EDGE_CURVE('',#1373,#1582,#333,.T.);
#2042=EDGE_CURVE('',#1460,#1583,#1295,.T.);
#2043=EDGE_CURVE('',#1583,#1410,#1296,.T.);
#2044=EDGE_CURVE('',#1459,#1584,#1297,.T.);
#2045=EDGE_CURVE('',#1584,#1583,#334,.T.);
#2046=EDGE_CURVE('',#1508,#1584,#1298,.T.);
#2047=EDGE_CURVE('',#1581,#1585,#1299,.T.);
#2048=EDGE_CURVE('',#1585,#1507,#1300,.T.);
#2049=EDGE_CURVE('',#1580,#1586,#1301,.T.);
#2050=EDGE_CURVE('',#1586,#1585,#335,.T.);
#2051=EDGE_CURVE('',#1411,#1586,#1302,.T.);
#2052=EDGE_CURVE('',#1585,#1361,#336,.T.);
#2053=EDGE_CURVE('',#1362,#1507,#337,.T.);
#2054=EDGE_CURVE('',#1363,#1586,#338,.T.);
#2055=EDGE_CURVE('',#1508,#1368,#339,.T.);
#2056=EDGE_CURVE('',#1367,#1584,#340,.T.);
#2057=EDGE_CURVE('',#1583,#1366,#341,.T.);
#2058=ORIENTED_EDGE('',*,*,#1587,.F.);
#2059=ORIENTED_EDGE('',*,*,#1588,.F.);
#2060=ORIENTED_EDGE('',*,*,#1589,.F.);
#2061=ORIENTED_EDGE('',*,*,#1590,.T.);
#2062=ORIENTED_EDGE('',*,*,#1591,.T.);
#2063=ORIENTED_EDGE('',*,*,#1588,.T.);
#2064=ORIENTED_EDGE('',*,*,#1592,.T.);
#2065=ORIENTED_EDGE('',*,*,#1593,.T.);
#2066=ORIENTED_EDGE('',*,*,#1594,.T.);
#2067=ORIENTED_EDGE('',*,*,#1589,.T.);
#2068=ORIENTED_EDGE('',*,*,#1595,.T.);
#2069=ORIENTED_EDGE('',*,*,#1596,.T.);
#2070=ORIENTED_EDGE('',*,*,#1597,.T.);
#2071=ORIENTED_EDGE('',*,*,#1587,.T.);
#2072=ORIENTED_EDGE('',*,*,#1598,.T.);
#2073=ORIENTED_EDGE('',*,*,#1595,.F.);
#2074=ORIENTED_EDGE('',*,*,#1591,.F.);
#2075=ORIENTED_EDGE('',*,*,#1599,.T.);
#2076=ORIENTED_EDGE('',*,*,#1600,.F.);
#2077=ORIENTED_EDGE('',*,*,#1592,.F.);
#2078=ORIENTED_EDGE('',*,*,#1597,.F.);
#2079=ORIENTED_EDGE('',*,*,#1601,.F.);
#2080=ORIENTED_EDGE('',*,*,#1602,.F.);
#2081=ORIENTED_EDGE('',*,*,#1603,.F.);
#2082=ORIENTED_EDGE('',*,*,#1604,.F.);
#2083=ORIENTED_EDGE('',*,*,#1605,.F.);
#2084=ORIENTED_EDGE('',*,*,#1606,.T.);
#2085=ORIENTED_EDGE('',*,*,#1607,.T.);
#2086=ORIENTED_EDGE('',*,*,#1608,.T.);
#2087=ORIENTED_EDGE('',*,*,#1609,.T.);
#2088=ORIENTED_EDGE('',*,*,#1610,.F.);
#2089=ORIENTED_EDGE('',*,*,#1607,.F.);
#2090=ORIENTED_EDGE('',*,*,#1611,.T.);
#2091=ORIENTED_EDGE('',*,*,#1612,.F.);
#2092=ORIENTED_EDGE('',*,*,#1613,.F.);
#2093=ORIENTED_EDGE('',*,*,#1614,.T.);
#2094=ORIENTED_EDGE('',*,*,#1615,.F.);
#2095=ORIENTED_EDGE('',*,*,#1616,.F.);
#2096=ORIENTED_EDGE('',*,*,#1617,.F.);
#2097=ORIENTED_EDGE('',*,*,#1618,.F.);
#2098=ORIENTED_EDGE('',*,*,#1619,.T.);
#2099=ORIENTED_EDGE('',*,*,#1620,.T.);
#2100=ORIENTED_EDGE('',*,*,#1621,.T.);
#2101=ORIENTED_EDGE('',*,*,#1622,.F.);
#2102=ORIENTED_EDGE('',*,*,#1623,.F.);
#2103=ORIENTED_EDGE('',*,*,#1624,.F.);
#2104=ORIENTED_EDGE('',*,*,#1625,.T.);
#2105=ORIENTED_EDGE('',*,*,#1603,.T.);
#2106=ORIENTED_EDGE('',*,*,#1623,.T.);
#2107=ORIENTED_EDGE('',*,*,#1616,.T.);
#2108=ORIENTED_EDGE('',*,*,#1626,.T.);
#2109=ORIENTED_EDGE('',*,*,#1627,.T.);
#2110=ORIENTED_EDGE('',*,*,#1624,.T.);
#2111=ORIENTED_EDGE('',*,*,#1602,.T.);
#2112=ORIENTED_EDGE('',*,*,#1628,.T.);
#2113=ORIENTED_EDGE('',*,*,#1617,.T.);
#2114=ORIENTED_EDGE('',*,*,#1622,.T.);
#2115=ORIENTED_EDGE('',*,*,#1629,.T.);
#2116=ORIENTED_EDGE('',*,*,#1630,.T.);
#2117=ORIENTED_EDGE('',*,*,#1631,.T.);
#2118=ORIENTED_EDGE('',*,*,#1632,.F.);
#2119=ORIENTED_EDGE('',*,*,#1633,.T.);
#2120=ORIENTED_EDGE('',*,*,#1634,.F.);
#2121=ORIENTED_EDGE('',*,*,#1635,.T.);
#2122=ORIENTED_EDGE('',*,*,#1636,.T.);
#2123=ORIENTED_EDGE('',*,*,#1637,.T.);
#2124=ORIENTED_EDGE('',*,*,#1638,.T.);
#2125=ORIENTED_EDGE('',*,*,#1639,.T.);
#2126=ORIENTED_EDGE('',*,*,#1640,.T.);
#2127=ORIENTED_EDGE('',*,*,#1641,.T.);
#2128=ORIENTED_EDGE('',*,*,#1618,.T.);
#2129=ORIENTED_EDGE('',*,*,#1628,.F.);
#2130=ORIENTED_EDGE('',*,*,#1642,.T.);
#2131=ORIENTED_EDGE('',*,*,#1608,.F.);
#2132=ORIENTED_EDGE('',*,*,#1610,.T.);
#2133=ORIENTED_EDGE('',*,*,#1643,.F.);
#2134=ORIENTED_EDGE('',*,*,#1644,.F.);
#2135=ORIENTED_EDGE('',*,*,#1645,.T.);
#2136=ORIENTED_EDGE('',*,*,#1646,.T.);
#2137=ORIENTED_EDGE('',*,*,#1637,.F.);
#2138=ORIENTED_EDGE('',*,*,#1647,.F.);
#2139=ORIENTED_EDGE('',*,*,#1648,.T.);
#2140=ORIENTED_EDGE('',*,*,#1649,.T.);
#2141=ORIENTED_EDGE('',*,*,#1639,.F.);
#2142=ORIENTED_EDGE('',*,*,#1650,.T.);
#2143=ORIENTED_EDGE('',*,*,#1645,.F.);
#2144=ORIENTED_EDGE('',*,*,#1651,.F.);
#2145=ORIENTED_EDGE('',*,*,#1652,.F.);
#2146=ORIENTED_EDGE('',*,*,#1653,.T.);
#2147=ORIENTED_EDGE('',*,*,#1654,.T.);
#2148=ORIENTED_EDGE('',*,*,#1655,.T.);
#2149=ORIENTED_EDGE('',*,*,#1656,.T.);
#2150=ORIENTED_EDGE('',*,*,#1654,.F.);
#2151=ORIENTED_EDGE('',*,*,#1657,.F.);
#2152=ORIENTED_EDGE('',*,*,#1658,.F.);
#2153=ORIENTED_EDGE('',*,*,#1659,.T.);
#2154=ORIENTED_EDGE('',*,*,#1660,.T.);
#2155=ORIENTED_EDGE('',*,*,#1661,.T.);
#2156=ORIENTED_EDGE('',*,*,#1662,.T.);
#2157=ORIENTED_EDGE('',*,*,#1658,.T.);
#2158=ORIENTED_EDGE('',*,*,#1663,.F.);
#2159=ORIENTED_EDGE('',*,*,#1664,.T.);
#2160=ORIENTED_EDGE('',*,*,#1665,.F.);
#2161=ORIENTED_EDGE('',*,*,#1666,.T.);
#2162=ORIENTED_EDGE('',*,*,#1667,.F.);
#2163=ORIENTED_EDGE('',*,*,#1668,.T.);
#2164=ORIENTED_EDGE('',*,*,#1669,.F.);
#2165=ORIENTED_EDGE('',*,*,#1670,.T.);
#2166=ORIENTED_EDGE('',*,*,#1671,.F.);
#2167=ORIENTED_EDGE('',*,*,#1662,.F.);
#2168=ORIENTED_EDGE('',*,*,#1672,.F.);
#2169=ORIENTED_EDGE('',*,*,#1673,.F.);
#2170=ORIENTED_EDGE('',*,*,#1674,.T.);
#2171=ORIENTED_EDGE('',*,*,#1675,.T.);
#2172=ORIENTED_EDGE('',*,*,#1676,.T.);
#2173=ORIENTED_EDGE('',*,*,#1677,.F.);
#2174=ORIENTED_EDGE('',*,*,#1678,.T.);
#2175=ORIENTED_EDGE('',*,*,#1679,.F.);
#2176=ORIENTED_EDGE('',*,*,#1680,.T.);
#2177=ORIENTED_EDGE('',*,*,#1655,.F.);
#2178=ORIENTED_EDGE('',*,*,#1659,.F.);
#2179=ORIENTED_EDGE('',*,*,#1681,.F.);
#2180=ORIENTED_EDGE('',*,*,#1682,.T.);
#2181=ORIENTED_EDGE('',*,*,#1661,.F.);
#2182=ORIENTED_EDGE('',*,*,#1683,.F.);
#2183=ORIENTED_EDGE('',*,*,#1684,.F.);
#2184=ORIENTED_EDGE('',*,*,#1672,.T.);
#2185=ORIENTED_EDGE('',*,*,#1685,.T.);
#2186=ORIENTED_EDGE('',*,*,#1686,.T.);
#2187=ORIENTED_EDGE('',*,*,#1673,.T.);
#2188=ORIENTED_EDGE('',*,*,#1684,.T.);
#2189=ORIENTED_EDGE('',*,*,#1686,.F.);
#2190=ORIENTED_EDGE('',*,*,#1687,.T.);
#2191=ORIENTED_EDGE('',*,*,#1688,.T.);
#2192=ORIENTED_EDGE('',*,*,#1689,.T.);
#2193=ORIENTED_EDGE('',*,*,#1690,.T.);
#2194=ORIENTED_EDGE('',*,*,#1674,.F.);
#2195=ORIENTED_EDGE('',*,*,#1691,.F.);
#2196=ORIENTED_EDGE('',*,*,#1692,.T.);
#2197=ORIENTED_EDGE('',*,*,#1682,.F.);
#2198=ORIENTED_EDGE('',*,*,#1692,.F.);
#2199=ORIENTED_EDGE('',*,*,#1660,.F.);
#2200=ORIENTED_EDGE('',*,*,#1657,.T.);
#2201=ORIENTED_EDGE('',*,*,#1653,.F.);
#2202=ORIENTED_EDGE('',*,*,#1693,.F.);
#2203=ORIENTED_EDGE('',*,*,#1694,.F.);
#2204=ORIENTED_EDGE('',*,*,#1687,.F.);
#2205=ORIENTED_EDGE('',*,*,#1685,.F.);
#2206=ORIENTED_EDGE('',*,*,#1683,.T.);
#2207=ORIENTED_EDGE('',*,*,#1691,.T.);
#2208=ORIENTED_EDGE('',*,*,#1695,.T.);
#2209=ORIENTED_EDGE('',*,*,#1651,.T.);
#2210=ORIENTED_EDGE('',*,*,#1696,.T.);
#2211=ORIENTED_EDGE('',*,*,#1697,.T.);
#2212=ORIENTED_EDGE('',*,*,#1698,.T.);
#2213=ORIENTED_EDGE('',*,*,#1699,.T.);
#2214=ORIENTED_EDGE('',*,*,#1700,.T.);
#2215=ORIENTED_EDGE('',*,*,#1701,.T.);
#2216=ORIENTED_EDGE('',*,*,#1702,.T.);
#2217=ORIENTED_EDGE('',*,*,#1696,.F.);
#2218=ORIENTED_EDGE('',*,*,#1644,.T.);
#2219=ORIENTED_EDGE('',*,*,#1703,.T.);
#2220=ORIENTED_EDGE('',*,*,#1704,.T.);
#2221=ORIENTED_EDGE('',*,*,#1699,.F.);
#2222=ORIENTED_EDGE('',*,*,#1705,.T.);
#2223=ORIENTED_EDGE('',*,*,#1706,.T.);
#2224=ORIENTED_EDGE('',*,*,#1707,.T.);
#2225=ORIENTED_EDGE('',*,*,#1708,.T.);
#2226=ORIENTED_EDGE('',*,*,#1709,.T.);
#2227=ORIENTED_EDGE('',*,*,#1708,.F.);
#2228=ORIENTED_EDGE('',*,*,#1710,.T.);
#2229=ORIENTED_EDGE('',*,*,#1703,.F.);
#2230=ORIENTED_EDGE('',*,*,#1711,.T.);
#2231=ORIENTED_EDGE('',*,*,#1701,.F.);
#2232=ORIENTED_EDGE('',*,*,#1712,.T.);
#2233=ORIENTED_EDGE('',*,*,#1706,.F.);
#2234=ORIENTED_EDGE('',*,*,#1713,.T.);
#2235=ORIENTED_EDGE('',*,*,#1700,.F.);
#2236=ORIENTED_EDGE('',*,*,#1714,.F.);
#2237=ORIENTED_EDGE('',*,*,#1715,.F.);
#2238=ORIENTED_EDGE('',*,*,#1704,.F.);
#2239=ORIENTED_EDGE('',*,*,#1716,.T.);
#2240=ORIENTED_EDGE('',*,*,#1717,.T.);
#2241=ORIENTED_EDGE('',*,*,#1714,.T.);
#2242=ORIENTED_EDGE('',*,*,#1710,.F.);
#2243=ORIENTED_EDGE('',*,*,#1707,.F.);
#2244=ORIENTED_EDGE('',*,*,#1712,.F.);
#2245=ORIENTED_EDGE('',*,*,#1643,.T.);
#2246=ORIENTED_EDGE('',*,*,#1718,.T.);
#2247=ORIENTED_EDGE('',*,*,#1719,.T.);
#2248=ORIENTED_EDGE('',*,*,#1716,.F.);
#2249=ORIENTED_EDGE('',*,*,#1720,.F.);
#2250=ORIENTED_EDGE('',*,*,#1721,.T.);
#2251=ORIENTED_EDGE('',*,*,#1697,.F.);
#2252=ORIENTED_EDGE('',*,*,#1702,.F.);
#2253=ORIENTED_EDGE('',*,*,#1713,.F.);
#2254=ORIENTED_EDGE('',*,*,#1709,.F.);
#2255=ORIENTED_EDGE('',*,*,#1711,.F.);
#2256=ORIENTED_EDGE('',*,*,#1705,.F.);
#2257=ORIENTED_EDGE('',*,*,#1698,.F.);
#2258=ORIENTED_EDGE('',*,*,#1721,.F.);
#2259=ORIENTED_EDGE('',*,*,#1671,.T.);
#2260=ORIENTED_EDGE('',*,*,#1722,.T.);
#2261=ORIENTED_EDGE('',*,*,#1720,.T.);
#2262=ORIENTED_EDGE('',*,*,#1722,.F.);
#2263=ORIENTED_EDGE('',*,*,#1681,.T.);
#2264=ORIENTED_EDGE('',*,*,#1723,.T.);
#2265=ORIENTED_EDGE('',*,*,#1724,.T.);
#2266=ORIENTED_EDGE('',*,*,#1723,.F.);
#2267=ORIENTED_EDGE('',*,*,#1724,.F.);
#2268=ORIENTED_EDGE('',*,*,#1725,.T.);
#2269=ORIENTED_EDGE('',*,*,#1648,.F.);
#2270=ORIENTED_EDGE('',*,*,#1726,.F.);
#2271=ORIENTED_EDGE('',*,*,#1727,.F.);
#2272=ORIENTED_EDGE('',*,*,#1640,.F.);
#2273=ORIENTED_EDGE('',*,*,#1649,.F.);
#2274=ORIENTED_EDGE('',*,*,#1725,.F.);
#2275=ORIENTED_EDGE('',*,*,#1726,.T.);
#2276=ORIENTED_EDGE('',*,*,#1647,.T.);
#2277=ORIENTED_EDGE('',*,*,#1636,.F.);
#2278=ORIENTED_EDGE('',*,*,#1728,.F.);
#2279=ORIENTED_EDGE('',*,*,#1729,.T.);
#2280=ORIENTED_EDGE('',*,*,#1730,.T.);
#2281=ORIENTED_EDGE('',*,*,#1731,.T.);
#2282=ORIENTED_EDGE('',*,*,#1730,.F.);
#2283=ORIENTED_EDGE('',*,*,#1732,.T.);
#2284=ORIENTED_EDGE('',*,*,#1733,.F.);
#2285=ORIENTED_EDGE('',*,*,#1734,.T.);
#2286=ORIENTED_EDGE('',*,*,#1732,.F.);
#2287=ORIENTED_EDGE('',*,*,#1729,.F.);
#2288=ORIENTED_EDGE('',*,*,#1734,.F.);
#2289=ORIENTED_EDGE('',*,*,#1735,.F.);
#2290=ORIENTED_EDGE('',*,*,#1736,.F.);
#2291=ORIENTED_EDGE('',*,*,#1737,.F.);
#2292=ORIENTED_EDGE('',*,*,#1666,.F.);
#2293=ORIENTED_EDGE('',*,*,#1738,.F.);
#2294=ORIENTED_EDGE('',*,*,#1731,.F.);
#2295=ORIENTED_EDGE('',*,*,#1739,.T.);
#2296=ORIENTED_EDGE('',*,*,#1740,.T.);
#2297=ORIENTED_EDGE('',*,*,#1735,.T.);
#2298=ORIENTED_EDGE('',*,*,#1733,.T.);
#2299=ORIENTED_EDGE('',*,*,#1740,.F.);
#2300=ORIENTED_EDGE('',*,*,#1739,.F.);
#2301=ORIENTED_EDGE('',*,*,#1741,.T.);
#2302=ORIENTED_EDGE('',*,*,#1742,.T.);
#2303=ORIENTED_EDGE('',*,*,#1679,.T.);
#2304=ORIENTED_EDGE('',*,*,#1743,.T.);
#2305=ORIENTED_EDGE('',*,*,#1656,.F.);
#2306=ORIENTED_EDGE('',*,*,#1680,.F.);
#2307=ORIENTED_EDGE('',*,*,#1742,.F.);
#2308=ORIENTED_EDGE('',*,*,#1744,.T.);
#2309=ORIENTED_EDGE('',*,*,#1745,.T.);
#2310=ORIENTED_EDGE('',*,*,#1746,.T.);
#2311=ORIENTED_EDGE('',*,*,#1747,.T.);
#2312=ORIENTED_EDGE('',*,*,#1693,.T.);
#2313=ORIENTED_EDGE('',*,*,#1632,.T.);
#2314=ORIENTED_EDGE('',*,*,#1748,.T.);
#2315=ORIENTED_EDGE('',*,*,#1677,.T.);
#2316=ORIENTED_EDGE('',*,*,#1749,.T.);
#2317=ORIENTED_EDGE('',*,*,#1743,.F.);
#2318=ORIENTED_EDGE('',*,*,#1678,.F.);
#2319=ORIENTED_EDGE('',*,*,#1748,.F.);
#2320=ORIENTED_EDGE('',*,*,#1631,.F.);
#2321=ORIENTED_EDGE('',*,*,#1750,.T.);
#2322=ORIENTED_EDGE('',*,*,#1626,.F.);
#2323=ORIENTED_EDGE('',*,*,#1601,.T.);
#2324=ORIENTED_EDGE('',*,*,#1596,.F.);
#2325=ORIENTED_EDGE('',*,*,#1751,.T.);
#2326=ORIENTED_EDGE('',*,*,#1752,.F.);
#2327=ORIENTED_EDGE('',*,*,#1753,.T.);
#2328=ORIENTED_EDGE('',*,*,#1754,.T.);
#2329=ORIENTED_EDGE('',*,*,#1727,.T.);
#2330=ORIENTED_EDGE('',*,*,#1728,.T.);
#2331=ORIENTED_EDGE('',*,*,#1635,.F.);
#2332=ORIENTED_EDGE('',*,*,#1755,.T.);
#2333=ORIENTED_EDGE('',*,*,#1641,.F.);
#2334=ORIENTED_EDGE('',*,*,#1756,.T.);
#2335=ORIENTED_EDGE('',*,*,#1718,.F.);
#2336=ORIENTED_EDGE('',*,*,#1621,.F.);
#2337=ORIENTED_EDGE('',*,*,#1757,.T.);
#2338=ORIENTED_EDGE('',*,*,#1745,.F.);
#2339=ORIENTED_EDGE('',*,*,#1755,.F.);
#2340=ORIENTED_EDGE('',*,*,#1634,.T.);
#2341=ORIENTED_EDGE('',*,*,#1758,.F.);
#2342=ORIENTED_EDGE('',*,*,#1759,.T.);
#2343=ORIENTED_EDGE('',*,*,#1619,.F.);
#2344=ORIENTED_EDGE('',*,*,#1760,.T.);
#2345=ORIENTED_EDGE('',*,*,#1652,.T.);
#2346=ORIENTED_EDGE('',*,*,#1695,.F.);
#2347=ORIENTED_EDGE('',*,*,#1715,.T.);
#2348=ORIENTED_EDGE('',*,*,#1717,.F.);
#2349=ORIENTED_EDGE('',*,*,#1719,.F.);
#2350=ORIENTED_EDGE('',*,*,#1756,.F.);
#2351=ORIENTED_EDGE('',*,*,#1744,.F.);
#2352=ORIENTED_EDGE('',*,*,#1741,.F.);
#2353=ORIENTED_EDGE('',*,*,#1752,.T.);
#2354=ORIENTED_EDGE('',*,*,#1627,.F.);
#2355=ORIENTED_EDGE('',*,*,#1750,.F.);
#2356=ORIENTED_EDGE('',*,*,#1630,.F.);
#2357=ORIENTED_EDGE('',*,*,#1646,.F.);
#2358=ORIENTED_EDGE('',*,*,#1638,.F.);
#2359=ORIENTED_EDGE('',*,*,#1629,.F.);
#2360=ORIENTED_EDGE('',*,*,#1612,.T.);
#2361=ORIENTED_EDGE('',*,*,#1761,.T.);
#2362=ORIENTED_EDGE('',*,*,#1762,.F.);
#2363=ORIENTED_EDGE('',*,*,#1763,.F.);
#2364=ORIENTED_EDGE('',*,*,#1764,.T.);
#2365=ORIENTED_EDGE('',*,*,#1761,.F.);
#2366=ORIENTED_EDGE('',*,*,#1611,.F.);
#2367=ORIENTED_EDGE('',*,*,#1606,.F.);
#2368=ORIENTED_EDGE('',*,*,#1765,.T.);
#2369=ORIENTED_EDGE('',*,*,#1766,.T.);
#2370=ORIENTED_EDGE('',*,*,#1767,.F.);
#2371=ORIENTED_EDGE('',*,*,#1593,.F.);
#2372=ORIENTED_EDGE('',*,*,#1599,.F.);
#2373=ORIENTED_EDGE('',*,*,#1590,.F.);
#2374=ORIENTED_EDGE('',*,*,#1600,.T.);
#2375=ORIENTED_EDGE('',*,*,#1613,.T.);
#2376=ORIENTED_EDGE('',*,*,#1763,.T.);
#2377=ORIENTED_EDGE('',*,*,#1768,.T.);
#2378=ORIENTED_EDGE('',*,*,#1769,.T.);
#2379=ORIENTED_EDGE('',*,*,#1615,.T.);
#2380=ORIENTED_EDGE('',*,*,#1770,.T.);
#2381=ORIENTED_EDGE('',*,*,#1771,.T.);
#2382=ORIENTED_EDGE('',*,*,#1604,.T.);
#2383=ORIENTED_EDGE('',*,*,#1625,.F.);
#2384=ORIENTED_EDGE('',*,*,#1769,.F.);
#2385=ORIENTED_EDGE('',*,*,#1772,.F.);
#2386=ORIENTED_EDGE('',*,*,#1770,.F.);
#2387=ORIENTED_EDGE('',*,*,#1614,.F.);
#2388=ORIENTED_EDGE('',*,*,#1754,.F.);
#2389=ORIENTED_EDGE('',*,*,#1773,.T.);
#2390=ORIENTED_EDGE('',*,*,#1774,.F.);
#2391=ORIENTED_EDGE('',*,*,#1773,.F.);
#2392=ORIENTED_EDGE('',*,*,#1753,.F.);
#2393=ORIENTED_EDGE('',*,*,#1775,.T.);
#2394=ORIENTED_EDGE('',*,*,#1776,.F.);
#2395=ORIENTED_EDGE('',*,*,#1775,.F.);
#2396=ORIENTED_EDGE('',*,*,#1776,.T.);
#2397=ORIENTED_EDGE('',*,*,#1774,.T.);
#2398=ORIENTED_EDGE('',*,*,#1767,.T.);
#2399=ORIENTED_EDGE('',*,*,#1777,.F.);
#2400=ORIENTED_EDGE('',*,*,#1765,.F.);
#2401=ORIENTED_EDGE('',*,*,#1609,.F.);
#2402=ORIENTED_EDGE('',*,*,#1642,.F.);
#2403=ORIENTED_EDGE('',*,*,#1650,.F.);
#2404=ORIENTED_EDGE('',*,*,#1760,.F.);
#2405=ORIENTED_EDGE('',*,*,#1751,.F.);
#2406=ORIENTED_EDGE('',*,*,#1598,.F.);
#2407=ORIENTED_EDGE('',*,*,#1594,.F.);
#2408=ORIENTED_EDGE('',*,*,#1778,.T.);
#2409=ORIENTED_EDGE('',*,*,#1779,.T.);
#2410=ORIENTED_EDGE('',*,*,#1780,.T.);
#2411=ORIENTED_EDGE('',*,*,#1781,.T.);
#2412=ORIENTED_EDGE('',*,*,#1778,.F.);
#2413=ORIENTED_EDGE('',*,*,#1782,.T.);
#2414=ORIENTED_EDGE('',*,*,#1780,.F.);
#2415=ORIENTED_EDGE('',*,*,#1783,.T.);
#2416=ORIENTED_EDGE('',*,*,#1779,.F.);
#2417=ORIENTED_EDGE('',*,*,#1784,.F.);
#2418=ORIENTED_EDGE('',*,*,#1785,.F.);
#2419=ORIENTED_EDGE('',*,*,#1786,.F.);
#2420=ORIENTED_EDGE('',*,*,#1787,.T.);
#2421=ORIENTED_EDGE('',*,*,#1788,.T.);
#2422=ORIENTED_EDGE('',*,*,#1789,.T.);
#2423=ORIENTED_EDGE('',*,*,#1790,.T.);
#2424=ORIENTED_EDGE('',*,*,#1791,.T.);
#2425=ORIENTED_EDGE('',*,*,#1792,.T.);
#2426=ORIENTED_EDGE('',*,*,#1793,.T.);
#2427=ORIENTED_EDGE('',*,*,#1794,.T.);
#2428=ORIENTED_EDGE('',*,*,#1795,.F.);
#2429=ORIENTED_EDGE('',*,*,#1796,.F.);
#2430=ORIENTED_EDGE('',*,*,#1797,.F.);
#2431=ORIENTED_EDGE('',*,*,#1798,.F.);
#2432=ORIENTED_EDGE('',*,*,#1799,.F.);
#2433=ORIENTED_EDGE('',*,*,#1800,.F.);
#2434=ORIENTED_EDGE('',*,*,#1801,.F.);
#2435=ORIENTED_EDGE('',*,*,#1802,.F.);
#2436=ORIENTED_EDGE('',*,*,#1803,.F.);
#2437=ORIENTED_EDGE('',*,*,#1804,.F.);
#2438=ORIENTED_EDGE('',*,*,#1805,.F.);
#2439=ORIENTED_EDGE('',*,*,#1806,.F.);
#2440=ORIENTED_EDGE('',*,*,#1781,.F.);
#2441=ORIENTED_EDGE('',*,*,#1782,.F.);
#2442=ORIENTED_EDGE('',*,*,#1783,.F.);
#2443=ORIENTED_EDGE('',*,*,#1786,.T.);
#2444=ORIENTED_EDGE('',*,*,#1807,.F.);
#2445=ORIENTED_EDGE('',*,*,#1784,.T.);
#2446=ORIENTED_EDGE('',*,*,#1785,.T.);
#2447=ORIENTED_EDGE('',*,*,#1808,.F.);
#2448=ORIENTED_EDGE('',*,*,#1809,.F.);
#2449=ORIENTED_EDGE('',*,*,#1810,.T.);
#2450=ORIENTED_EDGE('',*,*,#1811,.F.);
#2451=ORIENTED_EDGE('',*,*,#1812,.F.);
#2452=ORIENTED_EDGE('',*,*,#1813,.F.);
#2453=ORIENTED_EDGE('',*,*,#1814,.F.);
#2454=ORIENTED_EDGE('',*,*,#1815,.F.);
#2455=ORIENTED_EDGE('',*,*,#1816,.F.);
#2456=ORIENTED_EDGE('',*,*,#1817,.T.);
#2457=ORIENTED_EDGE('',*,*,#1818,.T.);
#2458=ORIENTED_EDGE('',*,*,#1819,.T.);
#2459=ORIENTED_EDGE('',*,*,#1820,.T.);
#2460=ORIENTED_EDGE('',*,*,#1817,.F.);
#2461=ORIENTED_EDGE('',*,*,#1821,.T.);
#2462=ORIENTED_EDGE('',*,*,#1822,.T.);
#2463=ORIENTED_EDGE('',*,*,#1823,.T.);
#2464=ORIENTED_EDGE('',*,*,#1819,.F.);
#2465=ORIENTED_EDGE('',*,*,#1824,.T.);
#2466=ORIENTED_EDGE('',*,*,#1825,.T.);
#2467=ORIENTED_EDGE('',*,*,#1826,.T.);
#2468=ORIENTED_EDGE('',*,*,#1827,.T.);
#2469=ORIENTED_EDGE('',*,*,#1828,.T.);
#2470=ORIENTED_EDGE('',*,*,#1822,.F.);
#2471=ORIENTED_EDGE('',*,*,#1829,.T.);
#2472=ORIENTED_EDGE('',*,*,#1830,.T.);
#2473=ORIENTED_EDGE('',*,*,#1831,.T.);
#2474=ORIENTED_EDGE('',*,*,#1825,.F.);
#2475=ORIENTED_EDGE('',*,*,#1832,.T.);
#2476=ORIENTED_EDGE('',*,*,#1833,.T.);
#2477=ORIENTED_EDGE('',*,*,#1834,.T.);
#2478=ORIENTED_EDGE('',*,*,#1827,.F.);
#2479=ORIENTED_EDGE('',*,*,#1835,.T.);
#2480=ORIENTED_EDGE('',*,*,#1836,.T.);
#2481=ORIENTED_EDGE('',*,*,#1837,.T.);
#2482=ORIENTED_EDGE('',*,*,#1830,.F.);
#2483=ORIENTED_EDGE('',*,*,#1838,.T.);
#2484=ORIENTED_EDGE('',*,*,#1839,.T.);
#2485=ORIENTED_EDGE('',*,*,#1840,.T.);
#2486=ORIENTED_EDGE('',*,*,#1833,.F.);
#2487=ORIENTED_EDGE('',*,*,#1841,.T.);
#2488=ORIENTED_EDGE('',*,*,#1842,.T.);
#2489=ORIENTED_EDGE('',*,*,#1843,.T.);
#2490=ORIENTED_EDGE('',*,*,#1836,.F.);
#2491=ORIENTED_EDGE('',*,*,#1844,.T.);
#2492=ORIENTED_EDGE('',*,*,#1839,.F.);
#2493=ORIENTED_EDGE('',*,*,#1845,.T.);
#2494=ORIENTED_EDGE('',*,*,#1846,.T.);
#2495=ORIENTED_EDGE('',*,*,#1847,.T.);
#2496=ORIENTED_EDGE('',*,*,#1842,.F.);
#2497=ORIENTED_EDGE('',*,*,#1848,.T.);
#2498=ORIENTED_EDGE('',*,*,#1849,.T.);
#2499=ORIENTED_EDGE('',*,*,#1850,.T.);
#2500=ORIENTED_EDGE('',*,*,#1849,.F.);
#2501=ORIENTED_EDGE('',*,*,#1851,.T.);
#2502=ORIENTED_EDGE('',*,*,#1846,.F.);
#2503=ORIENTED_EDGE('',*,*,#1852,.T.);
#2504=ORIENTED_EDGE('',*,*,#1848,.F.);
#2505=ORIENTED_EDGE('',*,*,#1853,.F.);
#2506=ORIENTED_EDGE('',*,*,#1854,.T.);
#2507=ORIENTED_EDGE('',*,*,#1855,.F.);
#2508=ORIENTED_EDGE('',*,*,#1844,.F.);
#2509=ORIENTED_EDGE('',*,*,#1856,.T.);
#2510=ORIENTED_EDGE('',*,*,#1857,.T.);
#2511=ORIENTED_EDGE('',*,*,#1853,.T.);
#2512=ORIENTED_EDGE('',*,*,#1838,.F.);
#2513=ORIENTED_EDGE('',*,*,#1858,.T.);
#2514=ORIENTED_EDGE('',*,*,#1859,.T.);
#2515=ORIENTED_EDGE('',*,*,#1856,.F.);
#2516=ORIENTED_EDGE('',*,*,#1832,.F.);
#2517=ORIENTED_EDGE('',*,*,#1860,.T.);
#2518=ORIENTED_EDGE('',*,*,#1861,.T.);
#2519=ORIENTED_EDGE('',*,*,#1858,.F.);
#2520=ORIENTED_EDGE('',*,*,#1824,.F.);
#2521=ORIENTED_EDGE('',*,*,#1862,.T.);
#2522=ORIENTED_EDGE('',*,*,#1863,.T.);
#2523=ORIENTED_EDGE('',*,*,#1860,.F.);
#2524=ORIENTED_EDGE('',*,*,#1818,.F.);
#2525=ORIENTED_EDGE('',*,*,#1864,.T.);
#2526=ORIENTED_EDGE('',*,*,#1865,.T.);
#2527=ORIENTED_EDGE('',*,*,#1862,.F.);
#2528=ORIENTED_EDGE('',*,*,#1820,.F.);
#2529=ORIENTED_EDGE('',*,*,#1826,.F.);
#2530=ORIENTED_EDGE('',*,*,#1831,.F.);
#2531=ORIENTED_EDGE('',*,*,#1837,.F.);
#2532=ORIENTED_EDGE('',*,*,#1843,.F.);
#2533=ORIENTED_EDGE('',*,*,#1850,.F.);
#2534=ORIENTED_EDGE('',*,*,#1852,.F.);
#2535=ORIENTED_EDGE('',*,*,#1845,.F.);
#2536=ORIENTED_EDGE('',*,*,#1841,.F.);
#2537=ORIENTED_EDGE('',*,*,#1835,.F.);
#2538=ORIENTED_EDGE('',*,*,#1829,.F.);
#2539=ORIENTED_EDGE('',*,*,#1821,.F.);
#2540=ORIENTED_EDGE('',*,*,#1866,.F.);
#2541=ORIENTED_EDGE('',*,*,#1867,.F.);
#2542=ORIENTED_EDGE('',*,*,#1868,.F.);
#2543=ORIENTED_EDGE('',*,*,#1869,.F.);
#2544=ORIENTED_EDGE('',*,*,#1870,.F.);
#2545=ORIENTED_EDGE('',*,*,#1871,.F.);
#2546=ORIENTED_EDGE('',*,*,#1872,.F.);
#2547=ORIENTED_EDGE('',*,*,#1873,.F.);
#2548=ORIENTED_EDGE('',*,*,#1874,.F.);
#2549=ORIENTED_EDGE('',*,*,#1875,.F.);
#2550=ORIENTED_EDGE('',*,*,#1823,.F.);
#2551=ORIENTED_EDGE('',*,*,#1876,.T.);
#2552=ORIENTED_EDGE('',*,*,#1877,.T.);
#2553=ORIENTED_EDGE('',*,*,#1864,.F.);
#2554=ORIENTED_EDGE('',*,*,#1828,.F.);
#2555=ORIENTED_EDGE('',*,*,#1878,.T.);
#2556=ORIENTED_EDGE('',*,*,#1815,.T.);
#2557=ORIENTED_EDGE('',*,*,#1876,.F.);
#2558=ORIENTED_EDGE('',*,*,#1807,.T.);
#2559=ORIENTED_EDGE('',*,*,#1816,.T.);
#2560=ORIENTED_EDGE('',*,*,#1878,.F.);
#2561=ORIENTED_EDGE('',*,*,#1834,.F.);
#2562=ORIENTED_EDGE('',*,*,#1879,.T.);
#2563=ORIENTED_EDGE('',*,*,#1808,.T.);
#2564=ORIENTED_EDGE('',*,*,#1840,.F.);
#2565=ORIENTED_EDGE('',*,*,#1880,.T.);
#2566=ORIENTED_EDGE('',*,*,#1809,.T.);
#2567=ORIENTED_EDGE('',*,*,#1879,.F.);
#2568=ORIENTED_EDGE('',*,*,#1847,.F.);
#2569=ORIENTED_EDGE('',*,*,#1881,.T.);
#2570=ORIENTED_EDGE('',*,*,#1882,.T.);
#2571=ORIENTED_EDGE('',*,*,#1880,.F.);
#2572=ORIENTED_EDGE('',*,*,#1851,.F.);
#2573=ORIENTED_EDGE('',*,*,#1855,.T.);
#2574=ORIENTED_EDGE('',*,*,#1883,.T.);
#2575=ORIENTED_EDGE('',*,*,#1881,.F.);
#2576=ORIENTED_EDGE('',*,*,#1882,.F.);
#2577=ORIENTED_EDGE('',*,*,#1883,.F.);
#2578=ORIENTED_EDGE('',*,*,#1854,.F.);
#2579=ORIENTED_EDGE('',*,*,#1884,.T.);
#2580=ORIENTED_EDGE('',*,*,#1885,.T.);
#2581=ORIENTED_EDGE('',*,*,#1886,.T.);
#2582=ORIENTED_EDGE('',*,*,#1887,.F.);
#2583=ORIENTED_EDGE('',*,*,#1810,.F.);
#2584=ORIENTED_EDGE('',*,*,#1888,.T.);
#2585=ORIENTED_EDGE('',*,*,#1889,.T.);
#2586=ORIENTED_EDGE('',*,*,#1890,.T.);
#2587=ORIENTED_EDGE('',*,*,#1866,.T.);
#2588=ORIENTED_EDGE('',*,*,#1891,.T.);
#2589=ORIENTED_EDGE('',*,*,#1867,.T.);
#2590=ORIENTED_EDGE('',*,*,#1890,.F.);
#2591=ORIENTED_EDGE('',*,*,#1892,.T.);
#2592=ORIENTED_EDGE('',*,*,#1893,.T.);
#2593=ORIENTED_EDGE('',*,*,#1868,.T.);
#2594=ORIENTED_EDGE('',*,*,#1891,.F.);
#2595=ORIENTED_EDGE('',*,*,#1894,.T.);
#2596=ORIENTED_EDGE('',*,*,#1895,.T.);
#2597=ORIENTED_EDGE('',*,*,#1869,.T.);
#2598=ORIENTED_EDGE('',*,*,#1893,.F.);
#2599=ORIENTED_EDGE('',*,*,#1896,.T.);
#2600=ORIENTED_EDGE('',*,*,#1897,.T.);
#2601=ORIENTED_EDGE('',*,*,#1870,.T.);
#2602=ORIENTED_EDGE('',*,*,#1895,.F.);
#2603=ORIENTED_EDGE('',*,*,#1898,.T.);
#2604=ORIENTED_EDGE('',*,*,#1899,.T.);
#2605=ORIENTED_EDGE('',*,*,#1871,.T.);
#2606=ORIENTED_EDGE('',*,*,#1897,.F.);
#2607=ORIENTED_EDGE('',*,*,#1900,.T.);
#2608=ORIENTED_EDGE('',*,*,#1901,.T.);
#2609=ORIENTED_EDGE('',*,*,#1872,.T.);
#2610=ORIENTED_EDGE('',*,*,#1899,.F.);
#2611=ORIENTED_EDGE('',*,*,#1902,.T.);
#2612=ORIENTED_EDGE('',*,*,#1903,.T.);
#2613=ORIENTED_EDGE('',*,*,#1873,.T.);
#2614=ORIENTED_EDGE('',*,*,#1901,.F.);
#2615=ORIENTED_EDGE('',*,*,#1904,.T.);
#2616=ORIENTED_EDGE('',*,*,#1905,.T.);
#2617=ORIENTED_EDGE('',*,*,#1874,.T.);
#2618=ORIENTED_EDGE('',*,*,#1903,.F.);
#2619=ORIENTED_EDGE('',*,*,#1906,.T.);
#2620=ORIENTED_EDGE('',*,*,#1888,.F.);
#2621=ORIENTED_EDGE('',*,*,#1875,.T.);
#2622=ORIENTED_EDGE('',*,*,#1905,.F.);
#2623=ORIENTED_EDGE('',*,*,#1907,.T.);
#2624=ORIENTED_EDGE('',*,*,#1898,.F.);
#2625=ORIENTED_EDGE('',*,*,#1908,.F.);
#2626=ORIENTED_EDGE('',*,*,#1909,.F.);
#2627=ORIENTED_EDGE('',*,*,#1910,.T.);
#2628=ORIENTED_EDGE('',*,*,#1896,.F.);
#2629=ORIENTED_EDGE('',*,*,#1911,.F.);
#2630=ORIENTED_EDGE('',*,*,#1912,.F.);
#2631=ORIENTED_EDGE('',*,*,#1908,.T.);
#2632=ORIENTED_EDGE('',*,*,#1894,.F.);
#2633=ORIENTED_EDGE('',*,*,#1913,.F.);
#2634=ORIENTED_EDGE('',*,*,#1914,.F.);
#2635=ORIENTED_EDGE('',*,*,#1911,.T.);
#2636=ORIENTED_EDGE('',*,*,#1892,.F.);
#2637=ORIENTED_EDGE('',*,*,#1915,.F.);
#2638=ORIENTED_EDGE('',*,*,#1916,.F.);
#2639=ORIENTED_EDGE('',*,*,#1913,.T.);
#2640=ORIENTED_EDGE('',*,*,#1889,.F.);
#2641=ORIENTED_EDGE('',*,*,#1917,.F.);
#2642=ORIENTED_EDGE('',*,*,#1918,.F.);
#2643=ORIENTED_EDGE('',*,*,#1915,.T.);
#2644=ORIENTED_EDGE('',*,*,#1919,.T.);
#2645=ORIENTED_EDGE('',*,*,#1912,.T.);
#2646=ORIENTED_EDGE('',*,*,#1920,.T.);
#2647=ORIENTED_EDGE('',*,*,#1921,.T.);
#2648=ORIENTED_EDGE('',*,*,#1922,.T.);
#2649=ORIENTED_EDGE('',*,*,#1923,.T.);
#2650=ORIENTED_EDGE('',*,*,#1920,.F.);
#2651=ORIENTED_EDGE('',*,*,#1914,.T.);
#2652=ORIENTED_EDGE('',*,*,#1924,.T.);
#2653=ORIENTED_EDGE('',*,*,#1925,.T.);
#2654=ORIENTED_EDGE('',*,*,#1922,.F.);
#2655=ORIENTED_EDGE('',*,*,#1916,.T.);
#2656=ORIENTED_EDGE('',*,*,#1926,.T.);
#2657=ORIENTED_EDGE('',*,*,#1927,.T.);
#2658=ORIENTED_EDGE('',*,*,#1924,.F.);
#2659=ORIENTED_EDGE('',*,*,#1918,.T.);
#2660=ORIENTED_EDGE('',*,*,#1928,.T.);
#2661=ORIENTED_EDGE('',*,*,#1929,.T.);
#2662=ORIENTED_EDGE('',*,*,#1926,.F.);
#2663=ORIENTED_EDGE('',*,*,#1930,.T.);
#2664=ORIENTED_EDGE('',*,*,#1931,.T.);
#2665=ORIENTED_EDGE('',*,*,#1932,.T.);
#2666=ORIENTED_EDGE('',*,*,#1928,.F.);
#2667=ORIENTED_EDGE('',*,*,#1933,.T.);
#2668=ORIENTED_EDGE('',*,*,#1934,.T.);
#2669=ORIENTED_EDGE('',*,*,#1935,.T.);
#2670=ORIENTED_EDGE('',*,*,#1931,.F.);
#2671=ORIENTED_EDGE('',*,*,#1936,.T.);
#2672=ORIENTED_EDGE('',*,*,#1937,.T.);
#2673=ORIENTED_EDGE('',*,*,#1938,.T.);
#2674=ORIENTED_EDGE('',*,*,#1934,.F.);
#2675=ORIENTED_EDGE('',*,*,#1939,.T.);
#2676=ORIENTED_EDGE('',*,*,#1940,.T.);
#2677=ORIENTED_EDGE('',*,*,#1941,.T.);
#2678=ORIENTED_EDGE('',*,*,#1937,.F.);
#2679=ORIENTED_EDGE('',*,*,#1942,.T.);
#2680=ORIENTED_EDGE('',*,*,#1919,.F.);
#2681=ORIENTED_EDGE('',*,*,#1943,.T.);
#2682=ORIENTED_EDGE('',*,*,#1940,.F.);
#2683=ORIENTED_EDGE('',*,*,#1909,.T.);
#2684=ORIENTED_EDGE('',*,*,#1907,.F.);
#2685=ORIENTED_EDGE('',*,*,#1944,.F.);
#2686=ORIENTED_EDGE('',*,*,#1930,.F.);
#2687=ORIENTED_EDGE('',*,*,#1917,.T.);
#2688=ORIENTED_EDGE('',*,*,#1945,.F.);
#2689=ORIENTED_EDGE('',*,*,#1946,.F.);
#2690=ORIENTED_EDGE('',*,*,#1947,.F.);
#2691=ORIENTED_EDGE('',*,*,#1948,.F.);
#2692=ORIENTED_EDGE('',*,*,#1921,.F.);
#2693=ORIENTED_EDGE('',*,*,#1923,.F.);
#2694=ORIENTED_EDGE('',*,*,#1925,.F.);
#2695=ORIENTED_EDGE('',*,*,#1927,.F.);
#2696=ORIENTED_EDGE('',*,*,#1929,.F.);
#2697=ORIENTED_EDGE('',*,*,#1932,.F.);
#2698=ORIENTED_EDGE('',*,*,#1935,.F.);
#2699=ORIENTED_EDGE('',*,*,#1938,.F.);
#2700=ORIENTED_EDGE('',*,*,#1941,.F.);
#2701=ORIENTED_EDGE('',*,*,#1943,.F.);
#2702=ORIENTED_EDGE('',*,*,#1949,.T.);
#2703=ORIENTED_EDGE('',*,*,#1950,.T.);
#2704=ORIENTED_EDGE('',*,*,#1951,.T.);
#2705=ORIENTED_EDGE('',*,*,#1952,.T.);
#2706=ORIENTED_EDGE('',*,*,#1950,.F.);
#2707=ORIENTED_EDGE('',*,*,#1952,.F.);
#2708=ORIENTED_EDGE('',*,*,#1953,.T.);
#2709=ORIENTED_EDGE('',*,*,#1954,.F.);
#2710=ORIENTED_EDGE('',*,*,#1953,.F.);
#2711=ORIENTED_EDGE('',*,*,#1951,.F.);
#2712=ORIENTED_EDGE('',*,*,#1949,.F.);
#2713=ORIENTED_EDGE('',*,*,#1955,.T.);
#2714=ORIENTED_EDGE('',*,*,#1956,.T.);
#2715=ORIENTED_EDGE('',*,*,#1957,.T.);
#2716=ORIENTED_EDGE('',*,*,#1958,.T.);
#2717=ORIENTED_EDGE('',*,*,#1956,.F.);
#2718=ORIENTED_EDGE('',*,*,#1958,.F.);
#2719=ORIENTED_EDGE('',*,*,#1959,.T.);
#2720=ORIENTED_EDGE('',*,*,#1960,.F.);
#2721=ORIENTED_EDGE('',*,*,#1959,.F.);
#2722=ORIENTED_EDGE('',*,*,#1957,.F.);
#2723=ORIENTED_EDGE('',*,*,#1955,.F.);
#2724=ORIENTED_EDGE('',*,*,#1961,.T.);
#2725=ORIENTED_EDGE('',*,*,#1962,.T.);
#2726=ORIENTED_EDGE('',*,*,#1963,.T.);
#2727=ORIENTED_EDGE('',*,*,#1964,.T.);
#2728=ORIENTED_EDGE('',*,*,#1962,.F.);
#2729=ORIENTED_EDGE('',*,*,#1964,.F.);
#2730=ORIENTED_EDGE('',*,*,#1965,.T.);
#2731=ORIENTED_EDGE('',*,*,#1966,.F.);
#2732=ORIENTED_EDGE('',*,*,#1965,.F.);
#2733=ORIENTED_EDGE('',*,*,#1963,.F.);
#2734=ORIENTED_EDGE('',*,*,#1961,.F.);
#2735=ORIENTED_EDGE('',*,*,#1967,.T.);
#2736=ORIENTED_EDGE('',*,*,#1968,.T.);
#2737=ORIENTED_EDGE('',*,*,#1969,.T.);
#2738=ORIENTED_EDGE('',*,*,#1970,.T.);
#2739=ORIENTED_EDGE('',*,*,#1968,.F.);
#2740=ORIENTED_EDGE('',*,*,#1970,.F.);
#2741=ORIENTED_EDGE('',*,*,#1971,.T.);
#2742=ORIENTED_EDGE('',*,*,#1972,.F.);
#2743=ORIENTED_EDGE('',*,*,#1971,.F.);
#2744=ORIENTED_EDGE('',*,*,#1969,.F.);
#2745=ORIENTED_EDGE('',*,*,#1967,.F.);
#2746=ORIENTED_EDGE('',*,*,#1973,.F.);
#2747=ORIENTED_EDGE('',*,*,#1974,.T.);
#2748=ORIENTED_EDGE('',*,*,#1795,.T.);
#2749=ORIENTED_EDGE('',*,*,#1974,.F.);
#2750=ORIENTED_EDGE('',*,*,#1975,.F.);
#2751=ORIENTED_EDGE('',*,*,#1976,.T.);
#2752=ORIENTED_EDGE('',*,*,#1806,.T.);
#2753=ORIENTED_EDGE('',*,*,#1976,.F.);
#2754=ORIENTED_EDGE('',*,*,#1977,.F.);
#2755=ORIENTED_EDGE('',*,*,#1978,.T.);
#2756=ORIENTED_EDGE('',*,*,#1796,.T.);
#2757=ORIENTED_EDGE('',*,*,#1978,.F.);
#2758=ORIENTED_EDGE('',*,*,#1979,.F.);
#2759=ORIENTED_EDGE('',*,*,#1980,.T.);
#2760=ORIENTED_EDGE('',*,*,#1805,.T.);
#2761=ORIENTED_EDGE('',*,*,#1980,.F.);
#2762=ORIENTED_EDGE('',*,*,#1801,.T.);
#2763=ORIENTED_EDGE('',*,*,#1981,.F.);
#2764=ORIENTED_EDGE('',*,*,#1982,.F.);
#2765=ORIENTED_EDGE('',*,*,#1983,.F.);
#2766=ORIENTED_EDGE('',*,*,#1803,.T.);
#2767=ORIENTED_EDGE('',*,*,#1984,.F.);
#2768=ORIENTED_EDGE('',*,*,#1985,.F.);
#2769=ORIENTED_EDGE('',*,*,#1986,.F.);
#2770=ORIENTED_EDGE('',*,*,#1984,.T.);
#2771=ORIENTED_EDGE('',*,*,#1802,.T.);
#2772=ORIENTED_EDGE('',*,*,#1983,.T.);
#2773=ORIENTED_EDGE('',*,*,#1987,.T.);
#2774=ORIENTED_EDGE('',*,*,#1988,.F.);
#2775=ORIENTED_EDGE('',*,*,#1989,.F.);
#2776=ORIENTED_EDGE('',*,*,#1799,.T.);
#2777=ORIENTED_EDGE('',*,*,#1990,.F.);
#2778=ORIENTED_EDGE('',*,*,#1981,.T.);
#2779=ORIENTED_EDGE('',*,*,#1800,.T.);
#2780=ORIENTED_EDGE('',*,*,#1989,.T.);
#2781=ORIENTED_EDGE('',*,*,#1991,.T.);
#2782=ORIENTED_EDGE('',*,*,#1992,.F.);
#2783=ORIENTED_EDGE('',*,*,#1993,.F.);
#2784=ORIENTED_EDGE('',*,*,#1994,.F.);
#2785=ORIENTED_EDGE('',*,*,#1797,.T.);
#2786=ORIENTED_EDGE('',*,*,#1995,.F.);
#2787=ORIENTED_EDGE('',*,*,#1996,.F.);
#2788=ORIENTED_EDGE('',*,*,#1997,.F.);
#2789=ORIENTED_EDGE('',*,*,#1995,.T.);
#2790=ORIENTED_EDGE('',*,*,#1804,.T.);
#2791=ORIENTED_EDGE('',*,*,#1986,.T.);
#2792=ORIENTED_EDGE('',*,*,#1998,.T.);
#2793=ORIENTED_EDGE('',*,*,#1999,.F.);
#2794=ORIENTED_EDGE('',*,*,#2000,.F.);
#2795=ORIENTED_EDGE('',*,*,#2001,.F.);
#2796=ORIENTED_EDGE('',*,*,#2000,.T.);
#2797=ORIENTED_EDGE('',*,*,#2002,.T.);
#2798=ORIENTED_EDGE('',*,*,#1994,.T.);
#2799=ORIENTED_EDGE('',*,*,#1947,.T.);
#2800=ORIENTED_EDGE('',*,*,#2003,.F.);
#2801=ORIENTED_EDGE('',*,*,#2004,.F.);
#2802=ORIENTED_EDGE('',*,*,#2005,.F.);
#2803=ORIENTED_EDGE('',*,*,#2006,.F.);
#2804=ORIENTED_EDGE('',*,*,#2007,.F.);
#2805=ORIENTED_EDGE('',*,*,#2008,.F.);
#2806=ORIENTED_EDGE('',*,*,#2004,.T.);
#2807=ORIENTED_EDGE('',*,*,#2009,.T.);
#2808=ORIENTED_EDGE('',*,*,#2007,.T.);
#2809=ORIENTED_EDGE('',*,*,#1945,.T.);
#2810=ORIENTED_EDGE('',*,*,#1996,.T.);
#2811=ORIENTED_EDGE('',*,*,#2010,.T.);
#2812=ORIENTED_EDGE('',*,*,#2008,.T.);
#2813=ORIENTED_EDGE('',*,*,#2011,.T.);
#2814=ORIENTED_EDGE('',*,*,#2006,.T.);
#2815=ORIENTED_EDGE('',*,*,#2012,.T.);
#2816=ORIENTED_EDGE('',*,*,#2001,.T.);
#2817=ORIENTED_EDGE('',*,*,#1946,.T.);
#2818=ORIENTED_EDGE('',*,*,#1993,.T.);
#2819=ORIENTED_EDGE('',*,*,#2013,.T.);
#2820=ORIENTED_EDGE('',*,*,#2005,.T.);
#2821=ORIENTED_EDGE('',*,*,#1948,.T.);
#2822=ORIENTED_EDGE('',*,*,#1988,.T.);
#2823=ORIENTED_EDGE('',*,*,#2014,.T.);
#2824=ORIENTED_EDGE('',*,*,#2003,.T.);
#2825=ORIENTED_EDGE('',*,*,#2015,.T.);
#2826=ORIENTED_EDGE('',*,*,#1985,.T.);
#2827=ORIENTED_EDGE('',*,*,#2016,.T.);
#2828=ORIENTED_EDGE('',*,*,#1999,.T.);
#2829=ORIENTED_EDGE('',*,*,#2017,.T.);
#2830=ORIENTED_EDGE('',*,*,#1990,.T.);
#2831=ORIENTED_EDGE('',*,*,#1798,.T.);
#2832=ORIENTED_EDGE('',*,*,#1997,.T.);
#2833=ORIENTED_EDGE('',*,*,#2018,.T.);
#2834=ORIENTED_EDGE('',*,*,#1982,.T.);
#2835=ORIENTED_EDGE('',*,*,#2019,.T.);
#2836=ORIENTED_EDGE('',*,*,#1992,.T.);
#2837=ORIENTED_EDGE('',*,*,#2020,.T.);
#2838=ORIENTED_EDGE('',*,*,#1998,.F.);
#2839=ORIENTED_EDGE('',*,*,#2017,.F.);
#2840=ORIENTED_EDGE('',*,*,#2012,.F.);
#2841=ORIENTED_EDGE('',*,*,#2010,.F.);
#2842=ORIENTED_EDGE('',*,*,#2002,.F.);
#2843=ORIENTED_EDGE('',*,*,#2016,.F.);
#2844=ORIENTED_EDGE('',*,*,#1987,.F.);
#2845=ORIENTED_EDGE('',*,*,#2020,.F.);
#2846=ORIENTED_EDGE('',*,*,#2009,.F.);
#2847=ORIENTED_EDGE('',*,*,#2014,.F.);
#2848=ORIENTED_EDGE('',*,*,#2018,.F.);
#2849=ORIENTED_EDGE('',*,*,#2011,.F.);
#2850=ORIENTED_EDGE('',*,*,#2013,.F.);
#2851=ORIENTED_EDGE('',*,*,#2019,.F.);
#2852=ORIENTED_EDGE('',*,*,#1991,.F.);
#2853=ORIENTED_EDGE('',*,*,#2015,.F.);
#2854=ORIENTED_EDGE('',*,*,#1877,.F.);
#2855=ORIENTED_EDGE('',*,*,#1814,.T.);
#2856=ORIENTED_EDGE('',*,*,#2021,.T.);
#2857=ORIENTED_EDGE('',*,*,#1736,.T.);
#2858=ORIENTED_EDGE('',*,*,#2022,.T.);
#2859=ORIENTED_EDGE('',*,*,#2023,.F.);
#2860=ORIENTED_EDGE('',*,*,#1863,.F.);
#2861=ORIENTED_EDGE('',*,*,#1865,.F.);
#2862=ORIENTED_EDGE('',*,*,#1906,.F.);
#2863=ORIENTED_EDGE('',*,*,#2024,.F.);
#2864=ORIENTED_EDGE('',*,*,#1933,.F.);
#2865=ORIENTED_EDGE('',*,*,#1944,.T.);
#2866=ORIENTED_EDGE('',*,*,#1904,.F.);
#2867=ORIENTED_EDGE('',*,*,#2025,.F.);
#2868=ORIENTED_EDGE('',*,*,#1936,.F.);
#2869=ORIENTED_EDGE('',*,*,#2024,.T.);
#2870=ORIENTED_EDGE('',*,*,#1902,.F.);
#2871=ORIENTED_EDGE('',*,*,#2026,.F.);
#2872=ORIENTED_EDGE('',*,*,#1939,.F.);
#2873=ORIENTED_EDGE('',*,*,#2025,.T.);
#2874=ORIENTED_EDGE('',*,*,#1900,.F.);
#2875=ORIENTED_EDGE('',*,*,#1910,.F.);
#2876=ORIENTED_EDGE('',*,*,#1942,.F.);
#2877=ORIENTED_EDGE('',*,*,#2026,.T.);
#2878=ORIENTED_EDGE('',*,*,#1861,.F.);
#2879=ORIENTED_EDGE('',*,*,#2023,.T.);
#2880=ORIENTED_EDGE('',*,*,#2027,.F.);
#2881=ORIENTED_EDGE('',*,*,#2028,.F.);
#2882=ORIENTED_EDGE('',*,*,#2029,.F.);
#2883=ORIENTED_EDGE('',*,*,#1884,.F.);
#2884=ORIENTED_EDGE('',*,*,#1857,.F.);
#2885=ORIENTED_EDGE('',*,*,#1859,.F.);
#2886=ORIENTED_EDGE('',*,*,#1979,.T.);
#2887=ORIENTED_EDGE('',*,*,#1972,.T.);
#2888=ORIENTED_EDGE('',*,*,#1977,.T.);
#2889=ORIENTED_EDGE('',*,*,#1960,.T.);
#2890=ORIENTED_EDGE('',*,*,#1973,.T.);
#2891=ORIENTED_EDGE('',*,*,#1966,.T.);
#2892=ORIENTED_EDGE('',*,*,#1975,.T.);
#2893=ORIENTED_EDGE('',*,*,#1954,.T.);
#2894=ORIENTED_EDGE('',*,*,#2030,.F.);
#2895=ORIENTED_EDGE('',*,*,#1689,.F.);
#2896=ORIENTED_EDGE('',*,*,#2031,.F.);
#2897=ORIENTED_EDGE('',*,*,#1787,.F.);
#2898=ORIENTED_EDGE('',*,*,#2032,.F.);
#2899=ORIENTED_EDGE('',*,*,#1788,.F.);
#2900=ORIENTED_EDGE('',*,*,#2031,.T.);
#2901=ORIENTED_EDGE('',*,*,#2033,.F.);
#2902=ORIENTED_EDGE('',*,*,#2034,.F.);
#2903=ORIENTED_EDGE('',*,*,#1789,.F.);
#2904=ORIENTED_EDGE('',*,*,#2032,.T.);
#2905=ORIENTED_EDGE('',*,*,#1746,.F.);
#2906=ORIENTED_EDGE('',*,*,#2035,.F.);
#2907=ORIENTED_EDGE('',*,*,#1790,.F.);
#2908=ORIENTED_EDGE('',*,*,#2034,.T.);
#2909=ORIENTED_EDGE('',*,*,#1757,.F.);
#2910=ORIENTED_EDGE('',*,*,#2036,.F.);
#2911=ORIENTED_EDGE('',*,*,#1791,.F.);
#2912=ORIENTED_EDGE('',*,*,#2035,.T.);
#2913=ORIENTED_EDGE('',*,*,#1620,.F.);
#2914=ORIENTED_EDGE('',*,*,#2037,.F.);
#2915=ORIENTED_EDGE('',*,*,#1792,.F.);
#2916=ORIENTED_EDGE('',*,*,#2036,.T.);
#2917=ORIENTED_EDGE('',*,*,#1759,.F.);
#2918=ORIENTED_EDGE('',*,*,#2038,.F.);
#2919=ORIENTED_EDGE('',*,*,#1793,.F.);
#2920=ORIENTED_EDGE('',*,*,#2037,.T.);
#2921=ORIENTED_EDGE('',*,*,#2039,.F.);
#2922=ORIENTED_EDGE('',*,*,#2030,.T.);
#2923=ORIENTED_EDGE('',*,*,#1794,.F.);
#2924=ORIENTED_EDGE('',*,*,#2038,.T.);
#2925=ORIENTED_EDGE('',*,*,#2040,.F.);
#2926=ORIENTED_EDGE('',*,*,#1749,.F.);
#2927=ORIENTED_EDGE('',*,*,#1676,.F.);
#2928=ORIENTED_EDGE('',*,*,#2041,.T.);
#2929=ORIENTED_EDGE('',*,*,#2039,.T.);
#2930=ORIENTED_EDGE('',*,*,#1758,.T.);
#2931=ORIENTED_EDGE('',*,*,#1633,.F.);
#2932=ORIENTED_EDGE('',*,*,#2040,.T.);
#2933=ORIENTED_EDGE('',*,*,#2041,.F.);
#2934=ORIENTED_EDGE('',*,*,#1675,.F.);
#2935=ORIENTED_EDGE('',*,*,#1690,.F.);
#2936=ORIENTED_EDGE('',*,*,#1694,.T.);
#2937=ORIENTED_EDGE('',*,*,#1747,.F.);
#2938=ORIENTED_EDGE('',*,*,#2033,.T.);
#2939=ORIENTED_EDGE('',*,*,#1688,.F.);
#2940=ORIENTED_EDGE('',*,*,#2042,.T.);
#2941=ORIENTED_EDGE('',*,*,#2043,.T.);
#2942=ORIENTED_EDGE('',*,*,#2021,.F.);
#2943=ORIENTED_EDGE('',*,*,#1813,.T.);
#2944=ORIENTED_EDGE('',*,*,#2044,.T.);
#2945=ORIENTED_EDGE('',*,*,#2045,.T.);
#2946=ORIENTED_EDGE('',*,*,#2042,.F.);
#2947=ORIENTED_EDGE('',*,*,#1812,.T.);
#2948=ORIENTED_EDGE('',*,*,#1887,.T.);
#2949=ORIENTED_EDGE('',*,*,#2046,.T.);
#2950=ORIENTED_EDGE('',*,*,#2044,.F.);
#2951=ORIENTED_EDGE('',*,*,#1811,.T.);
#2952=ORIENTED_EDGE('',*,*,#2047,.T.);
#2953=ORIENTED_EDGE('',*,*,#2048,.T.);
#2954=ORIENTED_EDGE('',*,*,#1885,.F.);
#2955=ORIENTED_EDGE('',*,*,#2029,.T.);
#2956=ORIENTED_EDGE('',*,*,#2049,.T.);
#2957=ORIENTED_EDGE('',*,*,#2050,.T.);
#2958=ORIENTED_EDGE('',*,*,#2047,.F.);
#2959=ORIENTED_EDGE('',*,*,#2028,.T.);
#2960=ORIENTED_EDGE('',*,*,#2022,.F.);
#2961=ORIENTED_EDGE('',*,*,#2051,.T.);
#2962=ORIENTED_EDGE('',*,*,#2049,.F.);
#2963=ORIENTED_EDGE('',*,*,#2027,.T.);
#2964=ORIENTED_EDGE('',*,*,#2048,.F.);
#2965=ORIENTED_EDGE('',*,*,#2052,.T.);
#2966=ORIENTED_EDGE('',*,*,#1663,.T.);
#2967=ORIENTED_EDGE('',*,*,#2053,.T.);
#2968=ORIENTED_EDGE('',*,*,#2050,.F.);
#2969=ORIENTED_EDGE('',*,*,#2054,.F.);
#2970=ORIENTED_EDGE('',*,*,#1664,.F.);
#2971=ORIENTED_EDGE('',*,*,#2052,.F.);
#2972=ORIENTED_EDGE('',*,*,#2051,.F.);
#2973=ORIENTED_EDGE('',*,*,#1738,.T.);
#2974=ORIENTED_EDGE('',*,*,#1665,.T.);
#2975=ORIENTED_EDGE('',*,*,#2054,.T.);
#2976=ORIENTED_EDGE('',*,*,#2046,.F.);
#2977=ORIENTED_EDGE('',*,*,#2055,.T.);
#2978=ORIENTED_EDGE('',*,*,#1669,.T.);
#2979=ORIENTED_EDGE('',*,*,#2056,.T.);
#2980=ORIENTED_EDGE('',*,*,#1886,.F.);
#2981=ORIENTED_EDGE('',*,*,#2053,.F.);
#2982=ORIENTED_EDGE('',*,*,#1670,.F.);
#2983=ORIENTED_EDGE('',*,*,#2055,.F.);
#2984=ORIENTED_EDGE('',*,*,#1777,.T.);
#2985=ORIENTED_EDGE('',*,*,#1766,.F.);
#2986=ORIENTED_EDGE('',*,*,#1605,.T.);
#2987=ORIENTED_EDGE('',*,*,#1771,.F.);
#2988=ORIENTED_EDGE('',*,*,#1772,.T.);
#2989=ORIENTED_EDGE('',*,*,#1768,.F.);
#2990=ORIENTED_EDGE('',*,*,#1762,.T.);
#2991=ORIENTED_EDGE('',*,*,#1764,.F.);
#2992=ORIENTED_EDGE('',*,*,#2043,.F.);
#2993=ORIENTED_EDGE('',*,*,#2057,.T.);
#2994=ORIENTED_EDGE('',*,*,#1667,.T.);
#2995=ORIENTED_EDGE('',*,*,#1737,.T.);
#2996=ORIENTED_EDGE('',*,*,#2045,.F.);
#2997=ORIENTED_EDGE('',*,*,#2056,.F.);
#2998=ORIENTED_EDGE('',*,*,#1668,.F.);
#2999=ORIENTED_EDGE('',*,*,#2057,.F.);
#3000=SPHERICAL_SURFACE('',#3218,0.249999999999999);
#3001=SPHERICAL_SURFACE('',#3234,0.250000000000004);
#3002=SPHERICAL_SURFACE('',#3544,0.5);
#3003=SPHERICAL_SURFACE('',#3553,0.5);
#3004=SPHERICAL_SURFACE('',#3558,0.5);
#3005=SPHERICAL_SURFACE('',#3562,0.5);
#3006=ADVANCED_FACE('',(#653),#3000,.F.);
#3007=ADVANCED_FACE('',(#654),#573,.F.);
#3008=ADVANCED_FACE('',(#655),#574,.F.);
#3009=ADVANCED_FACE('',(#656),#575,.F.);
#3010=ADVANCED_FACE('',(#657),#107,.F.);
#3011=ADVANCED_FACE('',(#658),#108,.F.);
#3012=ADVANCED_FACE('',(#659),#576,.F.);
#3013=ADVANCED_FACE('',(#660),#109,.F.);
#3014=ADVANCED_FACE('',(#661),#3001,.F.);
#3015=ADVANCED_FACE('',(#662),#577,.F.);
#3016=ADVANCED_FACE('',(#663),#578,.F.);
#3017=ADVANCED_FACE('',(#664),#579,.F.);
#3018=ADVANCED_FACE('',(#665),#110,.T.);
#3019=ADVANCED_FACE('',(#666),#580,.F.);
#3020=ADVANCED_FACE('',(#667),#581,.F.);
#3021=ADVANCED_FACE('',(#668),#111,.T.);
#3022=ADVANCED_FACE('',(#669),#112,.T.);
#3023=ADVANCED_FACE('',(#670),#582,.F.);
#3024=ADVANCED_FACE('',(#671),#113,.T.);
#3025=ADVANCED_FACE('',(#672),#583,.T.);
#3026=ADVANCED_FACE('',(#673,#80,#81,#82,#83),#114,.T.);
#3027=ADVANCED_FACE('',(#674),#115,.T.);
#3028=ADVANCED_FACE('',(#675),#584,.F.);
#3029=ADVANCED_FACE('',(#676),#116,.F.);
#3030=ADVANCED_FACE('',(#677),#585,.F.);
#3031=ADVANCED_FACE('',(#678,#84),#117,.F.);
#3032=ADVANCED_FACE('',(#679),#77,.F.);
#3033=ADVANCED_FACE('',(#680),#57,.T.);
#3034=ADVANCED_FACE('',(#681),#58,.T.);
#3035=ADVANCED_FACE('',(#682),#59,.T.);
#3036=ADVANCED_FACE('',(#683),#60,.T.);
#3037=ADVANCED_FACE('',(#684),#61,.T.);
#3038=ADVANCED_FACE('',(#685),#118,.T.);
#3039=ADVANCED_FACE('',(#686),#586,.F.);
#3040=ADVANCED_FACE('',(#687),#51,.T.);
#3041=ADVANCED_FACE('',(#688),#587,.F.);
#3042=ADVANCED_FACE('',(#689),#78,.F.);
#3043=ADVANCED_FACE('',(#690),#79,.F.);
#3044=ADVANCED_FACE('',(#691),#588,.F.);
#3045=ADVANCED_FACE('',(#692),#589,.F.);
#3046=ADVANCED_FACE('',(#693),#15,.F.);
#3047=ADVANCED_FACE('',(#694),#590,.T.);
#3048=ADVANCED_FACE('',(#695,#85),#119,.T.);
#3049=ADVANCED_FACE('',(#696),#16,.T.);
#3050=ADVANCED_FACE('',(#697),#120,.T.);
#3051=ADVANCED_FACE('',(#698),#591,.F.);
#3052=ADVANCED_FACE('',(#699),#121,.F.);
#3053=ADVANCED_FACE('',(#700),#592,.F.);
#3054=ADVANCED_FACE('',(#701,#86,#87),#122,.T.);
#3055=ADVANCED_FACE('',(#702),#52,.T.);
#3056=ADVANCED_FACE('',(#703),#593,.F.);
#3057=ADVANCED_FACE('',(#704),#594,.F.);
#3058=ADVANCED_FACE('',(#705),#123,.T.);
#3059=ADVANCED_FACE('',(#706),#124,.T.);
#3060=ADVANCED_FACE('',(#707),#125,.F.);
#3061=ADVANCED_FACE('',(#708),#595,.F.);
#3062=ADVANCED_FACE('',(#709),#596,.F.);
#3063=ADVANCED_FACE('',(#710),#597,.F.);
#3064=ADVANCED_FACE('',(#711),#598,.F.);
#3065=ADVANCED_FACE('',(#712),#126,.F.);
#3066=ADVANCED_FACE('',(#713),#599,.F.);
#3067=ADVANCED_FACE('',(#714),#600,.F.);
#3068=ADVANCED_FACE('',(#715),#127,.F.);
#3069=ADVANCED_FACE('',(#716),#128,.F.);
#3070=ADVANCED_FACE('',(#717),#129,.F.);
#3071=ADVANCED_FACE('',(#718),#17,.T.);
#3072=ADVANCED_FACE('',(#719),#62,.F.);
#3073=ADVANCED_FACE('',(#720),#18,.T.);
#3074=ADVANCED_FACE('',(#721,#88,#89,#90,#91,#92,#93),#130,.T.);
#3075=ADVANCED_FACE('',(#722),#63,.F.);
#3076=ADVANCED_FACE('',(#723),#131,.F.);
#3077=ADVANCED_FACE('',(#724),#601,.T.);
#3078=ADVANCED_FACE('',(#725),#64,.F.);
#3079=ADVANCED_FACE('',(#726),#65,.F.);
#3080=ADVANCED_FACE('',(#727),#66,.F.);
#3081=ADVANCED_FACE('',(#728),#67,.F.);
#3082=ADVANCED_FACE('',(#729),#602,.T.);
#3083=ADVANCED_FACE('',(#730),#603,.T.);
#3084=ADVANCED_FACE('',(#731),#68,.F.);
#3085=ADVANCED_FACE('',(#732),#69,.F.);
#3086=ADVANCED_FACE('',(#733),#70,.F.);
#3087=ADVANCED_FACE('',(#734),#71,.F.);
#3088=ADVANCED_FACE('',(#735),#604,.T.);
#3089=ADVANCED_FACE('',(#736),#72,.T.);
#3090=ADVANCED_FACE('',(#737),#19,.F.);
#3091=ADVANCED_FACE('',(#738),#605,.F.);
#3092=ADVANCED_FACE('',(#739),#20,.F.);
#3093=ADVANCED_FACE('',(#740),#73,.T.);
#3094=ADVANCED_FACE('',(#741),#606,.F.);
#3095=ADVANCED_FACE('',(#742,#94),#132,.T.);
#3096=ADVANCED_FACE('',(#743),#74,.T.);
#3097=ADVANCED_FACE('',(#744),#21,.F.);
#3098=ADVANCED_FACE('',(#745),#607,.F.);
#3099=ADVANCED_FACE('',(#746),#22,.F.);
#3100=ADVANCED_FACE('',(#747),#75,.T.);
#3101=ADVANCED_FACE('',(#748),#608,.F.);
#3102=ADVANCED_FACE('',(#749),#609,.T.);
#3103=ADVANCED_FACE('',(#750),#610,.T.);
#3104=ADVANCED_FACE('',(#751),#23,.T.);
#3105=ADVANCED_FACE('',(#752),#24,.T.);
#3106=ADVANCED_FACE('',(#753),#611,.T.);
#3107=ADVANCED_FACE('',(#754),#25,.T.);
#3108=ADVANCED_FACE('',(#755),#26,.T.);
#3109=ADVANCED_FACE('',(#756),#612,.T.);
#3110=ADVANCED_FACE('',(#757),#27,.T.);
#3111=ADVANCED_FACE('',(#758),#613,.T.);
#3112=ADVANCED_FACE('',(#759),#28,.T.);
#3113=ADVANCED_FACE('',(#760),#614,.F.);
#3114=ADVANCED_FACE('',(#761),#133,.T.);
#3115=ADVANCED_FACE('',(#762),#615,.F.);
#3116=ADVANCED_FACE('',(#763),#616,.F.);
#3117=ADVANCED_FACE('',(#764),#134,.T.);
#3118=ADVANCED_FACE('',(#765),#617,.T.);
#3119=ADVANCED_FACE('',(#766),#29,.T.);
#3120=ADVANCED_FACE('',(#767),#30,.T.);
#3121=ADVANCED_FACE('',(#768),#618,.T.);
#3122=ADVANCED_FACE('',(#769),#31,.T.);
#3123=ADVANCED_FACE('',(#770),#619,.T.);
#3124=ADVANCED_FACE('',(#771),#32,.T.);
#3125=ADVANCED_FACE('',(#772),#620,.T.);
#3126=ADVANCED_FACE('',(#773),#33,.T.);
#3127=ADVANCED_FACE('',(#774),#34,.T.);
#3128=ADVANCED_FACE('',(#775),#621,.F.);
#3129=ADVANCED_FACE('',(#776,#95),#135,.F.);
#3130=ADVANCED_FACE('',(#777),#35,.T.);
#3131=ADVANCED_FACE('',(#778),#622,.T.);
#3132=ADVANCED_FACE('',(#779),#136,.T.);
#3133=ADVANCED_FACE('',(#780),#36,.T.);
#3134=ADVANCED_FACE('',(#781),#623,.T.);
#3135=ADVANCED_FACE('',(#782),#137,.T.);
#3136=ADVANCED_FACE('',(#783),#37,.T.);
#3137=ADVANCED_FACE('',(#784),#624,.T.);
#3138=ADVANCED_FACE('',(#785),#138,.T.);
#3139=ADVANCED_FACE('',(#786),#38,.T.);
#3140=ADVANCED_FACE('',(#787),#625,.T.);
#3141=ADVANCED_FACE('',(#788),#139,.T.);
#3142=ADVANCED_FACE('',(#789),#39,.F.);
#3143=ADVANCED_FACE('',(#790),#40,.F.);
#3144=ADVANCED_FACE('',(#791),#41,.F.);
#3145=ADVANCED_FACE('',(#792),#42,.F.);
#3146=ADVANCED_FACE('',(#793),#43,.T.);
#3147=ADVANCED_FACE('',(#794),#44,.T.);
#3148=ADVANCED_FACE('',(#795),#626,.T.);
#3149=ADVANCED_FACE('',(#796),#45,.T.);
#3150=ADVANCED_FACE('',(#797),#627,.T.);
#3151=ADVANCED_FACE('',(#798),#3002,.F.);
#3152=ADVANCED_FACE('',(#799),#46,.T.);
#3153=ADVANCED_FACE('',(#800),#628,.T.);
#3154=ADVANCED_FACE('',(#801),#3003,.F.);
#3155=ADVANCED_FACE('',(#802),#629,.F.);
#3156=ADVANCED_FACE('',(#803),#3004,.F.);
#3157=ADVANCED_FACE('',(#804),#3005,.F.);
#3158=ADVANCED_FACE('',(#805),#630,.F.);
#3159=ADVANCED_FACE('',(#806),#631,.F.);
#3160=ADVANCED_FACE('',(#807),#632,.F.);
#3161=ADVANCED_FACE('',(#808),#633,.F.);
#3162=ADVANCED_FACE('',(#809),#634,.F.);
#3163=ADVANCED_FACE('',(#810),#635,.F.);
#3164=ADVANCED_FACE('',(#811),#636,.T.);
#3165=ADVANCED_FACE('',(#812),#637,.F.);
#3166=ADVANCED_FACE('',(#813),#140,.F.);
#3167=ADVANCED_FACE('',(#814),#141,.F.);
#3168=ADVANCED_FACE('',(#815),#142,.F.);
#3169=ADVANCED_FACE('',(#816),#143,.F.);
#3170=ADVANCED_FACE('',(#817),#638,.T.);
#3171=ADVANCED_FACE('',(#818),#144,.T.);
#3172=ADVANCED_FACE('',(#819),#639,.F.);
#3173=ADVANCED_FACE('',(#820),#145,.T.);
#3174=ADVANCED_FACE('',(#821),#640,.F.);
#3175=ADVANCED_FACE('',(#822),#146,.F.);
#3176=ADVANCED_FACE('',(#823,#96),#147,.T.);
#3177=ADVANCED_FACE('',(#824,#97),#148,.T.);
#3178=ADVANCED_FACE('',(#825,#98),#149,.T.);
#3179=ADVANCED_FACE('',(#826,#99),#150,.T.);
#3180=ADVANCED_FACE('',(#827),#641,.F.);
#3181=ADVANCED_FACE('',(#828),#47,.F.);
#3182=ADVANCED_FACE('',(#829),#642,.F.);
#3183=ADVANCED_FACE('',(#830),#48,.F.);
#3184=ADVANCED_FACE('',(#831),#643,.F.);
#3185=ADVANCED_FACE('',(#832),#49,.F.);
#3186=ADVANCED_FACE('',(#833),#644,.F.);
#3187=ADVANCED_FACE('',(#834),#50,.F.);
#3188=ADVANCED_FACE('',(#835),#151,.F.);
#3189=ADVANCED_FACE('',(#836),#645,.F.);
#3190=ADVANCED_FACE('',(#837),#646,.F.);
#3191=ADVANCED_FACE('',(#838),#53,.F.);
#3192=ADVANCED_FACE('',(#839),#647,.T.);
#3193=ADVANCED_FACE('',(#840),#54,.F.);
#3194=ADVANCED_FACE('',(#841),#55,.F.);
#3195=ADVANCED_FACE('',(#842),#648,.T.);
#3196=ADVANCED_FACE('',(#843),#56,.F.);
#3197=ADVANCED_FACE('',(#844),#649,.T.);
#3198=ADVANCED_FACE('',(#845),#152,.T.);
#3199=ADVANCED_FACE('',(#846),#650,.T.);
#3200=ADVANCED_FACE('',(#847),#651,.T.);
#3201=ADVANCED_FACE('',(#848,#100),#153,.T.);
#3202=ADVANCED_FACE('',(#849),#652,.T.);
#3203=ADVANCED_FACE('',(#850),#154,.T.);
#3204=CLOSED_SHELL('',(#3006,#3007,#3008,#3009,#3010,#3011,#3012,#3013,
#3014,#3015,#3016,#3017,#3018,#3019,#3020,#3021,#3022,#3023,#3024,#3025,
#3026,#3027,#3028,#3029,#3030,#3031,#3032,#3033,#3034,#3035,#3036,#3037,
#3038,#3039,#3040,#3041,#3042,#3043,#3044,#3045,#3046,#3047,#3048,#3049,
#3050,#3051,#3052,#3053,#3054,#3055,#3056,#3057,#3058,#3059,#3060,#3061,
#3062,#3063,#3064,#3065,#3066,#3067,#3068,#3069,#3070,#3071,#3072,#3073,
#3074,#3075,#3076,#3077,#3078,#3079,#3080,#3081,#3082,#3083,#3084,#3085,
#3086,#3087,#3088,#3089,#3090,#3091,#3092,#3093,#3094,#3095,#3096,#3097,
#3098,#3099,#3100,#3101,#3102,#3103,#3104,#3105,#3106,#3107,#3108,#3109,
#3110,#3111,#3112,#3113,#3114,#3115,#3116,#3117,#3118,#3119,#3120,#3121,
#3122,#3123,#3124,#3125,#3126,#3127,#3128,#3129,#3130,#3131,#3132,#3133,
#3134,#3135,#3136,#3137,#3138,#3139,#3140,#3141,#3142,#3143,#3144,#3145,
#3146,#3147,#3148,#3149,#3150,#3151,#3152,#3153,#3154,#3155,#3156,#3157,
#3158,#3159,#3160,#3161,#3162,#3163,#3164,#3165,#3166,#3167,#3168,#3169,
#3170,#3171,#3172,#3173,#3174,#3175,#3176,#3177,#3178,#3179,#3180,#3181,
#3182,#3183,#3184,#3185,#3186,#3187,#3188,#3189,#3190,#3191,#3192,#3193,
#3194,#3195,#3196,#3197,#3198,#3199,#3200,#3201,#3202,#3203));
#3205=DERIVED_UNIT_ELEMENT(#3207,1.);
#3206=DERIVED_UNIT_ELEMENT(#6337,-3.);
#3207=(
MASS_UNIT()
NAMED_UNIT(*)
SI_UNIT(.KILO.,.GRAM.)
);
#3208=DERIVED_UNIT((#3205,#3206));
#3209=MEASURE_REPRESENTATION_ITEM('density measure',
POSITIVE_RATIO_MEASURE(7850.),#3208);
#3210=PROPERTY_DEFINITION_REPRESENTATION(#3215,#3212);
#3211=PROPERTY_DEFINITION_REPRESENTATION(#3216,#3213);
#3212=REPRESENTATION('material name',(#3214),#6334);
#3213=REPRESENTATION('density',(#3209),#6334);
#3214=DESCRIPTIVE_REPRESENTATION_ITEM('Steel','Steel');
#3215=PROPERTY_DEFINITION('material property','material name',#6344);
#3216=PROPERTY_DEFINITION('material property','density of part',#6344);
#3217=AXIS2_PLACEMENT_3D('',#4643,#3630,#3631);
#3218=AXIS2_PLACEMENT_3D('',#4644,#3632,#3633);
#3219=AXIS2_PLACEMENT_3D('',#4647,#3634,#3635);
#3220=AXIS2_PLACEMENT_3D('',#4649,#3636,#3637);
#3221=AXIS2_PLACEMENT_3D('',#4650,#3638,#3639);
#3222=AXIS2_PLACEMENT_3D('',#4651,#3640,#3641);
#3223=AXIS2_PLACEMENT_3D('',#4662,#3644,#3645);
#3224=AXIS2_PLACEMENT_3D('',#4671,#3648,#3649);
#3225=AXIS2_PLACEMENT_3D('',#4674,#3650,#3651);
#3226=AXIS2_PLACEMENT_3D('',#4677,#3654,#3655);
#3227=AXIS2_PLACEMENT_3D('',#4678,#3656,#3657);
#3228=AXIS2_PLACEMENT_3D('',#4679,#3658,#3659);
#3229=AXIS2_PLACEMENT_3D('',#4691,#3666,#3667);
#3230=AXIS2_PLACEMENT_3D('',#4708,#3670,#3671);
#3231=AXIS2_PLACEMENT_3D('',#4712,#3673,#3674);
#3232=AXIS2_PLACEMENT_3D('',#4716,#3676,#3677);
#3233=AXIS2_PLACEMENT_3D('',#4720,#3679,#3680);
#3234=AXIS2_PLACEMENT_3D('',#4732,#3687,#3688);
#3235=AXIS2_PLACEMENT_3D('',#4734,#3689,#3690);
#3236=AXIS2_PLACEMENT_3D('',#4735,#3691,#3692);
#3237=AXIS2_PLACEMENT_3D('',#4736,#3693,#3694);
#3238=AXIS2_PLACEMENT_3D('',#4737,#3695,#3696);
#3239=AXIS2_PLACEMENT_3D('',#4744,#3697,#3698);
#3240=AXIS2_PLACEMENT_3D('',#4746,#3699,#3700);
#3241=AXIS2_PLACEMENT_3D('',#4748,#3702,#3703);
#3242=AXIS2_PLACEMENT_3D('',#4757,#3705,#3706);
#3243=AXIS2_PLACEMENT_3D('',#4764,#3709,#3710);
#3244=AXIS2_PLACEMENT_3D('',#4768,#3712,#3713);
#3245=AXIS2_PLACEMENT_3D('',#4775,#3714,#3715);
#3246=AXIS2_PLACEMENT_3D('',#4777,#3717,#3718);
#3247=AXIS2_PLACEMENT_3D('',#4779,#3719,#3720);
#3248=AXIS2_PLACEMENT_3D('',#4795,#3722,#3723);
#3249=AXIS2_PLACEMENT_3D('',#4796,#3724,#3725);
#3250=AXIS2_PLACEMENT_3D('',#4798,#3726,#3727);
#3251=AXIS2_PLACEMENT_3D('',#4800,#3728,#3729);
#3252=AXIS2_PLACEMENT_3D('',#4821,#3731,#3732);
#3253=AXIS2_PLACEMENT_3D('',#4826,#3735,#3736);
#3254=AXIS2_PLACEMENT_3D('',#4827,#3737,#3738);
#3255=AXIS2_PLACEMENT_3D('',#4828,#3739,#3740);
#3256=AXIS2_PLACEMENT_3D('',#4832,#3742,#3743);
#3257=AXIS2_PLACEMENT_3D('',#4834,#3745,#3746);
#3258=AXIS2_PLACEMENT_3D('',#4837,#3747,#3748);
#3259=AXIS2_PLACEMENT_3D('',#4841,#3750,#3751);
#3260=AXIS2_PLACEMENT_3D('',#4843,#3753,#3754);
#3261=AXIS2_PLACEMENT_3D('',#4849,#3758,#3759);
#3262=AXIS2_PLACEMENT_3D('',#4851,#3760,#3761);
#3263=AXIS2_PLACEMENT_3D('',#4854,#3763,#3764);
#3264=AXIS2_PLACEMENT_3D('',#4855,#3765,#3766);
#3265=AXIS2_PLACEMENT_3D('',#4858,#3767,#3768);
#3266=AXIS2_PLACEMENT_3D('',#4862,#3770,#3771);
#3267=AXIS2_PLACEMENT_3D('',#4866,#3773,#3774);
#3268=AXIS2_PLACEMENT_3D('',#4870,#3776,#3777);
#3269=AXIS2_PLACEMENT_3D('',#4873,#3779,#3780);
#3270=AXIS2_PLACEMENT_3D('',#4877,#3782,#3783);
#3271=AXIS2_PLACEMENT_3D('',#4881,#3785,#3786);
#3272=AXIS2_PLACEMENT_3D('',#4885,#3788,#3789);
#3273=AXIS2_PLACEMENT_3D('',#4889,#3791,#3792);
#3274=AXIS2_PLACEMENT_3D('',#4892,#3794,#3795);
#3275=AXIS2_PLACEMENT_3D('',#4894,#3796,#3797);
#3276=AXIS2_PLACEMENT_3D('',#4895,#3798,#3799);
#3277=AXIS2_PLACEMENT_3D('',#4899,#3802,#3803);
#3278=AXIS2_PLACEMENT_3D('',#4901,#3804,#3805);
#3279=AXIS2_PLACEMENT_3D('',#4903,#3807,#3808);
#3280=AXIS2_PLACEMENT_3D('',#4911,#3813,#3814);
#3281=AXIS2_PLACEMENT_3D('',#4913,#3815,#3816);
#3282=AXIS2_PLACEMENT_3D('',#4915,#3818,#3819);
#3283=AXIS2_PLACEMENT_3D('',#4918,#3821,#3822);
#3284=AXIS2_PLACEMENT_3D('',#4919,#3823,#3824);
#3285=AXIS2_PLACEMENT_3D('',#4927,#3826,#3827);
#3286=AXIS2_PLACEMENT_3D('',#4929,#3828,#3829);
#3287=AXIS2_PLACEMENT_3D('',#4932,#3831,#3832);
#3288=AXIS2_PLACEMENT_3D('',#5142,#3837,#3838);
#3289=AXIS2_PLACEMENT_3D('',#5146,#3841,#3842);
#3290=AXIS2_PLACEMENT_3D('',#5148,#3843,#3844);
#3291=AXIS2_PLACEMENT_3D('',#5149,#3845,#3846);
#3292=AXIS2_PLACEMENT_3D('',#5160,#3847,#3848);
#3293=AXIS2_PLACEMENT_3D('',#5165,#3849,#3850);
#3294=AXIS2_PLACEMENT_3D('',#5167,#3851,#3852);
#3295=AXIS2_PLACEMENT_3D('',#5169,#3854,#3855);
#3296=AXIS2_PLACEMENT_3D('',#5171,#3857,#3858);
#3297=AXIS2_PLACEMENT_3D('',#5174,#3860,#3861);
#3298=AXIS2_PLACEMENT_3D('',#5175,#3862,#3863);
#3299=AXIS2_PLACEMENT_3D('',#5202,#3865,#3866);
#3300=AXIS2_PLACEMENT_3D('',#5203,#3867,#3868);
#3301=AXIS2_PLACEMENT_3D('',#5204,#3869,#3870);
#3302=AXIS2_PLACEMENT_3D('',#5207,#3871,#3872);
#3303=AXIS2_PLACEMENT_3D('',#5209,#3873,#3874);
#3304=AXIS2_PLACEMENT_3D('',#5210,#3875,#3876);
#3305=AXIS2_PLACEMENT_3D('',#5211,#3877,#3878);
#3306=AXIS2_PLACEMENT_3D('',#5212,#3879,#3880);
#3307=AXIS2_PLACEMENT_3D('',#5215,#3881,#3882);
#3308=AXIS2_PLACEMENT_3D('',#5217,#3884,#3885);
#3309=AXIS2_PLACEMENT_3D('',#5218,#3886,#3887);
#3310=AXIS2_PLACEMENT_3D('',#5224,#3891,#3892);
#3311=AXIS2_PLACEMENT_3D('',#5226,#3893,#3894);
#3312=AXIS2_PLACEMENT_3D('',#5227,#3895,#3896);
#3313=AXIS2_PLACEMENT_3D('',#5228,#3897,#3898);
#3314=AXIS2_PLACEMENT_3D('',#5229,#3899,#3900);
#3315=AXIS2_PLACEMENT_3D('',#5232,#3901,#3902);
#3316=AXIS2_PLACEMENT_3D('',#5235,#3905,#3906);
#3317=AXIS2_PLACEMENT_3D('',#5243,#3911,#3912);
#3318=AXIS2_PLACEMENT_3D('',#5246,#3915,#3916);
#3319=AXIS2_PLACEMENT_3D('',#5252,#3920,#3921);
#3320=AXIS2_PLACEMENT_3D('',#5254,#3922,#3923);
#3321=AXIS2_PLACEMENT_3D('',#5264,#3924,#3925);
#3322=AXIS2_PLACEMENT_3D('',#5265,#3926,#3927);
#3323=AXIS2_PLACEMENT_3D('',#5266,#3928,#3929);
#3324=AXIS2_PLACEMENT_3D('',#5267,#3930,#3931);
#3325=AXIS2_PLACEMENT_3D('',#5268,#3932,#3933);
#3326=AXIS2_PLACEMENT_3D('',#5271,#3935,#3936);
#3327=AXIS2_PLACEMENT_3D('',#5272,#3937,#3938);
#3328=AXIS2_PLACEMENT_3D('',#5274,#3940,#3941);
#3329=AXIS2_PLACEMENT_3D('',#5275,#3942,#3943);
#3330=AXIS2_PLACEMENT_3D('',#5281,#3947,#3948);
#3331=AXIS2_PLACEMENT_3D('',#5283,#3949,#3950);
#3332=AXIS2_PLACEMENT_3D('',#5285,#3952,#3953);
#3333=AXIS2_PLACEMENT_3D('',#5287,#3954,#3955);
#3334=AXIS2_PLACEMENT_3D('',#5289,#3957,#3958);
#3335=AXIS2_PLACEMENT_3D('',#5291,#3959,#3960);
#3336=AXIS2_PLACEMENT_3D('',#5293,#3962,#3963);
#3337=AXIS2_PLACEMENT_3D('',#5296,#3965,#3966);
#3338=AXIS2_PLACEMENT_3D('',#5297,#3967,#3968);
#3339=AXIS2_PLACEMENT_3D('',#5299,#3970,#3971);
#3340=AXIS2_PLACEMENT_3D('',#5302,#3973,#3974);
#3341=AXIS2_PLACEMENT_3D('',#5303,#3975,#3976);
#3342=AXIS2_PLACEMENT_3D('',#5306,#3978,#3979);
#3343=AXIS2_PLACEMENT_3D('',#5307,#3980,#3981);
#3344=AXIS2_PLACEMENT_3D('',#5308,#3982,#3983);
#3345=AXIS2_PLACEMENT_3D('',#5309,#3984,#3985);
#3346=AXIS2_PLACEMENT_3D('',#5311,#3987,#3988);
#3347=AXIS2_PLACEMENT_3D('',#5314,#3989,#3990);
#3348=AXIS2_PLACEMENT_3D('',#5316,#3991,#3992);
#3349=AXIS2_PLACEMENT_3D('',#5318,#3993,#3994);
#3350=AXIS2_PLACEMENT_3D('',#5319,#3995,#3996);
#3351=AXIS2_PLACEMENT_3D('',#5356,#3997,#3998);
#3352=AXIS2_PLACEMENT_3D('',#5358,#3999,#4000);
#3353=AXIS2_PLACEMENT_3D('',#5360,#4001,#4002);
#3354=AXIS2_PLACEMENT_3D('',#5361,#4003,#4004);
#3355=AXIS2_PLACEMENT_3D('',#5362,#4005,#4006);
#3356=AXIS2_PLACEMENT_3D('',#5367,#4008,#4009);
#3357=AXIS2_PLACEMENT_3D('',#5371,#4011,#4012);
#3358=AXIS2_PLACEMENT_3D('',#5375,#4014,#4015);
#3359=AXIS2_PLACEMENT_3D('',#5378,#4017,#4018);
#3360=AXIS2_PLACEMENT_3D('',#5380,#4019,#4020);
#3361=AXIS2_PLACEMENT_3D('',#5382,#4021,#4022);
#3362=AXIS2_PLACEMENT_3D('',#5385,#4023,#4024);
#3363=AXIS2_PLACEMENT_3D('',#5389,#4026,#4027);
#3364=AXIS2_PLACEMENT_3D('',#5393,#4029,#4030);
#3365=AXIS2_PLACEMENT_3D('',#5397,#4032,#4033);
#3366=AXIS2_PLACEMENT_3D('',#5400,#4035,#4036);
#3367=AXIS2_PLACEMENT_3D('',#5402,#4037,#4038);
#3368=AXIS2_PLACEMENT_3D('',#5423,#4039,#4040);
#3369=AXIS2_PLACEMENT_3D('',#5427,#4042,#4043);
#3370=AXIS2_PLACEMENT_3D('',#5431,#4045,#4046);
#3371=AXIS2_PLACEMENT_3D('',#5435,#4048,#4049);
#3372=AXIS2_PLACEMENT_3D('',#5439,#4051,#4052);
#3373=AXIS2_PLACEMENT_3D('',#5441,#4054,#4055);
#3374=AXIS2_PLACEMENT_3D('',#5444,#4056,#4057);
#3375=AXIS2_PLACEMENT_3D('',#5448,#4059,#4060);
#3376=AXIS2_PLACEMENT_3D('',#5488,#4062,#4063);
#3377=AXIS2_PLACEMENT_3D('',#5533,#4064,#4065);
#3378=AXIS2_PLACEMENT_3D('',#5562,#4066,#4067);
#3379=AXIS2_PLACEMENT_3D('',#5593,#4068,#4069);
#3380=AXIS2_PLACEMENT_3D('',#5602,#4070,#4071);
#3381=AXIS2_PLACEMENT_3D('',#5605,#4072,#4073);
#3382=AXIS2_PLACEMENT_3D('',#5608,#4076,#4077);
#3383=AXIS2_PLACEMENT_3D('',#5611,#4078,#4079);
#3384=AXIS2_PLACEMENT_3D('',#5636,#4082,#4083);
#3385=AXIS2_PLACEMENT_3D('',#5667,#4084,#4085);
#3386=AXIS2_PLACEMENT_3D('',#5714,#4086,#4087);
#3387=AXIS2_PLACEMENT_3D('',#5759,#4088,#4089);
#3388=AXIS2_PLACEMENT_3D('',#5766,#4090,#4091);
#3389=AXIS2_PLACEMENT_3D('',#5795,#4094,#4095);
#3390=AXIS2_PLACEMENT_3D('',#5802,#4096,#4097);
#3391=AXIS2_PLACEMENT_3D('',#5803,#4098,#4099);
#3392=AXIS2_PLACEMENT_3D('',#5805,#4100,#4101);
#3393=AXIS2_PLACEMENT_3D('',#5806,#4102,#4103);
#3394=AXIS2_PLACEMENT_3D('',#5807,#4104,#4105);
#3395=AXIS2_PLACEMENT_3D('',#5809,#4106,#4107);
#3396=AXIS2_PLACEMENT_3D('',#5811,#4109,#4110);
#3397=AXIS2_PLACEMENT_3D('',#5813,#4111,#4112);
#3398=AXIS2_PLACEMENT_3D('',#5814,#4113,#4114);
#3399=AXIS2_PLACEMENT_3D('',#5841,#4115,#4116);
#3400=AXIS2_PLACEMENT_3D('',#5847,#4117,#4118);
#3401=AXIS2_PLACEMENT_3D('',#5849,#4119,#4120);
#3402=AXIS2_PLACEMENT_3D('',#5851,#4122,#4123);
#3403=AXIS2_PLACEMENT_3D('',#5856,#4125,#4126);
#3404=AXIS2_PLACEMENT_3D('',#5858,#4127,#4128);
#3405=AXIS2_PLACEMENT_3D('',#5862,#4130,#4131);
#3406=AXIS2_PLACEMENT_3D('',#5864,#4132,#4133);
#3407=AXIS2_PLACEMENT_3D('',#5868,#4135,#4136);
#3408=AXIS2_PLACEMENT_3D('',#5871,#4138,#4139);
#3409=AXIS2_PLACEMENT_3D('',#5897,#4140,#4141);
#3410=AXIS2_PLACEMENT_3D('',#5903,#4142,#4143);
#3411=AXIS2_PLACEMENT_3D('',#5904,#4144,#4145);
#3412=AXIS2_PLACEMENT_3D('',#5905,#4146,#4147);
#3413=AXIS2_PLACEMENT_3D('',#5906,#4148,#4149);
#3414=AXIS2_PLACEMENT_3D('',#5907,#4150,#4151);
#3415=AXIS2_PLACEMENT_3D('',#5908,#4152,#4153);
#3416=AXIS2_PLACEMENT_3D('',#5935,#4154,#4155);
#3417=AXIS2_PLACEMENT_3D('',#5941,#4156,#4157);
#3418=AXIS2_PLACEMENT_3D('',#5943,#4159,#4160);
#3419=AXIS2_PLACEMENT_3D('',#5947,#4162,#4163);
#3420=AXIS2_PLACEMENT_3D('',#5950,#4165,#4166);
#3421=AXIS2_PLACEMENT_3D('',#5951,#4167,#4168);
#3422=AXIS2_PLACEMENT_3D('',#5953,#4169,#4170);
#3423=AXIS2_PLACEMENT_3D('',#5956,#4172,#4173);
#3424=AXIS2_PLACEMENT_3D('',#5957,#4174,#4175);
#3425=AXIS2_PLACEMENT_3D('',#5959,#4176,#4177);
#3426=AXIS2_PLACEMENT_3D('',#5960,#4178,#4179);
#3427=AXIS2_PLACEMENT_3D('',#5961,#4180,#4181);
#3428=AXIS2_PLACEMENT_3D('',#5963,#4182,#4183);
#3429=AXIS2_PLACEMENT_3D('',#5964,#4184,#4185);
#3430=AXIS2_PLACEMENT_3D('',#5965,#4186,#4187);
#3431=AXIS2_PLACEMENT_3D('',#5967,#4188,#4189);
#3432=AXIS2_PLACEMENT_3D('',#5969,#4191,#4192);
#3433=AXIS2_PLACEMENT_3D('',#5971,#4193,#4194);
#3434=AXIS2_PLACEMENT_3D('',#5972,#4195,#4196);
#3435=AXIS2_PLACEMENT_3D('',#5973,#4197,#4198);
#3436=AXIS2_PLACEMENT_3D('',#5975,#4199,#4200);
#3437=AXIS2_PLACEMENT_3D('',#5976,#4201,#4202);
#3438=AXIS2_PLACEMENT_3D('',#5977,#4203,#4204);
#3439=AXIS2_PLACEMENT_3D('',#5979,#4205,#4206);
#3440=AXIS2_PLACEMENT_3D('',#5981,#4208,#4209);
#3441=AXIS2_PLACEMENT_3D('',#5983,#4210,#4211);
#3442=AXIS2_PLACEMENT_3D('',#5984,#4212,#4213);
#3443=AXIS2_PLACEMENT_3D('',#5985,#4214,#4215);
#3444=AXIS2_PLACEMENT_3D('',#5987,#4216,#4217);
#3445=AXIS2_PLACEMENT_3D('',#5989,#4219,#4220);
#3446=AXIS2_PLACEMENT_3D('',#5990,#4221,#4222);
#3447=AXIS2_PLACEMENT_3D('',#5991,#4223,#4224);
#3448=AXIS2_PLACEMENT_3D('',#5995,#4226,#4227);
#3449=AXIS2_PLACEMENT_3D('',#5997,#4229,#4230);
#3450=AXIS2_PLACEMENT_3D('',#6001,#4233,#4234);
#3451=AXIS2_PLACEMENT_3D('',#6004,#4236,#4237);
#3452=AXIS2_PLACEMENT_3D('',#6005,#4238,#4239);
#3453=AXIS2_PLACEMENT_3D('',#6008,#4241,#4242);
#3454=AXIS2_PLACEMENT_3D('',#6009,#4243,#4244);
#3455=AXIS2_PLACEMENT_3D('',#6013,#4247,#4248);
#3456=AXIS2_PLACEMENT_3D('',#6015,#4249,#4250);
#3457=AXIS2_PLACEMENT_3D('',#6017,#4251,#4252);
#3458=AXIS2_PLACEMENT_3D('',#6019,#4254,#4255);
#3459=AXIS2_PLACEMENT_3D('',#6021,#4256,#4257);
#3460=AXIS2_PLACEMENT_3D('',#6022,#4258,#4259);
#3461=AXIS2_PLACEMENT_3D('',#6023,#4260,#4261);
#3462=AXIS2_PLACEMENT_3D('',#6025,#4262,#4263);
#3463=AXIS2_PLACEMENT_3D('',#6026,#4264,#4265);
#3464=AXIS2_PLACEMENT_3D('',#6027,#4266,#4267);
#3465=AXIS2_PLACEMENT_3D('',#6029,#4268,#4269);
#3466=AXIS2_PLACEMENT_3D('',#6031,#4271,#4272);
#3467=AXIS2_PLACEMENT_3D('',#6034,#4273,#4274);
#3468=AXIS2_PLACEMENT_3D('',#6035,#4275,#4276);
#3469=AXIS2_PLACEMENT_3D('',#6036,#4277,#4278);
#3470=AXIS2_PLACEMENT_3D('',#6037,#4279,#4280);
#3471=AXIS2_PLACEMENT_3D('',#6040,#4281,#4282);
#3472=AXIS2_PLACEMENT_3D('',#6043,#4285,#4286);
#3473=AXIS2_PLACEMENT_3D('',#6046,#4287,#4288);
#3474=AXIS2_PLACEMENT_3D('',#6047,#4289,#4290);
#3475=AXIS2_PLACEMENT_3D('',#6048,#4291,#4292);
#3476=AXIS2_PLACEMENT_3D('',#6049,#4293,#4294);
#3477=AXIS2_PLACEMENT_3D('',#6052,#4295,#4296);
#3478=AXIS2_PLACEMENT_3D('',#6055,#4299,#4300);
#3479=AXIS2_PLACEMENT_3D('',#6057,#4301,#4302);
#3480=AXIS2_PLACEMENT_3D('',#6058,#4303,#4304);
#3481=AXIS2_PLACEMENT_3D('',#6059,#4305,#4306);
#3482=AXIS2_PLACEMENT_3D('',#6060,#4307,#4308);
#3483=AXIS2_PLACEMENT_3D('',#6061,#4309,#4310);
#3484=AXIS2_PLACEMENT_3D('',#6062,#4311,#4312);
#3485=AXIS2_PLACEMENT_3D('',#6064,#4314,#4315);
#3486=AXIS2_PLACEMENT_3D('',#6073,#4320,#4321);
#3487=AXIS2_PLACEMENT_3D('',#6075,#4322,#4323);
#3488=AXIS2_PLACEMENT_3D('',#6077,#4324,#4325);
#3489=AXIS2_PLACEMENT_3D('',#6079,#4326,#4327);
#3490=AXIS2_PLACEMENT_3D('',#6080,#4328,#4329);
#3491=AXIS2_PLACEMENT_3D('',#6081,#4330,#4331);
#3492=AXIS2_PLACEMENT_3D('',#6084,#4333,#4334);
#3493=AXIS2_PLACEMENT_3D('',#6085,#4335,#4336);
#3494=AXIS2_PLACEMENT_3D('',#6086,#4337,#4338);
#3495=AXIS2_PLACEMENT_3D('',#6088,#4339,#4340);
#3496=AXIS2_PLACEMENT_3D('',#6090,#4341,#4342);
#3497=AXIS2_PLACEMENT_3D('',#6092,#4343,#4344);
#3498=AXIS2_PLACEMENT_3D('',#6093,#4345,#4346);
#3499=AXIS2_PLACEMENT_3D('',#6094,#4347,#4348);
#3500=AXIS2_PLACEMENT_3D('',#6097,#4350,#4351);
#3501=AXIS2_PLACEMENT_3D('',#6098,#4352,#4353);
#3502=AXIS2_PLACEMENT_3D('',#6099,#4354,#4355);
#3503=AXIS2_PLACEMENT_3D('',#6101,#4356,#4357);
#3504=AXIS2_PLACEMENT_3D('',#6103,#4358,#4359);
#3505=AXIS2_PLACEMENT_3D('',#6105,#4360,#4361);
#3506=AXIS2_PLACEMENT_3D('',#6106,#4362,#4363);
#3507=AXIS2_PLACEMENT_3D('',#6107,#4364,#4365);
#3508=AXIS2_PLACEMENT_3D('',#6110,#4367,#4368);
#3509=AXIS2_PLACEMENT_3D('',#6111,#4369,#4370);
#3510=AXIS2_PLACEMENT_3D('',#6112,#4371,#4372);
#3511=AXIS2_PLACEMENT_3D('',#6114,#4373,#4374);
#3512=AXIS2_PLACEMENT_3D('',#6116,#4375,#4376);
#3513=AXIS2_PLACEMENT_3D('',#6118,#4377,#4378);
#3514=AXIS2_PLACEMENT_3D('',#6119,#4379,#4380);
#3515=AXIS2_PLACEMENT_3D('',#6120,#4381,#4382);
#3516=AXIS2_PLACEMENT_3D('',#6123,#4384,#4385);
#3517=AXIS2_PLACEMENT_3D('',#6124,#4386,#4387);
#3518=AXIS2_PLACEMENT_3D('',#6125,#4388,#4389);
#3519=AXIS2_PLACEMENT_3D('',#6127,#4390,#4391);
#3520=AXIS2_PLACEMENT_3D('',#6128,#4392,#4393);
#3521=AXIS2_PLACEMENT_3D('',#6129,#4394,#4395);
#3522=AXIS2_PLACEMENT_3D('',#6131,#4396,#4397);
#3523=AXIS2_PLACEMENT_3D('',#6132,#4398,#4399);
#3524=AXIS2_PLACEMENT_3D('',#6133,#4400,#4401);
#3525=AXIS2_PLACEMENT_3D('',#6135,#4402,#4403);
#3526=AXIS2_PLACEMENT_3D('',#6136,#4404,#4405);
#3527=AXIS2_PLACEMENT_3D('',#6137,#4406,#4407);
#3528=AXIS2_PLACEMENT_3D('',#6139,#4408,#4409);
#3529=AXIS2_PLACEMENT_3D('',#6140,#4410,#4411);
#3530=AXIS2_PLACEMENT_3D('',#6141,#4412,#4413);
#3531=AXIS2_PLACEMENT_3D('',#6143,#4414,#4415);
#3532=AXIS2_PLACEMENT_3D('',#6145,#4416,#4417);
#3533=AXIS2_PLACEMENT_3D('',#6146,#4418,#4419);
#3534=AXIS2_PLACEMENT_3D('',#6147,#4420,#4421);
#3535=AXIS2_PLACEMENT_3D('',#6149,#4422,#4423);
#3536=AXIS2_PLACEMENT_3D('',#6151,#4424,#4425);
#3537=AXIS2_PLACEMENT_3D('',#6152,#4426,#4427);
#3538=AXIS2_PLACEMENT_3D('',#6153,#4428,#4429);
#3539=AXIS2_PLACEMENT_3D('',#6155,#4431,#4432);
#3540=AXIS2_PLACEMENT_3D('',#6158,#4433,#4434);
#3541=AXIS2_PLACEMENT_3D('',#6159,#4435,#4436);
#3542=AXIS2_PLACEMENT_3D('',#6160,#4437,#4438);
#3543=AXIS2_PLACEMENT_3D('',#6161,#4439,#4440);
#3544=AXIS2_PLACEMENT_3D('',#6163,#4442,#4443);
#3545=AXIS2_PLACEMENT_3D('',#6166,#4444,#4445);
#3546=AXIS2_PLACEMENT_3D('',#6167,#4446,#4447);
#3547=AXIS2_PLACEMENT_3D('',#6168,#4448,#4449);
#3548=AXIS2_PLACEMENT_3D('',#6169,#4450,#4451);
#3549=AXIS2_PLACEMENT_3D('',#6171,#4452,#4453);
#3550=AXIS2_PLACEMENT_3D('',#6173,#4454,#4455);
#3551=AXIS2_PLACEMENT_3D('',#6174,#4456,#4457);
#3552=AXIS2_PLACEMENT_3D('',#6175,#4458,#4459);
#3553=AXIS2_PLACEMENT_3D('',#6177,#4461,#4462);
#3554=AXIS2_PLACEMENT_3D('',#6180,#4463,#4464);
#3555=AXIS2_PLACEMENT_3D('',#6181,#4465,#4466);
#3556=AXIS2_PLACEMENT_3D('',#6182,#4467,#4468);
#3557=AXIS2_PLACEMENT_3D('',#6183,#4469,#4470);
#3558=AXIS2_PLACEMENT_3D('',#6185,#4472,#4473);
#3559=AXIS2_PLACEMENT_3D('',#6188,#4474,#4475);
#3560=AXIS2_PLACEMENT_3D('',#6189,#4476,#4477);
#3561=AXIS2_PLACEMENT_3D('',#6190,#4478,#4479);
#3562=AXIS2_PLACEMENT_3D('',#6191,#4480,#4481);
#3563=AXIS2_PLACEMENT_3D('',#6193,#4482,#4483);
#3564=AXIS2_PLACEMENT_3D('',#6195,#4484,#4485);
#3565=AXIS2_PLACEMENT_3D('',#6196,#4486,#4487);
#3566=AXIS2_PLACEMENT_3D('',#6197,#4488,#4489);
#3567=AXIS2_PLACEMENT_3D('',#6199,#4491,#4492);
#3568=AXIS2_PLACEMENT_3D('',#6202,#4495,#4496);
#3569=AXIS2_PLACEMENT_3D('',#6204,#4498,#4499);
#3570=AXIS2_PLACEMENT_3D('',#6206,#4501,#4502);
#3571=AXIS2_PLACEMENT_3D('',#6209,#4505,#4506);
#3572=AXIS2_PLACEMENT_3D('',#6212,#4509,#4510);
#3573=AXIS2_PLACEMENT_3D('',#6214,#4512,#4513);
#3574=AXIS2_PLACEMENT_3D('',#6217,#4516,#4517);
#3575=AXIS2_PLACEMENT_3D('',#6218,#4518,#4519);
#3576=AXIS2_PLACEMENT_3D('',#6219,#4520,#4521);
#3577=AXIS2_PLACEMENT_3D('',#6220,#4522,#4523);
#3578=AXIS2_PLACEMENT_3D('',#6221,#4524,#4525);
#3579=AXIS2_PLACEMENT_3D('',#6222,#4526,#4527);
#3580=AXIS2_PLACEMENT_3D('',#6224,#4528,#4529);
#3581=AXIS2_PLACEMENT_3D('',#6226,#4531,#4532);
#3582=AXIS2_PLACEMENT_3D('',#6228,#4534,#4535);
#3583=AXIS2_PLACEMENT_3D('',#6230,#4537,#4538);
#3584=AXIS2_PLACEMENT_3D('',#6232,#4540,#4541);
#3585=AXIS2_PLACEMENT_3D('',#6233,#4542,#4543);
#3586=AXIS2_PLACEMENT_3D('',#6235,#4544,#4545);
#3587=AXIS2_PLACEMENT_3D('',#6238,#4547,#4548);
#3588=AXIS2_PLACEMENT_3D('',#6239,#4549,#4550);
#3589=AXIS2_PLACEMENT_3D('',#6240,#4551,#4552);
#3590=AXIS2_PLACEMENT_3D('',#6241,#4553,#4554);
#3591=AXIS2_PLACEMENT_3D('',#6242,#4555,#4556);
#3592=AXIS2_PLACEMENT_3D('',#6243,#4557,#4558);
#3593=AXIS2_PLACEMENT_3D('',#6244,#4559,#4560);
#3594=AXIS2_PLACEMENT_3D('',#6245,#4561,#4562);
#3595=AXIS2_PLACEMENT_3D('',#6246,#4563,#4564);
#3596=AXIS2_PLACEMENT_3D('',#6247,#4565,#4566);
#3597=AXIS2_PLACEMENT_3D('',#6248,#4567,#4568);
#3598=AXIS2_PLACEMENT_3D('',#6249,#4569,#4570);
#3599=AXIS2_PLACEMENT_3D('',#6250,#4571,#4572);
#3600=AXIS2_PLACEMENT_3D('',#6251,#4573,#4574);
#3601=AXIS2_PLACEMENT_3D('',#6252,#4575,#4576);
#3602=AXIS2_PLACEMENT_3D('',#6253,#4577,#4578);
#3603=AXIS2_PLACEMENT_3D('',#6254,#4579,#4580);
#3604=AXIS2_PLACEMENT_3D('',#6255,#4581,#4582);
#3605=AXIS2_PLACEMENT_3D('',#6256,#4583,#4584);
#3606=AXIS2_PLACEMENT_3D('',#6257,#4585,#4586);
#3607=AXIS2_PLACEMENT_3D('',#6259,#4587,#4588);
#3608=AXIS2_PLACEMENT_3D('',#6261,#4590,#4591);
#3609=AXIS2_PLACEMENT_3D('',#6262,#4592,#4593);
#3610=AXIS2_PLACEMENT_3D('',#6263,#4594,#4595);
#3611=AXIS2_PLACEMENT_3D('',#6265,#4597,#4598);
#3612=AXIS2_PLACEMENT_3D('',#6266,#4599,#4600);
#3613=AXIS2_PLACEMENT_3D('',#6277,#4601,#4602);
#3614=AXIS2_PLACEMENT_3D('',#6278,#4603,#4604);
#3615=AXIS2_PLACEMENT_3D('',#6279,#4605,#4606);
#3616=AXIS2_PLACEMENT_3D('',#6281,#4607,#4608);
#3617=AXIS2_PLACEMENT_3D('',#6292,#4610,#4611);
#3618=AXIS2_PLACEMENT_3D('',#6303,#4612,#4613);
#3619=AXIS2_PLACEMENT_3D('',#6304,#4614,#4615);
#3620=AXIS2_PLACEMENT_3D('',#6305,#4616,#4617);
#3621=AXIS2_PLACEMENT_3D('',#6307,#4618,#4619);
#3622=AXIS2_PLACEMENT_3D('',#6318,#4621,#4622);
#3623=AXIS2_PLACEMENT_3D('',#6319,#4623,#4624);
#3624=AXIS2_PLACEMENT_3D('',#6322,#4627,#4628);
#3625=AXIS2_PLACEMENT_3D('',#6324,#4630,#4631);
#3626=AXIS2_PLACEMENT_3D('',#6325,#4632,#4633);
#3627=AXIS2_PLACEMENT_3D('',#6328,#4636,#4637);
#3628=AXIS2_PLACEMENT_3D('',#6329,#4638,#4639);
#3629=AXIS2_PLACEMENT_3D('',#6331,#4641,#4642);
#3630=DIRECTION('axis',(0.,0.,1.));
#3631=DIRECTION('refdir',(1.,0.,0.));
#3632=DIRECTION('center_axis',(-0.816496580927717,-0.408248290463887,0.408248290463858));
#3633=DIRECTION('ref_axis',(-0.577350269189621,0.577350269189649,-0.577350269189607));
#3634=DIRECTION('center_axis',(1.,0.,0.));
#3635=DIRECTION('ref_axis',(0.,1.,0.));
#3636=DIRECTION('center_axis',(0.,-1.77635683940023E-14,1.));
#3637=DIRECTION('ref_axis',(-1.,0.,0.));
#3638=DIRECTION('center_axis',(0.,-1.,0.));
#3639=DIRECTION('ref_axis',(0.,0.,-1.));
#3640=DIRECTION('center_axis',(-7.79103876929934E-17,0.,-1.));
#3641=DIRECTION('ref_axis',(-0.707106781186535,0.70710678118656,0.));
#3642=DIRECTION('',(-7.79103876929934E-17,0.,-1.));
#3643=DIRECTION('',(7.79103876929934E-17,0.,1.));
#3644=DIRECTION('center_axis',(0.,-1.,0.));
#3645=DIRECTION('ref_axis',(-0.707106781186548,0.,-0.707106781186548));
#3646=DIRECTION('',(0.,1.,0.));
#3647=DIRECTION('',(0.,-1.,0.));
#3648=DIRECTION('center_axis',(-1.,0.,0.));
#3649=DIRECTION('ref_axis',(0.,0.70710678118656,-0.707106781186535));
#3650=DIRECTION('center_axis',(1.,0.,-7.79103876929934E-17));
#3651=DIRECTION('ref_axis',(0.,0.70710678118656,-0.707106781186535));
#3652=DIRECTION('',(-1.,0.,0.));
#3653=DIRECTION('',(1.,0.,0.));
#3654=DIRECTION('center_axis',(-1.,0.,7.79103876929934E-17));
#3655=DIRECTION('ref_axis',(0.,-1.,0.));
#3656=DIRECTION('center_axis',(-1.,0.,7.79103876929934E-17));
#3657=DIRECTION('ref_axis',(0.,1.,0.));
#3658=DIRECTION('center_axis',(0.,1.,0.));
#3659=DIRECTION('ref_axis',(-7.79103876929934E-17,0.,-1.));
#3660=DIRECTION('',(-1.,0.,0.));
#3661=DIRECTION('',(-7.79103876929934E-17,0.,-1.));
#3662=DIRECTION('',(1.,0.,0.));
#3663=DIRECTION('',(7.79103876929934E-17,0.,1.));
#3664=DIRECTION('',(1.,0.,0.));
#3665=DIRECTION('',(7.79103876929934E-17,0.,1.));
#3666=DIRECTION('center_axis',(0.,-1.,0.));
#3667=DIRECTION('ref_axis',(-0.707106781186548,0.,-0.707106781186548));
#3668=DIRECTION('',(0.,-1.,0.));
#3669=DIRECTION('',(0.,1.,0.));
#3670=DIRECTION('center_axis',(-1.,0.,7.79103876929934E-17));
#3671=DIRECTION('ref_axis',(0.,-1.,0.));
#3672=DIRECTION('',(-7.79103876929934E-17,0.,-1.));
#3673=DIRECTION('center_axis',(-1.,-3.71227011268825E-33,7.79103876929934E-17));
#3674=DIRECTION('ref_axis',(-7.79103876929934E-17,0.,-1.));
#3675=DIRECTION('',(8.42996835260555E-17,0.,-1.));
#3676=DIRECTION('center_axis',(1.,0.,-7.79103876929934E-17));
#3677=DIRECTION('ref_axis',(0.,-0.707106781186548,0.707106781186547));
#3678=DIRECTION('',(0.,1.,0.));
#3679=DIRECTION('center_axis',(1.,0.,-7.79103876929934E-17));
#3680=DIRECTION('ref_axis',(0.,0.707106781186547,0.707106781186547));
#3681=DIRECTION('',(-7.79103876929934E-17,0.,-1.));
#3682=DIRECTION('',(0.,1.,0.));
#3683=DIRECTION('',(-7.79103876929934E-17,0.,-1.));
#3684=DIRECTION('',(0.,-1.,0.));
#3685=DIRECTION('',(-7.79103876929934E-17,0.,-1.));
#3686=DIRECTION('',(0.,1.,0.));
#3687=DIRECTION('center_axis',(-0.408248290463861,-0.816496580927721,0.408248290463875));
#3688=DIRECTION('ref_axis',(-0.577350269189607,0.577350269189635,0.577350269189635));
#3689=DIRECTION('center_axis',(0.,-1.,0.));
#3690=DIRECTION('ref_axis',(-1.,0.,0.));
#3691=DIRECTION('center_axis',(0.,0.,-1.));
#3692=DIRECTION('ref_axis',(0.,1.,0.));
#3693=DIRECTION('center_axis',(1.,0.,0.));
#3694=DIRECTION('ref_axis',(0.,0.,1.));
#3695=DIRECTION('center_axis',(7.79103876929934E-17,0.,1.));
#3696=DIRECTION('ref_axis',(-0.707106781186535,0.70710678118656,0.));
#3697=DIRECTION('center_axis',(1.,0.,0.));
#3698=DIRECTION('ref_axis',(0.,0.707106781186548,0.707106781186548));
#3699=DIRECTION('center_axis',(1.,0.,-7.79103876929934E-17));
#3700=DIRECTION('ref_axis',(0.,0.707106781186548,0.707106781186548));
#3701=DIRECTION('',(-1.,0.,0.));
#3702=DIRECTION('center_axis',(0.,-1.,0.));
#3703=DIRECTION('ref_axis',(-0.707106781186535,0.,0.70710678118656));
#3704=DIRECTION('',(0.,-1.,0.));
#3705=DIRECTION('center_axis',(0.707106781186547,-0.707106781186548,-5.50909634625885E-17));
#3706=DIRECTION('ref_axis',(-7.79103876929934E-17,0.,-1.));
#3707=DIRECTION('',(0.707106781186548,0.707106781186547,-4.63755275021432E-16));
#3708=DIRECTION('',(7.79103876929934E-17,0.,1.));
#3709=DIRECTION('center_axis',(0.707106781186547,-0.707106781186548,-5.50909634625885E-17));
#3710=DIRECTION('ref_axis',(-0.707106781186548,-0.707106781186547,1.47196168001604E-16));
#3711=DIRECTION('',(-0.707106781186548,-0.707106781186547,0.));
#3712=DIRECTION('center_axis',(-0.707106781186547,0.707106781186548,5.50909634625885E-17));
#3713=DIRECTION('ref_axis',(-0.707106781186548,-0.707106781186547,6.5420519111824E-17));
#3714=DIRECTION('center_axis',(0.707106781186547,-0.707106781186548,-5.50909634625885E-17));
#3715=DIRECTION('ref_axis',(0.707106781186548,0.707106781186547,0.));
#3716=DIRECTION('',(-7.79103876929934E-17,0.,-1.));
#3717=DIRECTION('center_axis',(7.79103876929934E-17,0.,1.));
#3718=DIRECTION('ref_axis',(-0.707106781186547,0.707106781186547,0.));
#3719=DIRECTION('center_axis',(-6.55848999557373E-16,0.,-1.));
#3720=DIRECTION('ref_axis',(-0.707106781186547,0.707106781186547,0.));
#3721=DIRECTION('',(7.79103876929934E-17,0.,1.));
#3722=DIRECTION('center_axis',(0.,0.,1.));
#3723=DIRECTION('ref_axis',(0.,1.,0.));
#3724=DIRECTION('center_axis',(7.79103876929934E-17,0.,1.));
#3725=DIRECTION('ref_axis',(-0.707106781186547,0.707106781186547,0.));
#3726=DIRECTION('center_axis',(3.61644373189111E-15,0.,1.));
#3727=DIRECTION('ref_axis',(-0.707106781186547,0.707106781186547,0.));
#3728=DIRECTION('center_axis',(0.,0.,1.));
#3729=DIRECTION('ref_axis',(0.,1.,0.));
#3730=DIRECTION('',(7.79103876929934E-17,0.,1.));
#3731=DIRECTION('center_axis',(0.,-1.,0.));
#3732=DIRECTION('ref_axis',(-7.79103876929934E-17,0.,-1.));
#3733=DIRECTION('',(1.,0.,-6.55848999557373E-16));
#3734=DIRECTION('',(1.,0.,0.));
#3735=DIRECTION('center_axis',(0.,1.,0.));
#3736=DIRECTION('ref_axis',(-1.,0.,-2.30474560771058E-15));
#3737=DIRECTION('center_axis',(0.,1.,0.));
#3738=DIRECTION('ref_axis',(-1.,0.,-2.30474560771058E-15));
#3739=DIRECTION('center_axis',(0.,-1.,0.));
#3740=DIRECTION('ref_axis',(-7.79103876929934E-17,0.,-1.));
#3741=DIRECTION('',(-1.,0.,3.61644373189111E-15));
#3742=DIRECTION('center_axis',(0.,-1.,0.));
#3743=DIRECTION('ref_axis',(1.,0.,2.30474560771058E-15));
#3744=DIRECTION('',(-7.79103876929934E-17,0.,-1.));
#3745=DIRECTION('center_axis',(0.,1.,0.));
#3746=DIRECTION('ref_axis',(0.707106781186552,0.,-0.707106781186543));
#3747=DIRECTION('center_axis',(-1.13632735338251E-46,-1.,-2.95822839457879E-31));
#3748=DIRECTION('ref_axis',(0.707106781186552,0.,-0.707106781186543));
#3749=DIRECTION('',(0.,1.,0.));
#3750=DIRECTION('center_axis',(0.,1.,0.));
#3751=DIRECTION('ref_axis',(0.707106781186552,0.,-0.707106781186543));
#3752=DIRECTION('',(0.,-1.,0.));
#3753=DIRECTION('center_axis',(-1.,0.,-1.28518643416496E-14));
#3754=DIRECTION('ref_axis',(1.28518643416496E-14,2.95822839457879E-31,-1.));
#3755=DIRECTION('',(1.28518643416496E-14,2.95822839457879E-31,-1.));
#3756=DIRECTION('',(0.,-1.,0.));
#3757=DIRECTION('',(1.28518643416496E-14,2.95822839457879E-31,-1.));
#3758=DIRECTION('center_axis',(0.,-1.,0.));
#3759=DIRECTION('ref_axis',(-0.707106781186553,0.,0.707106781186542));
#3760=DIRECTION('center_axis',(1.13632735338251E-46,1.,2.95822839457879E-31));
#3761=DIRECTION('ref_axis',(-0.707106781186553,0.,0.707106781186542));
#3762=DIRECTION('',(0.,1.,0.));
#3763=DIRECTION('center_axis',(0.,-1.,0.));
#3764=DIRECTION('ref_axis',(-0.707106781186553,0.,0.707106781186542));
#3765=DIRECTION('center_axis',(0.,1.,0.));
#3766=DIRECTION('ref_axis',(0.,0.,1.));
#3767=DIRECTION('center_axis',(0.,-1.,0.));
#3768=DIRECTION('ref_axis',(-0.707106781186547,0.,0.707106781186548));
#3769=DIRECTION('',(1.,0.,0.));
#3770=DIRECTION('center_axis',(0.,-1.,0.));
#3771=DIRECTION('ref_axis',(0.707106781186547,0.,0.707106781186547));
#3772=DIRECTION('',(-7.79103876929934E-17,0.,-1.));
#3773=DIRECTION('center_axis',(0.,-1.,0.));
#3774=DIRECTION('ref_axis',(0.707106781186548,0.,-0.707106781186547));
#3775=DIRECTION('',(-1.,0.,0.));
#3776=DIRECTION('center_axis',(0.,-1.,0.));
#3777=DIRECTION('ref_axis',(-0.707106781186547,0.,-0.707106781186547));
#3778=DIRECTION('',(7.79103876929934E-17,0.,1.));
#3779=DIRECTION('center_axis',(0.,1.,0.));
#3780=DIRECTION('ref_axis',(-1.,0.,-2.30474560771058E-15));
#3781=DIRECTION('',(-1.,-5.18288185065246E-46,2.13614649079005E-15));
#3782=DIRECTION('center_axis',(0.,1.,0.));
#3783=DIRECTION('ref_axis',(0.707106781186547,0.,-0.707106781186548));
#3784=DIRECTION('',(7.79103876929934E-17,0.,1.));
#3785=DIRECTION('center_axis',(0.,-1.,0.));
#3786=DIRECTION('ref_axis',(0.707106781186548,0.,0.707106781186548));
#3787=DIRECTION('',(-1.,0.,0.));
#3788=DIRECTION('center_axis',(0.,1.,0.));
#3789=DIRECTION('ref_axis',(-0.707106781186544,0.,0.707106781186551));
#3790=DIRECTION('',(0.,0.,-1.));
#3791=DIRECTION('center_axis',(0.,1.,0.));
#3792=DIRECTION('ref_axis',(-0.707106781186543,0.,-0.707106781186552));
#3793=DIRECTION('',(1.,0.,0.));
#3794=DIRECTION('center_axis',(0.,1.,0.));
#3795=DIRECTION('ref_axis',(-1.,0.,-2.30474560771058E-15));
#3796=DIRECTION('center_axis',(-1.13632735338251E-46,-1.,-2.95822839457879E-31));
#3797=DIRECTION('ref_axis',(-1.,7.9542912523927E-46,-2.30474560771058E-15));
#3798=DIRECTION('center_axis',(2.13614649079005E-15,0.,1.));
#3799=DIRECTION('ref_axis',(-1.,-5.18288185065246E-46,2.13614649079005E-15));
#3800=DIRECTION('',(-1.,-5.18288185065246E-46,2.13614649079005E-15));
#3801=DIRECTION('',(0.,-1.,0.));
#3802=DIRECTION('center_axis',(0.,-1.,0.));
#3803=DIRECTION('ref_axis',(0.707106781186547,0.,-0.707106781186548));
#3804=DIRECTION('center_axis',(-1.13632735338251E-46,-1.,-2.95822839457879E-31));
#3805=DIRECTION('ref_axis',(0.707106781186547,0.,-0.707106781186548));
#3806=DIRECTION('',(0.,1.,0.));
#3807=DIRECTION('center_axis',(1.,0.,-7.79103876929934E-17));
#3808=DIRECTION('ref_axis',(-7.79103876929934E-17,0.,-1.));
#3809=DIRECTION('',(-7.79103876929934E-17,2.95822839457879E-31,-1.));
#3810=DIRECTION('',(0.,-1.,0.));
#3811=DIRECTION('',(7.79103876929934E-17,0.,1.));
#3812=DIRECTION('',(0.,1.,0.));
#3813=DIRECTION('center_axis',(0.,-1.,0.));
#3814=DIRECTION('ref_axis',(-1.,0.,-2.30474560771058E-15));
#3815=DIRECTION('center_axis',(1.13632735338251E-46,1.,2.95822839457879E-31));
#3816=DIRECTION('ref_axis',(-1.,7.9542912523927E-46,-2.30474560771058E-15));
#3817=DIRECTION('',(0.,1.,0.));
#3818=DIRECTION('center_axis',(1.13632735338251E-46,1.,2.95822839457879E-31));
#3819=DIRECTION('ref_axis',(-1.,7.9542912523927E-46,-2.30474560771058E-15));
#3820=DIRECTION('',(-1.,1.13632735338251E-46,0.));
#3821=DIRECTION('center_axis',(1.13632735338251E-46,1.,2.95822839457879E-31));
#3822=DIRECTION('ref_axis',(0.707106781186548,0.,-0.707106781186547));
#3823=DIRECTION('center_axis',(0.,-1.,0.));
#3824=DIRECTION('ref_axis',(1.,0.,2.30474560771058E-15));
#3825=DIRECTION('',(3.14018491736755E-14,0.707106781186546,-0.707106781186549));
#3826=DIRECTION('center_axis',(0.,1.,0.));
#3827=DIRECTION('ref_axis',(1.,0.,2.30474560771058E-15));
#3828=DIRECTION('center_axis',(0.,1.,0.));
#3829=DIRECTION('ref_axis',(1.,0.,2.30474560771058E-15));
#3830=DIRECTION('',(0.151518984145271,-0.707106781186547,-0.690682269530344));
#3831=DIRECTION('center_axis',(0.,-1.,0.));
#3832=DIRECTION('ref_axis',(1.,0.,2.30474560771058E-15));
#3833=DIRECTION('',(0.084183603677835,0.737531346716139,0.670045247339977));
#3834=DIRECTION('',(0.135978246312875,-0.707126681201304,-0.693888876739572));
#3835=DIRECTION('',(-0.0192869204712981,-0.728236969192004,-0.685053962400612));
#3836=DIRECTION('',(-0.0012171831063353,0.715766171370107,0.698338962386794));
#3837=DIRECTION('center_axis',(0.,-1.,0.));
#3838=DIRECTION('ref_axis',(-7.79103876929934E-17,0.,-1.));
#3839=DIRECTION('',(-1.,0.,0.));
#3840=DIRECTION('',(-7.79103876929934E-17,0.,-1.));
#3841=DIRECTION('center_axis',(-1.,0.,0.));
#3842=DIRECTION('ref_axis',(0.,0.707106781186547,-0.707106781186548));
#3843=DIRECTION('center_axis',(-1.,0.,0.));
#3844=DIRECTION('ref_axis',(0.,1.,0.));
#3845=DIRECTION('center_axis',(0.707106781186547,-0.707106781186548,-5.50909634625885E-17));
#3846=DIRECTION('ref_axis',(0.707106781186548,0.707106781186547,-7.85046229341887E-17));
#3847=DIRECTION('center_axis',(0.,-1.,0.));
#3848=DIRECTION('ref_axis',(-0.707106781186548,0.,-0.707106781186547));
#3849=DIRECTION('center_axis',(0.,-1.,0.));
#3850=DIRECTION('ref_axis',(-1.,0.,-2.30474560771058E-15));
#3851=DIRECTION('center_axis',(0.,-1.,0.));
#3852=DIRECTION('ref_axis',(-1.,0.,-2.30474560771058E-15));
#3853=DIRECTION('',(0.,-1.,0.));
#3854=DIRECTION('center_axis',(0.,1.,0.));
#3855=DIRECTION('ref_axis',(-1.,0.,-2.30474560771058E-15));
#3856=DIRECTION('',(-0.707106781186548,-0.707106781186548,-1.54310564249851E-15));
#3857=DIRECTION('center_axis',(0.,1.,0.));
#3858=DIRECTION('ref_axis',(-1.,0.,-2.30474560771058E-15));
#3859=DIRECTION('',(-0.707106781186548,-0.707106781186548,-1.54310564249851E-15));
#3860=DIRECTION('center_axis',(0.,-1.,0.));
#3861=DIRECTION('ref_axis',(-1.,0.,-2.30474560771058E-15));
#3862=DIRECTION('center_axis',(0.,-1.,0.));
#3863=DIRECTION('ref_axis',(-1.,0.,-2.30474560771058E-15));
#3864=DIRECTION('',(0.,-1.,0.));
#3865=DIRECTION('center_axis',(1.,0.,0.));
#3866=DIRECTION('ref_axis',(0.,0.707106781186547,0.707106781186547));
#3867=DIRECTION('center_axis',(1.,0.,-8.88178419700128E-16));
#3868=DIRECTION('ref_axis',(0.,1.,0.));
#3869=DIRECTION('center_axis',(-1.,0.,7.79103876929934E-17));
#3870=DIRECTION('ref_axis',(0.,0.,1.));
#3871=DIRECTION('center_axis',(-1.,0.,7.79103876929934E-17));
#3872=DIRECTION('ref_axis',(0.,1.,-9.73879846162413E-18));
#3873=DIRECTION('center_axis',(0.,-1.,0.));
#3874=DIRECTION('ref_axis',(0.,0.,-1.));
#3875=DIRECTION('center_axis',(1.,0.,-7.79103876929934E-17));
#3876=DIRECTION('ref_axis',(-7.58753563809064E-34,1.,-9.73879846162413E-18));
#3877=DIRECTION('center_axis',(-1.,0.,7.79103876929934E-17));
#3878=DIRECTION('ref_axis',(0.,1.,-9.73879846162413E-18));
#3879=DIRECTION('center_axis',(1.,0.,0.));
#3880=DIRECTION('ref_axis',(0.,1.,0.));
#3881=DIRECTION('center_axis',(1.,0.,0.));
#3882=DIRECTION('ref_axis',(0.,1.,0.));
#3883=DIRECTION('',(-1.,0.,0.));
#3884=DIRECTION('center_axis',(1.,0.,0.));
#3885=DIRECTION('ref_axis',(0.,1.,0.));
#3886=DIRECTION('center_axis',(1.,0.,-7.79103876929934E-17));
#3887=DIRECTION('ref_axis',(-7.79103876929934E-17,0.,-1.));
#3888=DIRECTION('',(7.79103876929934E-17,0.,1.));
#3889=DIRECTION('',(0.,-1.,0.));
#3890=DIRECTION('',(0.,1.,0.));
#3891=DIRECTION('center_axis',(1.,0.,0.));
#3892=DIRECTION('ref_axis',(0.,0.,-1.));
#3893=DIRECTION('center_axis',(-1.,0.,0.));
#3894=DIRECTION('ref_axis',(0.,1.,0.));
#3895=DIRECTION('center_axis',(0.,-1.,0.));
#3896=DIRECTION('ref_axis',(0.,0.,1.));
#3897=DIRECTION('center_axis',(1.,0.,0.));
#3898=DIRECTION('ref_axis',(0.,1.,0.));
#3899=DIRECTION('center_axis',(0.,-1.,0.));
#3900=DIRECTION('ref_axis',(-0.707106781186543,0.,-0.707106781186552));
#3901=DIRECTION('center_axis',(0.707106781186547,-0.707106781186548,-5.50909634625885E-17));
#3902=DIRECTION('ref_axis',(-0.707106781186548,-0.707106781186547,1.96261557335472E-16));
#3903=DIRECTION('',(0.,1.,0.));
#3904=DIRECTION('',(0.,-1.,0.));
#3905=DIRECTION('center_axis',(0.,0.,-1.));
#3906=DIRECTION('ref_axis',(-1.,0.,0.));
#3907=DIRECTION('',(-0.707106781186548,-0.707106781186547,0.));
#3908=DIRECTION('',(0.,-1.,0.));
#3909=DIRECTION('',(1.,0.,0.));
#3910=DIRECTION('',(0.,1.,0.));
#3911=DIRECTION('center_axis',(0.,1.,0.));
#3912=DIRECTION('ref_axis',(-0.707106781186544,0.,0.707106781186551));
#3913=DIRECTION('',(0.,1.,0.));
#3914=DIRECTION('',(0.,-1.,0.));
#3915=DIRECTION('center_axis',(1.,0.,-7.79103876929934E-17));
#3916=DIRECTION('ref_axis',(0.,1.,0.));
#3917=DIRECTION('',(0.,1.,0.));
#3918=DIRECTION('',(0.,-1.,0.));
#3919=DIRECTION('',(7.79103876929934E-17,0.,1.));
#3920=DIRECTION('center_axis',(-1.,0.,7.79103876929934E-17));
#3921=DIRECTION('ref_axis',(0.,1.,0.));
#3922=DIRECTION('center_axis',(-1.,0.,7.79103876929934E-17));
#3923=DIRECTION('ref_axis',(0.,1.,0.));
#3924=DIRECTION('center_axis',(0.,-1.,0.));
#3925=DIRECTION('ref_axis',(-0.707106781186546,0.,0.707106781186549));
#3926=DIRECTION('center_axis',(0.,1.,0.));
#3927=DIRECTION('ref_axis',(-0.707106781186548,0.,-0.707106781186548));
#3928=DIRECTION('center_axis',(-0.707106781186547,0.707106781186548,5.50909634625885E-17));
#3929=DIRECTION('ref_axis',(-0.707106781186548,-0.707106781186547,0.));
#3930=DIRECTION('center_axis',(0.,-1.,0.));
#3931=DIRECTION('ref_axis',(-0.707106781186548,0.,-0.707106781186547));
#3932=DIRECTION('center_axis',(0.,1.,0.));
#3933=DIRECTION('ref_axis',(-0.707106781186547,0.,0.707106781186548));
#3934=DIRECTION('',(0.,1.,0.));
#3935=DIRECTION('center_axis',(0.,-1.,0.));
#3936=DIRECTION('ref_axis',(-0.707106781186547,0.,0.707106781186548));
#3937=DIRECTION('center_axis',(0.707106781186547,-0.707106781186548,-5.50909634625885E-17));
#3938=DIRECTION('ref_axis',(-7.79103876929934E-17,0.,-1.));
#3939=DIRECTION('',(-0.707106781186548,-0.707106781186547,2.55721188659979E-15));
#3940=DIRECTION('center_axis',(0.,0.,-1.));
#3941=DIRECTION('ref_axis',(0.,1.,0.));
#3942=DIRECTION('center_axis',(0.,-1.,0.));
#3943=DIRECTION('ref_axis',(7.79103876929934E-17,0.,1.));
#3944=DIRECTION('',(-1.,0.,0.));
#3945=DIRECTION('',(-7.79103876929934E-17,0.,-1.));
#3946=DIRECTION('',(-1.,0.,0.));
#3947=DIRECTION('center_axis',(1.,0.,0.));
#3948=DIRECTION('ref_axis',(0.,0.,-1.));
#3949=DIRECTION('center_axis',(-1.,-3.71227011268825E-33,7.79103876929934E-17));
#3950=DIRECTION('ref_axis',(-7.79103876929934E-17,0.,-1.));
#3951=DIRECTION('',(-1.,0.,0.));
#3952=DIRECTION('center_axis',(1.,0.,0.));
#3953=DIRECTION('ref_axis',(0.,1.,0.));
#3954=DIRECTION('center_axis',(-1.,0.,7.79103876929934E-17));
#3955=DIRECTION('ref_axis',(0.,1.,0.));
#3956=DIRECTION('',(-1.,0.,0.));
#3957=DIRECTION('center_axis',(-1.,0.,0.));
#3958=DIRECTION('ref_axis',(0.,-0.707106781186548,0.707106781186547));
#3959=DIRECTION('center_axis',(-1.,0.,7.79103876929934E-17));
#3960=DIRECTION('ref_axis',(0.,-0.707106781186548,0.707106781186547));
#3961=DIRECTION('',(1.,0.,0.));
#3962=DIRECTION('center_axis',(-1.,0.,0.));
#3963=DIRECTION('ref_axis',(0.,0.707106781186547,0.707106781186547));
#3964=DIRECTION('',(-1.,0.,0.));
#3965=DIRECTION('center_axis',(-1.,0.,7.79103876929934E-17));
#3966=DIRECTION('ref_axis',(0.,0.707106781186547,0.707106781186547));
#3967=DIRECTION('center_axis',(0.,0.,1.));
#3968=DIRECTION('ref_axis',(0.,1.,0.));
#3969=DIRECTION('',(0.,-1.,0.));
#3970=DIRECTION('center_axis',(1.,0.,0.));
#3971=DIRECTION('ref_axis',(0.,1.,0.));
#3972=DIRECTION('',(-1.,0.,0.));
#3973=DIRECTION('center_axis',(1.,0.,-7.79103876929934E-17));
#3974=DIRECTION('ref_axis',(0.,1.,0.));
#3975=DIRECTION('center_axis',(1.,0.,0.));
#3976=DIRECTION('ref_axis',(0.,1.,0.));
#3977=DIRECTION('',(-1.,0.,0.));
#3978=DIRECTION('center_axis',(1.,0.,-7.79103876929934E-17));
#3979=DIRECTION('ref_axis',(0.,1.,0.));
#3980=DIRECTION('center_axis',(-1.,0.,7.79103876929934E-17));
#3981=DIRECTION('ref_axis',(7.79103876929934E-17,0.,1.));
#3982=DIRECTION('center_axis',(-1.,0.,7.79103876929934E-17));
#3983=DIRECTION('ref_axis',(7.79103876929934E-17,0.,1.));
#3984=DIRECTION('center_axis',(0.,0.,-1.));
#3985=DIRECTION('ref_axis',(0.,-1.,0.));
#3986=DIRECTION('',(0.,1.,0.));
#3987=DIRECTION('center_axis',(1.27761738284614E-17,-1.,1.65978869074514E-18));
#3988=DIRECTION('ref_axis',(0.,0.,-1.));
#3989=DIRECTION('center_axis',(-0.991666666666666,0.,-0.128830206947841));
#3990=DIRECTION('ref_axis',(0.,1.,0.));
#3991=DIRECTION('center_axis',(1.27761738284614E-17,-1.,1.65978869074514E-18));
#3992=DIRECTION('ref_axis',(1.67658412314223E-16,0.,-1.));
#3993=DIRECTION('center_axis',(0.991666666666666,0.,-0.128830206947839));
#3994=DIRECTION('ref_axis',(-0.0925035463651643,-0.696015414578567,-0.712043282798801));
#3995=DIRECTION('center_axis',(0.,1.,0.));
#3996=DIRECTION('ref_axis',(1.77309792438762E-16,0.,-1.));
#3997=DIRECTION('center_axis',(2.55523476569228E-17,-1.,3.31957738149029E-18));
#3998=DIRECTION('ref_axis',(0.12883020694784,0.,-0.991666666666666));
#3999=DIRECTION('center_axis',(0.991666666666666,3.86506099012278E-16,0.12883020694784));
#4000=DIRECTION('ref_axis',(0.0394291812825051,-0.952013701847612,-0.30350494420651));
#4001=DIRECTION('center_axis',(0.,1.,0.));
#4002=DIRECTION('ref_axis',(1.,0.,0.));
#4003=DIRECTION('center_axis',(-0.991666666666666,1.93253049506139E-16,
0.12883020694784));
#4004=DIRECTION('ref_axis',(-0.11100151847575,-0.507569257403167,-0.854430870132438));
#4005=DIRECTION('center_axis',(0.,1.,0.));
#4006=DIRECTION('ref_axis',(1.,0.,0.));
#4007=DIRECTION('',(-7.79103876929934E-17,0.,-1.));
#4008=DIRECTION('center_axis',(0.,1.,0.));
#4009=DIRECTION('ref_axis',(0.707106781186548,0.,-0.707106781186547));
#4010=DIRECTION('',(-1.,0.,0.));
#4011=DIRECTION('center_axis',(0.,1.,0.));
#4012=DIRECTION('ref_axis',(-0.707106781186548,0.,-0.707106781186547));
#4013=DIRECTION('',(7.79103876929934E-17,0.,1.));
#4014=DIRECTION('center_axis',(0.,1.,0.));
#4015=DIRECTION('ref_axis',(-0.707106781186547,0.,0.707106781186548));
#4016=DIRECTION('',(1.,0.,0.));
#4017=DIRECTION('center_axis',(0.,1.,0.));
#4018=DIRECTION('ref_axis',(0.707106781186547,0.,0.707106781186548));
#4019=DIRECTION('center_axis',(0.,1.,0.));
#4020=DIRECTION('ref_axis',(-1.,0.,0.));
#4021=DIRECTION('center_axis',(0.,1.,0.));
#4022=DIRECTION('ref_axis',(-1.,0.,0.));
#4023=DIRECTION('center_axis',(0.,1.,0.));
#4024=DIRECTION('ref_axis',(0.707106781186549,0.,-0.707106781186546));
#4025=DIRECTION('',(0.,0.,-1.));
#4026=DIRECTION('center_axis',(0.,1.,0.));
#4027=DIRECTION('ref_axis',(0.707106781186548,0.,0.707106781186548));
#4028=DIRECTION('',(1.,0.,0.));
#4029=DIRECTION('center_axis',(0.,1.,0.));
#4030=DIRECTION('ref_axis',(-0.707106781186549,0.,0.707106781186546));
#4031=DIRECTION('',(2.11471052309553E-16,0.,1.));
#4032=DIRECTION('center_axis',(0.,1.,0.));
#4033=DIRECTION('ref_axis',(-0.707106781186549,0.,-0.707106781186546));
#4034=DIRECTION('',(-1.,0.,0.));
#4035=DIRECTION('center_axis',(0.,1.,0.));
#4036=DIRECTION('ref_axis',(-1.,0.,0.));
#4037=DIRECTION('center_axis',(0.,1.,0.));
#4038=DIRECTION('ref_axis',(-1.,0.,0.));
#4039=DIRECTION('center_axis',(0.,1.,0.));
#4040=DIRECTION('ref_axis',(1.,0.,0.));
#4041=DIRECTION('',(1.,0.,0.));
#4042=DIRECTION('center_axis',(0.,-1.,0.));
#4043=DIRECTION('ref_axis',(-0.447213595499959,0.,-0.894427190999916));
#4044=DIRECTION('',(7.79103876929934E-17,0.,1.));
#4045=DIRECTION('center_axis',(0.,1.,0.));
#4046=DIRECTION('ref_axis',(-0.707106781186548,0.,-0.707106781186547));
#4047=DIRECTION('',(-1.,0.,0.));
#4048=DIRECTION('center_axis',(0.,1.,0.));
#4049=DIRECTION('ref_axis',(0.707106781186548,0.,-0.707106781186547));
#4050=DIRECTION('',(-7.79103876929934E-17,0.,-1.));
#4051=DIRECTION('center_axis',(0.,-1.,0.));
#4052=DIRECTION('ref_axis',(0.447213595499958,0.,-0.894427190999916));
#4053=DIRECTION('',(1.,0.,0.));
#4054=DIRECTION('center_axis',(0.,0.,1.));
#4055=DIRECTION('ref_axis',(0.,1.,0.));
#4056=DIRECTION('center_axis',(0.,0.,1.));
#4057=DIRECTION('ref_axis',(0.,-1.,0.));
#4058=DIRECTION('',(0.,0.,1.));
#4059=DIRECTION('center_axis',(0.,0.,-1.));
#4060=DIRECTION('ref_axis',(0.992161746813202,-0.124960266327245,0.));
#4061=DIRECTION('',(0.,0.,-1.));
#4062=DIRECTION('center_axis',(0.772577366628176,0.,0.634920634862242));
#4063=DIRECTION('ref_axis',(0.,-1.,0.));
#4064=DIRECTION('center_axis',(0.772577366580189,0.,-0.634920634920634));
#4065=DIRECTION('ref_axis',(0.575297630739425,-0.423076923076922,0.700027537476468));
#4066=DIRECTION('center_axis',(1.,0.,-1.62906341879763E-11));
#4067=DIRECTION('ref_axis',(0.,-1.,0.));
#4068=DIRECTION('center_axis',(1.,0.,-1.88505371302664E-15));
#4069=DIRECTION('ref_axis',(1.70803542250024E-15,-0.423076923076924,0.906093768414595));
#4070=DIRECTION('center_axis',(1.,0.,0.));
#4071=DIRECTION('ref_axis',(0.,1.,0.));
#4072=DIRECTION('center_axis',(1.,0.,0.));
#4073=DIRECTION('ref_axis',(0.,-1.,0.));
#4074=DIRECTION('',(1.,0.,0.));
#4075=DIRECTION('',(-1.,0.,0.));
#4076=DIRECTION('center_axis',(-1.,0.,0.));
#4077=DIRECTION('ref_axis',(0.,1.,0.));
#4078=DIRECTION('center_axis',(1.,0.,0.));
#4079=DIRECTION('ref_axis',(0.,-0.423076923076923,0.906093768414596));
#4080=DIRECTION('',(1.,0.,0.));
#4081=DIRECTION('',(-1.,0.,0.));
#4082=DIRECTION('center_axis',(0.772577366580181,0.,-0.634920634920644));
#4083=DIRECTION('ref_axis',(0.,-1.,0.));
#4084=DIRECTION('center_axis',(0.772577366580184,0.,0.63492063492064));
#4085=DIRECTION('ref_axis',(-0.57529763073943,-0.423076923076922,0.700027537476464));
#4086=DIRECTION('center_axis',(0.,0.,-1.));
#4087=DIRECTION('ref_axis',(0.,-1.,0.));
#4088=DIRECTION('center_axis',(0.,0.,1.));
#4089=DIRECTION('ref_axis',(-0.992161746813202,-0.124960266327244,0.));
#4090=DIRECTION('center_axis',(0.,0.,-1.));
#4091=DIRECTION('ref_axis',(0.,1.,0.));
#4092=DIRECTION('',(0.,0.,-1.));
#4093=DIRECTION('',(0.,0.,1.));
#4094=DIRECTION('center_axis',(-0.772577366580189,-4.33786773968314E-15,
-0.634920634920633));
#4095=DIRECTION('ref_axis',(0.,1.,-6.83214169000096E-15));
#4096=DIRECTION('center_axis',(0.,0.,1.));
#4097=DIRECTION('ref_axis',(1.,0.,0.));
#4098=DIRECTION('center_axis',(0.,1.,0.));
#4099=DIRECTION('ref_axis',(0.,0.,1.));
#4100=DIRECTION('center_axis',(1.,0.,0.));
#4101=DIRECTION('ref_axis',(0.,0.,-1.));
#4102=DIRECTION('center_axis',(0.,-1.,0.));
#4103=DIRECTION('ref_axis',(-0.447213595499959,0.,0.894427190999916));
#4104=DIRECTION('center_axis',(1.,0.,0.));
#4105=DIRECTION('ref_axis',(0.,0.70710678118655,-0.707106781186545));
#4106=DIRECTION('center_axis',(1.,0.,0.));
#4107=DIRECTION('ref_axis',(0.,0.,-1.));
#4108=DIRECTION('',(-1.,0.,0.));
#4109=DIRECTION('center_axis',(0.,-1.,0.));
#4110=DIRECTION('ref_axis',(0.,0.,-1.));
#4111=DIRECTION('center_axis',(0.772577366580187,0.,-0.634920634920635));
#4112=DIRECTION('ref_axis',(-0.634920634920635,0.,-0.772577366580187));
#4113=DIRECTION('center_axis',(0.,-1.,0.));
#4114=DIRECTION('ref_axis',(0.447213595499958,0.,0.894427190999916));
#4115=DIRECTION('center_axis',(0.,0.,-1.));
#4116=DIRECTION('ref_axis',(-1.,-5.33761069531326E-17,0.));
#4117=DIRECTION('center_axis',(-7.79103876929934E-17,0.,-1.));
#4118=DIRECTION('ref_axis',(-0.895897080555221,0.444261658319321,0.));
#4119=DIRECTION('center_axis',(0.,0.,-1.));
#4120=DIRECTION('ref_axis',(-1.,0.,0.));
#4121=DIRECTION('',(7.79103876929934E-17,0.,1.));
#4122=DIRECTION('center_axis',(0.,-1.,0.));
#4123=DIRECTION('ref_axis',(1.,0.,0.));
#4124=DIRECTION('',(0.258819045102521,0.,-0.965925826289068));
#4125=DIRECTION('center_axis',(0.,-1.,0.));
#4126=DIRECTION('ref_axis',(-0.935312281480217,0.,0.353823311996641));
#4127=DIRECTION('center_axis',(0.,-1.,0.));
#4128=DIRECTION('ref_axis',(-0.288675134597863,0.,0.957427107755418));
#4129=DIRECTION('',(-1.,0.,0.));
#4130=DIRECTION('center_axis',(0.,-1.,0.));
#4131=DIRECTION('ref_axis',(0.288675134597861,0.,0.957427107755419));
#4132=DIRECTION('center_axis',(0.,-1.,0.));
#4133=DIRECTION('ref_axis',(0.935312281480217,0.,0.353823311996639));
#4134=DIRECTION('',(0.258819045102521,0.,0.965925826289068));
#4135=DIRECTION('center_axis',(0.,-1.,0.));
#4136=DIRECTION('ref_axis',(0.60876142900872,0.,-0.793353340291236));
#4137=DIRECTION('',(1.,0.,0.));
#4138=DIRECTION('center_axis',(0.,-1.,0.));
#4139=DIRECTION('ref_axis',(-0.60876142900872,0.,-0.793353340291236));
#4140=DIRECTION('center_axis',(-0.772577366618891,1.18324952075708E-10,
-0.634920634873541));
#4141=DIRECTION('ref_axis',(-0.634920634873541,0.,0.772577366618891));
#4142=DIRECTION('center_axis',(0.,1.,0.));
#4143=DIRECTION('ref_axis',(0.,0.,1.));
#4144=DIRECTION('center_axis',(-1.,0.,0.));
#4145=DIRECTION('ref_axis',(0.,0.,1.));
#4146=DIRECTION('center_axis',(-1.,0.,0.));
#4147=DIRECTION('ref_axis',(0.,0.707106781186548,0.707106781186547));
#4148=DIRECTION('center_axis',(-1.,0.,0.));
#4149=DIRECTION('ref_axis',(0.,0.,1.));
#4150=DIRECTION('center_axis',(0.,-1.,0.));
#4151=DIRECTION('ref_axis',(0.,0.,-1.));
#4152=DIRECTION('center_axis',(-0.772577366580189,0.,0.634920634920633));
#4153=DIRECTION('ref_axis',(0.634920634920633,0.,0.772577366580189));
#4154=DIRECTION('center_axis',(0.,0.,1.));
#4155=DIRECTION('ref_axis',(1.,0.,0.));
#4156=DIRECTION('center_axis',(7.79103876929934E-17,0.,1.));
#4157=DIRECTION('ref_axis',(0.89589708055522,0.444261658319321,0.));
#4158=DIRECTION('',(-7.79103876929934E-17,0.,-1.));
#4159=DIRECTION('center_axis',(7.79103876929934E-17,0.,1.));
#4160=DIRECTION('ref_axis',(-0.707106781186547,-0.707106781186547,0.));
#4161=DIRECTION('',(7.79103876929934E-17,0.,1.));
#4162=DIRECTION('center_axis',(0.,0.,-1.));
#4163=DIRECTION('ref_axis',(0.,-1.,0.));
#4164=DIRECTION('',(-7.79103876929934E-17,0.,-1.));
#4165=DIRECTION('center_axis',(0.,0.,-1.));
#4166=DIRECTION('ref_axis',(0.,-1.,0.));
#4167=DIRECTION('center_axis',(-0.258819045102521,0.,0.965925826289068));
#4168=DIRECTION('ref_axis',(0.683012701892217,-0.70710678118655,0.183012701892217));
#4169=DIRECTION('center_axis',(-0.258819045102525,0.,0.965925826289067));
#4170=DIRECTION('ref_axis',(0.,-1.,0.));
#4171=DIRECTION('',(-0.258819045102521,0.,0.965925826289068));
#4172=DIRECTION('center_axis',(0.258819045102525,0.,-0.965925826289067));
#4173=DIRECTION('ref_axis',(0.965925826289067,0.,0.258819045102525));
#4174=DIRECTION('center_axis',(0.,1.,0.));
#4175=DIRECTION('ref_axis',(0.,0.,1.));
#4176=DIRECTION('center_axis',(-0.83333333332981,0.,-0.552770798397878));
#4177=DIRECTION('ref_axis',(0.552770798397878,0.,-0.83333333332981));
#4178=DIRECTION('center_axis',(0.,1.,0.));
#4179=DIRECTION('ref_axis',(-0.935312281480217,0.,0.353823311996641));
#4180=DIRECTION('center_axis',(0.,1.,0.));
#4181=DIRECTION('ref_axis',(0.,0.,1.));
#4182=DIRECTION('center_axis',(-1.,0.,0.));
#4183=DIRECTION('ref_axis',(0.,0.,-1.));
#4184=DIRECTION('center_axis',(0.,1.,0.));
#4185=DIRECTION('ref_axis',(-0.288675134597863,0.,0.957427107755419));
#4186=DIRECTION('center_axis',(1.,0.,0.));
#4187=DIRECTION('ref_axis',(0.,-0.707106781186543,-0.707106781186553));
#4188=DIRECTION('center_axis',(-1.,0.,-4.44089209850064E-15));
#4189=DIRECTION('ref_axis',(4.44089209850064E-15,0.,-1.));
#4190=DIRECTION('',(1.,0.,0.));
#4191=DIRECTION('center_axis',(0.,1.,0.));
#4192=DIRECTION('ref_axis',(0.,0.,1.));
#4193=DIRECTION('center_axis',(-0.833333333329808,0.,0.552770798397882));
#4194=DIRECTION('ref_axis',(-0.552770798397882,0.,-0.833333333329808));
#4195=DIRECTION('center_axis',(0.,1.,0.));
#4196=DIRECTION('ref_axis',(0.288675134597861,0.,0.957427107755419));
#4197=DIRECTION('center_axis',(0.,1.,0.));
#4198=DIRECTION('ref_axis',(0.,0.,1.));
#4199=DIRECTION('center_axis',(0.258819045102524,0.,0.965925826289067));
#4200=DIRECTION('ref_axis',(-0.965925826289067,0.,0.258819045102524));
#4201=DIRECTION('center_axis',(0.,1.,0.));
#4202=DIRECTION('ref_axis',(0.935312281480217,0.,0.353823311996639));
#4203=DIRECTION('center_axis',(-0.258819045102521,0.,-0.965925826289068));
#4204=DIRECTION('ref_axis',(-0.683012701892217,-0.70710678118655,0.183012701892217));
#4205=DIRECTION('center_axis',(0.258819045102517,0.,0.965925826289069));
#4206=DIRECTION('ref_axis',(-0.965925826289069,0.,0.258819045102517));
#4207=DIRECTION('',(-0.258819045102521,0.,-0.965925826289068));
#4208=DIRECTION('center_axis',(0.,1.,0.));
#4209=DIRECTION('ref_axis',(0.,0.,1.));
#4210=DIRECTION('center_axis',(1.,0.,0.));
#4211=DIRECTION('ref_axis',(0.,0.,1.));
#4212=DIRECTION('center_axis',(0.,1.,0.));
#4213=DIRECTION('ref_axis',(0.60876142900872,0.,-0.793353340291236));
#4214=DIRECTION('center_axis',(-1.,0.,0.));
#4215=DIRECTION('ref_axis',(0.,-0.707106781186549,0.707106781186546));
#4216=DIRECTION('center_axis',(1.,0.,0.));
#4217=DIRECTION('ref_axis',(0.,0.,1.));
#4218=DIRECTION('',(-1.,0.,0.));
#4219=DIRECTION('center_axis',(0.,1.,0.));
#4220=DIRECTION('ref_axis',(0.,0.,1.));
#4221=DIRECTION('center_axis',(0.,1.,0.));
#4222=DIRECTION('ref_axis',(-0.60876142900872,0.,-0.793353340291236));
#4223=DIRECTION('center_axis',(0.,-1.,0.));
#4224=DIRECTION('ref_axis',(0.552770798397876,0.,0.833333333329811));
#4225=DIRECTION('',(0.,-1.,0.));
#4226=DIRECTION('center_axis',(0.,-1.,0.));
#4227=DIRECTION('ref_axis',(0.288675134597861,0.,0.957427107755419));
#4228=DIRECTION('',(0.,-1.,0.));
#4229=DIRECTION('center_axis',(0.,0.,-1.));
#4230=DIRECTION('ref_axis',(1.,0.,0.));
#4231=DIRECTION('',(0.,-1.,0.));
#4232=DIRECTION('',(-1.,0.,0.));
#4233=DIRECTION('center_axis',(0.,-1.,0.));
#4234=DIRECTION('ref_axis',(0.,0.,1.));
#4235=DIRECTION('',(0.,-1.,0.));
#4236=DIRECTION('center_axis',(0.,-1.,0.));
#4237=DIRECTION('ref_axis',(-0.288675134597863,0.,0.957427107755419));
#4238=DIRECTION('center_axis',(0.,-1.,0.));
#4239=DIRECTION('ref_axis',(-0.552770798397875,0.,0.833333333329812));
#4240=DIRECTION('',(0.,-1.,0.));
#4241=DIRECTION('center_axis',(0.,-1.,0.));
#4242=DIRECTION('ref_axis',(-0.935312281480217,0.,0.353823311996641));
#4243=DIRECTION('center_axis',(0.965925826289068,0.,0.258819045102521));
#4244=DIRECTION('ref_axis',(-0.258819045102521,0.,0.965925826289068));
#4245=DIRECTION('',(0.,-1.,0.));
#4246=DIRECTION('',(0.258819045102521,0.,-0.965925826289068));
#4247=DIRECTION('center_axis',(-1.,0.,0.));
#4248=DIRECTION('ref_axis',(0.,0.707106781186543,-0.707106781186553));
#4249=DIRECTION('center_axis',(-1.,0.,0.));
#4250=DIRECTION('ref_axis',(0.,1.,0.));
#4251=DIRECTION('center_axis',(1.,0.,0.));
#4252=DIRECTION('ref_axis',(0.,0.,-1.));
#4253=DIRECTION('',(1.,0.,0.));
#4254=DIRECTION('center_axis',(0.,-1.,0.));
#4255=DIRECTION('ref_axis',(0.,0.,-1.));
#4256=DIRECTION('center_axis',(0.833333333329808,0.,0.552770798397882));
#4257=DIRECTION('ref_axis',(0.552770798397882,0.,-0.833333333329808));
#4258=DIRECTION('center_axis',(0.,1.,0.));
#4259=DIRECTION('ref_axis',(-0.288675134597863,0.,0.957427107755418));
#4260=DIRECTION('center_axis',(0.,-1.,0.));
#4261=DIRECTION('ref_axis',(0.,0.,-1.));
#4262=DIRECTION('center_axis',(-0.258819045102515,0.,0.96592582628907));
#4263=DIRECTION('ref_axis',(0.96592582628907,0.,0.258819045102515));
#4264=DIRECTION('center_axis',(0.,1.,0.));
#4265=DIRECTION('ref_axis',(-0.935312281480217,0.,0.353823311996641));
#4266=DIRECTION('center_axis',(0.258819045102521,0.,-0.965925826289068));
#4267=DIRECTION('ref_axis',(0.683012701892218,0.70710678118655,0.183012701892217));
#4268=DIRECTION('center_axis',(-0.258819045102517,0.,0.965925826289069));
#4269=DIRECTION('ref_axis',(0.965925826289069,0.,0.258819045102517));
#4270=DIRECTION('',(-0.258819045102521,0.,0.965925826289068));
#4271=DIRECTION('center_axis',(0.,-1.,0.));
#4272=DIRECTION('ref_axis',(0.,0.,-1.));
#4273=DIRECTION('center_axis',(-1.,0.,0.));
#4274=DIRECTION('ref_axis',(0.,0.,1.));
#4275=DIRECTION('center_axis',(0.,1.,0.));
#4276=DIRECTION('ref_axis',(-0.60876142900872,0.,-0.793353340291236));
#4277=DIRECTION('center_axis',(0.,-1.,0.));
#4278=DIRECTION('ref_axis',(-0.60876142900872,0.,-0.793353340291236));
#4279=DIRECTION('center_axis',(1.,0.,0.));
#4280=DIRECTION('ref_axis',(0.,0.707106781186549,0.707106781186546));
#4281=DIRECTION('center_axis',(-1.,0.,0.));
#4282=DIRECTION('ref_axis',(0.,0.,1.));
#4283=DIRECTION('',(-1.,0.,0.));
#4284=DIRECTION('',(1.,0.,0.));
#4285=DIRECTION('center_axis',(0.,-1.,0.));
#4286=DIRECTION('ref_axis',(0.,0.,-1.));
#4287=DIRECTION('center_axis',(-0.258819045102524,0.,-0.965925826289067));
#4288=DIRECTION('ref_axis',(-0.965925826289067,0.,0.258819045102524));
#4289=DIRECTION('center_axis',(0.,1.,0.));
#4290=DIRECTION('ref_axis',(0.60876142900872,0.,-0.793353340291236));
#4291=DIRECTION('center_axis',(0.,-1.,0.));
#4292=DIRECTION('ref_axis',(0.60876142900872,0.,-0.793353340291236));
#4293=DIRECTION('center_axis',(0.258819045102521,0.,0.965925826289068));
#4294=DIRECTION('ref_axis',(-0.683012701892216,0.707106781186548,0.183012701892229));
#4295=DIRECTION('center_axis',(-0.258819045102525,0.,-0.965925826289067));
#4296=DIRECTION('ref_axis',(-0.965925826289067,0.,0.258819045102525));
#4297=DIRECTION('',(-0.258819045102521,0.,-0.965925826289068));
#4298=DIRECTION('',(0.258819045102521,0.,0.965925826289068));
#4299=DIRECTION('center_axis',(0.,-1.,0.));
#4300=DIRECTION('ref_axis',(0.,0.,-1.));
#4301=DIRECTION('center_axis',(0.833333333329812,0.,-0.552770798397875));
#4302=DIRECTION('ref_axis',(-0.552770798397875,0.,-0.833333333329812));
#4303=DIRECTION('center_axis',(0.,1.,0.));
#4304=DIRECTION('ref_axis',(0.935312281480217,0.,0.353823311996639));
#4305=DIRECTION('center_axis',(0.,-1.,0.));
#4306=DIRECTION('ref_axis',(0.935312281480217,0.,0.353823311996639));
#4307=DIRECTION('center_axis',(0.,-1.,0.));
#4308=DIRECTION('ref_axis',(0.,0.,-1.));
#4309=DIRECTION('center_axis',(0.,1.,0.));
#4310=DIRECTION('ref_axis',(0.288675134597861,0.,0.957427107755419));
#4311=DIRECTION('center_axis',(0.,-1.,0.));
#4312=DIRECTION('ref_axis',(-0.965925826289068,0.,-0.258819045102522));
#4313=DIRECTION('',(0.,-1.,0.));
#4314=DIRECTION('center_axis',(0.,-1.,0.));
#4315=DIRECTION('ref_axis',(1.,0.,0.));
#4316=DIRECTION('',(0.,0.,1.));
#4317=DIRECTION('',(1.,0.,0.));
#4318=DIRECTION('',(-2.11471052309553E-16,0.,-1.));
#4319=DIRECTION('',(-1.,0.,0.));
#4320=DIRECTION('center_axis',(0.,1.,0.));
#4321=DIRECTION('ref_axis',(0.,0.,1.));
#4322=DIRECTION('center_axis',(0.,-1.,0.));
#4323=DIRECTION('ref_axis',(-1.,0.,0.));
#4324=DIRECTION('center_axis',(-1.,0.,0.));
#4325=DIRECTION('ref_axis',(0.,0.,-1.));
#4326=DIRECTION('center_axis',(0.,1.,0.));
#4327=DIRECTION('ref_axis',(-1.,0.,0.));
#4328=DIRECTION('center_axis',(0.,1.,0.));
#4329=DIRECTION('ref_axis',(-1.,0.,0.));
#4330=DIRECTION('center_axis',(0.,1.,0.));
#4331=DIRECTION('ref_axis',(-1.,0.,0.));
#4332=DIRECTION('',(0.,-1.,0.));
#4333=DIRECTION('center_axis',(0.,-1.,0.));
#4334=DIRECTION('ref_axis',(-1.,0.,0.));
#4335=DIRECTION('center_axis',(0.,1.,0.));
#4336=DIRECTION('ref_axis',(1.,0.,0.));
#4337=DIRECTION('center_axis',(0.,1.,0.));
#4338=DIRECTION('ref_axis',(0.,0.,1.));
#4339=DIRECTION('center_axis',(0.,-1.,0.));
#4340=DIRECTION('ref_axis',(-1.,0.,0.));
#4341=DIRECTION('center_axis',(-1.,0.,0.));
#4342=DIRECTION('ref_axis',(0.,0.,-1.));
#4343=DIRECTION('center_axis',(0.,1.,0.));
#4344=DIRECTION('ref_axis',(-1.,0.,0.));
#4345=DIRECTION('center_axis',(0.,1.,0.));
#4346=DIRECTION('ref_axis',(-1.,0.,0.));
#4347=DIRECTION('center_axis',(0.,1.,0.));
#4348=DIRECTION('ref_axis',(-1.,0.,0.));
#4349=DIRECTION('',(0.,-1.,0.));
#4350=DIRECTION('center_axis',(0.,-1.,0.));
#4351=DIRECTION('ref_axis',(-1.,0.,0.));
#4352=DIRECTION('center_axis',(0.,1.,0.));
#4353=DIRECTION('ref_axis',(1.,0.,0.));
#4354=DIRECTION('center_axis',(0.,1.,0.));
#4355=DIRECTION('ref_axis',(0.,0.,1.));
#4356=DIRECTION('center_axis',(0.,-1.,0.));
#4357=DIRECTION('ref_axis',(-1.,0.,0.));
#4358=DIRECTION('center_axis',(-1.,0.,0.));
#4359=DIRECTION('ref_axis',(0.,0.,-1.));
#4360=DIRECTION('center_axis',(0.,1.,0.));
#4361=DIRECTION('ref_axis',(-1.,0.,0.));
#4362=DIRECTION('center_axis',(0.,1.,0.));
#4363=DIRECTION('ref_axis',(-1.,0.,0.));
#4364=DIRECTION('center_axis',(0.,1.,0.));
#4365=DIRECTION('ref_axis',(-1.,0.,0.));
#4366=DIRECTION('',(0.,-1.,0.));
#4367=DIRECTION('center_axis',(0.,-1.,0.));
#4368=DIRECTION('ref_axis',(-1.,0.,0.));
#4369=DIRECTION('center_axis',(0.,1.,0.));
#4370=DIRECTION('ref_axis',(1.,0.,0.));
#4371=DIRECTION('center_axis',(0.,1.,0.));
#4372=DIRECTION('ref_axis',(0.,0.,1.));
#4373=DIRECTION('center_axis',(0.,-1.,0.));
#4374=DIRECTION('ref_axis',(-1.,0.,0.));
#4375=DIRECTION('center_axis',(-1.,0.,0.));
#4376=DIRECTION('ref_axis',(0.,0.,-1.));
#4377=DIRECTION('center_axis',(0.,1.,0.));
#4378=DIRECTION('ref_axis',(-1.,0.,0.));
#4379=DIRECTION('center_axis',(0.,1.,0.));
#4380=DIRECTION('ref_axis',(-1.,0.,0.));
#4381=DIRECTION('center_axis',(0.,1.,0.));
#4382=DIRECTION('ref_axis',(-1.,0.,0.));
#4383=DIRECTION('',(0.,-1.,0.));
#4384=DIRECTION('center_axis',(0.,-1.,0.));
#4385=DIRECTION('ref_axis',(-1.,0.,0.));
#4386=DIRECTION('center_axis',(0.,1.,0.));
#4387=DIRECTION('ref_axis',(1.,0.,0.));
#4388=DIRECTION('center_axis',(0.,-1.,0.));
#4389=DIRECTION('ref_axis',(0.,0.,-1.));
#4390=DIRECTION('center_axis',(0.,1.,0.));
#4391=DIRECTION('ref_axis',(-1.,0.,0.));
#4392=DIRECTION('center_axis',(-1.,0.,0.));
#4393=DIRECTION('ref_axis',(0.,0.,1.));
#4394=DIRECTION('center_axis',(0.,-1.,0.));
#4395=DIRECTION('ref_axis',(0.,0.,-1.));
#4396=DIRECTION('center_axis',(0.,1.,0.));
#4397=DIRECTION('ref_axis',(-1.,0.,0.));
#4398=DIRECTION('center_axis',(-1.,0.,0.));
#4399=DIRECTION('ref_axis',(0.,0.,1.));
#4400=DIRECTION('center_axis',(0.,-1.,0.));
#4401=DIRECTION('ref_axis',(0.,0.,-1.));
#4402=DIRECTION('center_axis',(0.,1.,0.));
#4403=DIRECTION('ref_axis',(-1.,0.,0.));
#4404=DIRECTION('center_axis',(-1.,0.,0.));
#4405=DIRECTION('ref_axis',(0.,0.,1.));
#4406=DIRECTION('center_axis',(0.,-1.,0.));
#4407=DIRECTION('ref_axis',(0.,0.,-1.));
#4408=DIRECTION('center_axis',(0.,1.,0.));
#4409=DIRECTION('ref_axis',(-1.,0.,0.));
#4410=DIRECTION('center_axis',(-1.,0.,0.));
#4411=DIRECTION('ref_axis',(0.,0.,1.));
#4412=DIRECTION('center_axis',(0.,1.,0.));
#4413=DIRECTION('ref_axis',(0.,0.,1.));
#4414=DIRECTION('center_axis',(1.,0.,0.));
#4415=DIRECTION('ref_axis',(0.,0.,-1.));
#4416=DIRECTION('center_axis',(0.,-1.,0.));
#4417=DIRECTION('ref_axis',(-1.,0.,0.));
#4418=DIRECTION('center_axis',(0.,0.,-1.));
#4419=DIRECTION('ref_axis',(0.,1.,0.));
#4420=DIRECTION('center_axis',(0.,1.,0.));
#4421=DIRECTION('ref_axis',(0.,0.,1.));
#4422=DIRECTION('center_axis',(0.,0.,1.));
#4423=DIRECTION('ref_axis',(1.,0.,0.));
#4424=DIRECTION('center_axis',(0.,-1.,0.));
#4425=DIRECTION('ref_axis',(0.,0.,-1.));
#4426=DIRECTION('center_axis',(1.,0.,0.));
#4427=DIRECTION('ref_axis',(0.,1.,0.));
#4428=DIRECTION('center_axis',(-2.11471052309553E-16,0.,-1.));
#4429=DIRECTION('ref_axis',(0.707106781186546,0.707106781186549,0.));
#4430=DIRECTION('',(-2.11471052309553E-16,0.,-1.));
#4431=DIRECTION('center_axis',(0.,-1.,0.));
#4432=DIRECTION('ref_axis',(0.,0.,-1.));
#4433=DIRECTION('center_axis',(0.,-1.,0.));
#4434=DIRECTION('ref_axis',(0.,0.,1.));
#4435=DIRECTION('center_axis',(-1.,0.,0.));
#4436=DIRECTION('ref_axis',(0.,1.,0.));
#4437=DIRECTION('center_axis',(0.,0.,-1.));
#4438=DIRECTION('ref_axis',(-1.,0.,0.));
#4439=DIRECTION('center_axis',(-1.,0.,0.));
#4440=DIRECTION('ref_axis',(0.,0.707106781186542,-0.707106781186553));
#4441=DIRECTION('',(-1.,0.,0.));
#4442=DIRECTION('center_axis',(-0.408248290463861,-0.408248290463858,-0.816496580927729));
#4443=DIRECTION('ref_axis',(-0.57735026918963,-0.577350269189625,0.577350269189622));
#4444=DIRECTION('center_axis',(0.,1.,0.));
#4445=DIRECTION('ref_axis',(0.,0.,1.));
#4446=DIRECTION('center_axis',(1.,0.,0.));
#4447=DIRECTION('ref_axis',(0.,-1.,0.));
#4448=DIRECTION('center_axis',(0.,0.,-1.));
#4449=DIRECTION('ref_axis',(-1.,0.,0.));
#4450=DIRECTION('center_axis',(0.,1.,0.));
#4451=DIRECTION('ref_axis',(0.,0.,1.));
#4452=DIRECTION('center_axis',(-1.,0.,0.));
#4453=DIRECTION('ref_axis',(0.,0.,1.));
#4454=DIRECTION('center_axis',(0.,-1.,0.));
#4455=DIRECTION('ref_axis',(1.,0.,0.));
#4456=DIRECTION('center_axis',(0.,0.,1.));
#4457=DIRECTION('ref_axis',(0.,1.,0.));
#4458=DIRECTION('center_axis',(1.,0.,0.));
#4459=DIRECTION('ref_axis',(0.,0.707106781186549,0.707106781186546));
#4460=DIRECTION('',(1.,0.,0.));
#4461=DIRECTION('center_axis',(0.408248290463859,-0.816496580927726,0.408248290463866));
#4462=DIRECTION('ref_axis',(-0.577350269189623,-0.577350269189624,-0.57735026918963));
#4463=DIRECTION('center_axis',(0.,1.,0.));
#4464=DIRECTION('ref_axis',(-1.,0.,0.));
#4465=DIRECTION('center_axis',(-8.88178419700128E-15,0.,1.));
#4466=DIRECTION('ref_axis',(0.,-1.,0.));
#4467=DIRECTION('center_axis',(1.,0.,0.));
#4468=DIRECTION('ref_axis',(0.,0.,-1.));
#4469=DIRECTION('center_axis',(-2.11471052309553E-16,0.,-1.));
#4470=DIRECTION('ref_axis',(-0.707106781186546,-0.707106781186549,0.));
#4471=DIRECTION('',(2.11471052309553E-16,0.,1.));
#4472=DIRECTION('center_axis',(0.408248290463861,-0.40824829046386,-0.816496580927729));
#4473=DIRECTION('ref_axis',(0.577350269189629,-0.577350269189626,0.577350269189622));
#4474=DIRECTION('center_axis',(0.,1.,0.));
#4475=DIRECTION('ref_axis',(1.,0.,0.));
#4476=DIRECTION('center_axis',(0.,0.,-1.));
#4477=DIRECTION('ref_axis',(0.,-1.,0.));
#4478=DIRECTION('center_axis',(-1.,8.88178419700125E-15,0.));
#4479=DIRECTION('ref_axis',(0.,0.,1.));
#4480=DIRECTION('center_axis',(-0.408248290463856,0.408248290463855,-0.816496580927734));
#4481=DIRECTION('ref_axis',(0.57735026918963,-0.577350269189632,-0.577350269189616));
#4482=DIRECTION('center_axis',(-1.,0.,0.));
#4483=DIRECTION('ref_axis',(0.,-1.,0.));
#4484=DIRECTION('center_axis',(0.,1.77635683940025E-14,1.));
#4485=DIRECTION('ref_axis',(1.,0.,0.));
#4486=DIRECTION('center_axis',(0.,1.,0.));
#4487=DIRECTION('ref_axis',(0.,0.,-1.));
#4488=DIRECTION('center_axis',(0.,0.,1.));
#4489=DIRECTION('ref_axis',(0.707106781186549,-0.707106781186546,0.));
#4490=DIRECTION('',(0.,0.,-1.));
#4491=DIRECTION('center_axis',(0.,1.,0.));
#4492=DIRECTION('ref_axis',(0.707106781186557,0.,-0.707106781186538));
#4493=DIRECTION('',(0.,-1.,0.));
#4494=DIRECTION('',(0.,1.,0.));
#4495=DIRECTION('center_axis',(1.,0.,0.));
#4496=DIRECTION('ref_axis',(0.,-0.707106781186543,-0.707106781186553));
#4497=DIRECTION('',(-1.,0.,0.));
#4498=DIRECTION('center_axis',(-1.,0.,0.));
#4499=DIRECTION('ref_axis',(0.,-0.707106781186543,0.707106781186553));
#4500=DIRECTION('',(1.,0.,0.));
#4501=DIRECTION('center_axis',(0.,1.,0.));
#4502=DIRECTION('ref_axis',(0.707106781186541,0.,0.707106781186554));
#4503=DIRECTION('',(0.,-1.,0.));
#4504=DIRECTION('',(0.,1.,0.));
#4505=DIRECTION('center_axis',(0.,1.,0.));
#4506=DIRECTION('ref_axis',(-0.707106781186548,0.,-0.707106781186548));
#4507=DIRECTION('',(0.,-1.,0.));
#4508=DIRECTION('',(0.,1.,0.));
#4509=DIRECTION('center_axis',(0.,0.,1.));
#4510=DIRECTION('ref_axis',(-0.707106781186549,0.707106781186546,0.));
#4511=DIRECTION('',(0.,0.,1.));
#4512=DIRECTION('center_axis',(0.,1.,0.));
#4513=DIRECTION('ref_axis',(-0.707106781186541,0.,0.707106781186554));
#4514=DIRECTION('',(0.,-1.,0.));
#4515=DIRECTION('',(0.,1.,0.));
#4516=DIRECTION('center_axis',(0.,0.,-1.));
#4517=DIRECTION('ref_axis',(-1.,0.,0.));
#4518=DIRECTION('center_axis',(-1.,0.,2.11471052309553E-16));
#4519=DIRECTION('ref_axis',(2.11471052309553E-16,0.,1.));
#4520=DIRECTION('center_axis',(1.,0.,0.));
#4521=DIRECTION('ref_axis',(0.,0.,-1.));
#4522=DIRECTION('center_axis',(0.,0.,1.));
#4523=DIRECTION('ref_axis',(1.,0.,0.));
#4524=DIRECTION('center_axis',(-7.79103876929934E-17,0.,-1.));
#4525=DIRECTION('ref_axis',(0.707106781186547,-0.707106781186547,0.));
#4526=DIRECTION('center_axis',(2.22044604925031E-16,0.,1.));
#4527=DIRECTION('ref_axis',(0.,-1.,0.));
#4528=DIRECTION('center_axis',(0.,0.,-1.));
#4529=DIRECTION('ref_axis',(1.,0.,0.));
#4530=DIRECTION('',(-7.79103876929934E-17,0.,-1.));
#4531=DIRECTION('center_axis',(0.,0.,1.));
#4532=DIRECTION('ref_axis',(-1.,0.,0.));
#4533=DIRECTION('',(0.,-1.,0.));
#4534=DIRECTION('center_axis',(0.,-1.,0.));
#4535=DIRECTION('ref_axis',(0.,0.,-1.));
#4536=DIRECTION('',(0.,-1.,0.));
#4537=DIRECTION('center_axis',(-0.965925826289068,0.,0.258819045102521));
#4538=DIRECTION('ref_axis',(-0.258819045102521,0.,-0.965925826289068));
#4539=DIRECTION('',(0.,-1.,0.));
#4540=DIRECTION('center_axis',(0.,-1.,0.));
#4541=DIRECTION('ref_axis',(0.965925826289068,0.,-0.258819045102521));
#4542=DIRECTION('center_axis',(0.,1.,0.));
#4543=DIRECTION('ref_axis',(1.,0.,0.));
#4544=DIRECTION('center_axis',(0.,1.,0.));
#4545=DIRECTION('ref_axis',(0.707106781186547,0.,0.707106781186548));
#4546=DIRECTION('',(1.,0.,0.));
#4547=DIRECTION('center_axis',(0.,1.,0.));
#4548=DIRECTION('ref_axis',(-0.707106781186547,0.,0.707106781186548));
#4549=DIRECTION('center_axis',(0.,1.,0.));
#4550=DIRECTION('ref_axis',(-1.,0.,0.));
#4551=DIRECTION('center_axis',(0.,1.,0.));
#4552=DIRECTION('ref_axis',(-1.,0.,0.));
#4553=DIRECTION('center_axis',(0.,1.,0.));
#4554=DIRECTION('ref_axis',(-1.,0.,0.));
#4555=DIRECTION('center_axis',(0.,1.,0.));
#4556=DIRECTION('ref_axis',(-1.,0.,0.));
#4557=DIRECTION('center_axis',(-7.79103876929934E-17,0.,-1.));
#4558=DIRECTION('ref_axis',(0.707106781186548,-0.707106781186548,0.));
#4559=DIRECTION('center_axis',(0.,0.,-1.));
#4560=DIRECTION('ref_axis',(1.,0.,0.));
#4561=DIRECTION('center_axis',(2.22044604925031E-16,0.,1.));
#4562=DIRECTION('ref_axis',(0.,-1.,0.));
#4563=DIRECTION('center_axis',(0.,1.,0.));
#4564=DIRECTION('ref_axis',(0.,0.,1.));
#4565=DIRECTION('center_axis',(1.,0.,-8.88178419700125E-16));
#4566=DIRECTION('ref_axis',(0.,-1.,0.));
#4567=DIRECTION('center_axis',(0.,-1.,0.));
#4568=DIRECTION('ref_axis',(0.707106781186548,0.,-0.707106781186547));
#4569=DIRECTION('center_axis',(-1.,0.,0.));
#4570=DIRECTION('ref_axis',(0.,-0.707106781186548,-0.707106781186548));
#4571=DIRECTION('center_axis',(1.,0.,0.));
#4572=DIRECTION('ref_axis',(0.,-1.,0.));
#4573=DIRECTION('center_axis',(0.,1.,0.));
#4574=DIRECTION('ref_axis',(0.,0.,1.));
#4575=DIRECTION('center_axis',(0.,0.,-1.));
#4576=DIRECTION('ref_axis',(0.,-1.,0.));
#4577=DIRECTION('center_axis',(7.79103876929934E-17,0.,1.));
#4578=DIRECTION('ref_axis',(-0.707106781186548,-0.707106781186548,0.));
#4579=DIRECTION('center_axis',(0.,0.,-1.));
#4580=DIRECTION('ref_axis',(0.,-1.,0.));
#4581=DIRECTION('center_axis',(0.,1.,0.));
#4582=DIRECTION('ref_axis',(0.,0.,1.));
#4583=DIRECTION('center_axis',(-1.,0.,8.88178419700125E-16));
#4584=DIRECTION('ref_axis',(0.,-1.,0.));
#4585=DIRECTION('center_axis',(1.,0.,0.));
#4586=DIRECTION('ref_axis',(0.,-0.707106781186548,0.707106781186548));
#4587=DIRECTION('center_axis',(-1.,0.,1.77635683940025E-15));
#4588=DIRECTION('ref_axis',(0.,-1.,0.));
#4589=DIRECTION('',(-1.,0.,0.));
#4590=DIRECTION('center_axis',(0.,1.,0.));
#4591=DIRECTION('ref_axis',(0.,0.,1.));
#4592=DIRECTION('center_axis',(0.,-1.,0.));
#4593=DIRECTION('ref_axis',(0.707106781186547,0.,0.707106781186548));
#4594=DIRECTION('center_axis',(0.,0.,1.));
#4595=DIRECTION('ref_axis',(1.,0.,0.));
#4596=DIRECTION('',(0.,-1.,0.));
#4597=DIRECTION('center_axis',(0.,1.,0.));
#4598=DIRECTION('ref_axis',(0.707106781186548,0.,0.707106781186548));
#4599=DIRECTION('center_axis',(0.,1.,0.));
#4600=DIRECTION('ref_axis',(0.707106781186548,0.,-0.707106781186547));
#4601=DIRECTION('center_axis',(1.,0.,-8.88178419700125E-16));
#4602=DIRECTION('ref_axis',(0.,-1.,0.));
#4603=DIRECTION('center_axis',(0.,-1.,0.));
#4604=DIRECTION('ref_axis',(0.707106781186548,0.,-0.707106781186547));
#4605=DIRECTION('center_axis',(-1.,0.,0.));
#4606=DIRECTION('ref_axis',(0.,-0.707106781186547,-0.707106781186547));
#4607=DIRECTION('center_axis',(1.,0.,0.));
#4608=DIRECTION('ref_axis',(0.,-1.,0.));
#4609=DIRECTION('',(1.,0.,0.));
#4610=DIRECTION('center_axis',(0.,-1.,0.));
#4611=DIRECTION('ref_axis',(-0.707106781186548,0.,-0.707106781186547));
#4612=DIRECTION('center_axis',(-1.,0.,8.88178419700125E-16));
#4613=DIRECTION('ref_axis',(0.,-1.,0.));
#4614=DIRECTION('center_axis',(0.,-1.,0.));
#4615=DIRECTION('ref_axis',(-0.707106781186547,0.,0.707106781186548));
#4616=DIRECTION('center_axis',(1.,0.,0.));
#4617=DIRECTION('ref_axis',(0.,-0.707106781186547,0.707106781186547));
#4618=DIRECTION('center_axis',(-1.,0.,1.77635683940025E-15));
#4619=DIRECTION('ref_axis',(0.,-1.,0.));
#4620=DIRECTION('',(-1.,0.,0.));
#4621=DIRECTION('center_axis',(0.,-1.,0.));
#4622=DIRECTION('ref_axis',(0.707106781186547,0.,0.707106781186548));
#4623=DIRECTION('center_axis',(0.,1.,0.));
#4624=DIRECTION('ref_axis',(-0.707106781186547,0.,0.707106781186548));
#4625=DIRECTION('',(0.,1.,0.));
#4626=DIRECTION('',(0.,-1.,0.));
#4627=DIRECTION('center_axis',(0.,0.,1.));
#4628=DIRECTION('ref_axis',(1.,0.,0.));
#4629=DIRECTION('',(0.,-1.,0.));
#4630=DIRECTION('center_axis',(0.,1.,0.));
#4631=DIRECTION('ref_axis',(0.707106781186547,0.,0.707106781186547));
#4632=DIRECTION('center_axis',(0.,1.,0.));
#4633=DIRECTION('ref_axis',(-0.707106781186547,0.,-0.707106781186547));
#4634=DIRECTION('',(0.,1.,0.));
#4635=DIRECTION('',(0.,-1.,0.));
#4636=DIRECTION('center_axis',(-1.,0.,7.79103876929934E-17));
#4637=DIRECTION('ref_axis',(7.79103876929934E-17,0.,1.));
#4638=DIRECTION('center_axis',(0.,1.,0.));
#4639=DIRECTION('ref_axis',(0.707106781186548,0.,-0.707106781186547));
#4640=DIRECTION('',(0.,1.,0.));
#4641=DIRECTION('center_axis',(0.,0.,-1.));
#4642=DIRECTION('ref_axis',(-1.,0.,0.));
#4643=CARTESIAN_POINT('',(0.,0.,0.));
#4644=CARTESIAN_POINT('Origin',(-22.75,43.25,22.15));
#4645=CARTESIAN_POINT('',(-22.75,43.5,22.15));
#4646=CARTESIAN_POINT('',(-22.75,43.25,21.9));
#4647=CARTESIAN_POINT('Origin',(-22.75,43.25,22.15));
#4648=CARTESIAN_POINT('',(-23.,43.25,22.15));
#4649=CARTESIAN_POINT('Origin',(-22.75,43.25,22.15));
#4650=CARTESIAN_POINT('Origin',(-22.75,43.25,22.15));
#4651=CARTESIAN_POINT('Origin',(-22.75,43.25,31.4));
#4652=CARTESIAN_POINT('',(-22.75,43.5,27.9));
#4653=CARTESIAN_POINT('',(-23.,43.25,26.1860863498997));
#4654=CARTESIAN_POINT('Ctrl Pts',(-22.75,43.5,27.9));
#4655=CARTESIAN_POINT('Ctrl Pts',(-22.8097427401516,43.5,27.6073215415859));
#4656=CARTESIAN_POINT('Ctrl Pts',(-22.8808055588853,43.472747831708,27.257038206061));
#4657=CARTESIAN_POINT('Ctrl Pts',(-22.965504886336,43.3880485042572,26.7198675016393));
#4658=CARTESIAN_POINT('Ctrl Pts',(-23.,43.3218844247788,26.4272510331109));
#4659=CARTESIAN_POINT('Ctrl Pts',(-23.,43.25,26.1860863498997));
#4660=CARTESIAN_POINT('',(-23.,43.25,31.4));
#4661=CARTESIAN_POINT('',(-22.75,43.5,31.4));
#4662=CARTESIAN_POINT('Origin',(-22.75,42.,22.15));
#4663=CARTESIAN_POINT('',(-23.,39.2139136501003,22.15));
#4664=CARTESIAN_POINT('',(-22.75,37.5,21.9));
#4665=CARTESIAN_POINT('Ctrl Pts',(-23.,39.2139136501003,22.15));
#4666=CARTESIAN_POINT('Ctrl Pts',(-23.,38.6839858916506,21.9920434054306));
#4667=CARTESIAN_POINT('Ctrl Pts',(-22.8605936191547,38.0417958714735,21.9));
#4668=CARTESIAN_POINT('Ctrl Pts',(-22.75,37.5,21.9));
#4669=CARTESIAN_POINT('',(-22.75,42.,21.9));
#4670=CARTESIAN_POINT('',(-23.,42.,22.15));
#4671=CARTESIAN_POINT('Origin',(-23.,43.25,22.15));
#4672=CARTESIAN_POINT('',(-16.5,43.25,21.9));
#4673=CARTESIAN_POINT('',(-16.5,43.5,22.15));
#4674=CARTESIAN_POINT('Origin',(-16.5,43.25,22.15));
#4675=CARTESIAN_POINT('',(-23.,43.5,22.15));
#4676=CARTESIAN_POINT('',(-23.,43.25,21.9));
#4677=CARTESIAN_POINT('Origin',(-23.,40.5,24.9));
#4678=CARTESIAN_POINT('Origin',(-23.,37.5,27.9));
#4679=CARTESIAN_POINT('Origin',(-23.,43.5,37.9));
#4680=CARTESIAN_POINT('',(-25.,43.5,27.9));
#4681=CARTESIAN_POINT('',(-25.,43.5,27.9));
#4682=CARTESIAN_POINT('',(-16.5,43.5,45.15));
#4683=CARTESIAN_POINT('',(-16.5,43.5,45.4));
#4684=CARTESIAN_POINT('',(-22.75,43.5,45.15));
#4685=CARTESIAN_POINT('',(-23.,43.5,45.15));
#4686=CARTESIAN_POINT('',(-22.75,43.5,31.9));
#4687=CARTESIAN_POINT('',(-22.75,43.5,31.4));
#4688=CARTESIAN_POINT('',(-25.,43.5,31.9));
#4689=CARTESIAN_POINT('',(-23.,43.5,31.9));
#4690=CARTESIAN_POINT('',(-25.,43.5,18.95));
#4691=CARTESIAN_POINT('Origin',(-22.75,38.5,22.15));
#4692=CARTESIAN_POINT('',(-22.75,36.5,21.9));
#4693=CARTESIAN_POINT('',(-23.,34.7860863498998,22.15));
#4694=CARTESIAN_POINT('Ctrl Pts',(-22.75,36.5,21.9));
#4695=CARTESIAN_POINT('Ctrl Pts',(-22.8605936191547,35.9582041285265,21.9));
#4696=CARTESIAN_POINT('Ctrl Pts',(-23.,35.3160141083495,21.9920434054306));
#4697=CARTESIAN_POINT('Ctrl Pts',(-23.,34.7860863498998,22.15));
#4698=CARTESIAN_POINT('',(-23.,27.,22.15));
#4699=CARTESIAN_POINT('',(-23.,38.5,22.15));
#4700=CARTESIAN_POINT('',(-22.75,28.0897247358852,21.9));
#4701=CARTESIAN_POINT('Ctrl Pts',(-23.,27.,22.15));
#4702=CARTESIAN_POINT('Ctrl Pts',(-23.,27.1751805213468,22.0946030550848));
#4703=CARTESIAN_POINT('Ctrl Pts',(-22.9805112589035,27.3660065020662,22.0336964887297));
#4704=CARTESIAN_POINT('Ctrl Pts',(-22.8954788431196,27.740664417946,21.9367106639462));
#4705=CARTESIAN_POINT('Ctrl Pts',(-22.8300864342283,27.9243669431512,21.9));
#4706=CARTESIAN_POINT('Ctrl Pts',(-22.75,28.0897247358852,21.9));
#4707=CARTESIAN_POINT('',(-22.75,38.5,21.9));
#4708=CARTESIAN_POINT('Origin',(-23.,33.5,24.9));
#4709=CARTESIAN_POINT('',(-23.,27.,5.));
#4710=CARTESIAN_POINT('',(-23.,27.,24.95));
#4711=CARTESIAN_POINT('',(-23.,30.5,27.9));
#4712=CARTESIAN_POINT('Origin',(-23.,36.5,27.9));
#4713=CARTESIAN_POINT('',(-23.,30.5,31.9));
#4714=CARTESIAN_POINT('',(-23.,30.5,33.65));
#4715=CARTESIAN_POINT('',(-23.,36.5,37.9));
#4716=CARTESIAN_POINT('Origin',(-23.,36.5,31.9));
#4717=CARTESIAN_POINT('',(-23.,37.5,37.9));
#4718=CARTESIAN_POINT('',(-23.,15.25,37.9));
#4719=CARTESIAN_POINT('',(-23.,43.25,33.6139136501003));
#4720=CARTESIAN_POINT('Origin',(-23.,37.5,31.9));
#4721=CARTESIAN_POINT('',(-23.,43.25,45.15));
#4722=CARTESIAN_POINT('',(-23.,43.25,31.4));
#4723=CARTESIAN_POINT('',(-23.,27.,45.15));
#4724=CARTESIAN_POINT('',(-23.,32.,45.15));
#4725=CARTESIAN_POINT('',(-23.,27.,52.));
#4726=CARTESIAN_POINT('',(-23.,27.,24.95));
#4727=CARTESIAN_POINT('',(-23.,2.5,52.));
#4728=CARTESIAN_POINT('',(-23.,0.,52.));
#4729=CARTESIAN_POINT('',(-23.,2.5,5.));
#4730=CARTESIAN_POINT('',(-23.,2.5,14.25));
#4731=CARTESIAN_POINT('',(-23.,0.,5.));
#4732=CARTESIAN_POINT('Origin',(-22.75,43.25,45.15));
#4733=CARTESIAN_POINT('',(-22.75,43.25,45.4));
#4734=CARTESIAN_POINT('Origin',(-22.75,43.25,45.15));
#4735=CARTESIAN_POINT('Origin',(-22.75,43.25,45.15));
#4736=CARTESIAN_POINT('Origin',(-22.75,43.25,45.15));
#4737=CARTESIAN_POINT('Origin',(-22.75,43.25,31.4));
#4738=CARTESIAN_POINT('Ctrl Pts',(-23.,43.25,33.6139136501003));
#4739=CARTESIAN_POINT('Ctrl Pts',(-23.,43.3218844247788,33.3727489668891));
#4740=CARTESIAN_POINT('Ctrl Pts',(-22.965504886336,43.3880485042572,33.0801324983608));
#4741=CARTESIAN_POINT('Ctrl Pts',(-22.8808055588853,43.472747831708,32.5429617939391));
#4742=CARTESIAN_POINT('Ctrl Pts',(-22.8097427401516,43.5,32.1926784584141));
#4743=CARTESIAN_POINT('Ctrl Pts',(-22.75,43.5,31.9));
#4744=CARTESIAN_POINT('Origin',(-23.,43.25,45.15));
#4745=CARTESIAN_POINT('',(-16.5,43.25,45.4));
#4746=CARTESIAN_POINT('Origin',(-16.5,43.25,45.15));
#4747=CARTESIAN_POINT('',(-23.,43.25,45.4));
#4748=CARTESIAN_POINT('Origin',(-22.75,32.,45.15));
#4749=CARTESIAN_POINT('',(-22.75,28.0897247358852,45.4));
#4750=CARTESIAN_POINT('Ctrl Pts',(-22.75,28.0897247358852,45.4));
#4751=CARTESIAN_POINT('Ctrl Pts',(-22.8300864342283,27.9243669431512,45.4));
#4752=CARTESIAN_POINT('Ctrl Pts',(-22.8954788431196,27.740664417946,45.3632893360538));
#4753=CARTESIAN_POINT('Ctrl Pts',(-22.9805112589035,27.3660065020662,45.2663035112703));
#4754=CARTESIAN_POINT('Ctrl Pts',(-23.,27.1751805213468,45.2053969449152));
#4755=CARTESIAN_POINT('Ctrl Pts',(-23.,27.,45.15));
#4756=CARTESIAN_POINT('',(-22.75,32.,45.4));
#4757=CARTESIAN_POINT('Origin',(-17.25,30.25,41.775));
#4758=CARTESIAN_POINT('',(-18.,29.5,45.4));
#4759=CARTESIAN_POINT('',(-16.5,31.,45.4));
#4760=CARTESIAN_POINT('',(-17.125,30.375,45.4));
#4761=CARTESIAN_POINT('',(-16.5,31.,54.5));
#4762=CARTESIAN_POINT('',(-16.5,31.,41.775));
#4763=CARTESIAN_POINT('',(-16.,31.5,55.));
#4764=CARTESIAN_POINT('Origin',(-16.,31.5,54.5));
#4765=CARTESIAN_POINT('',(-20.,27.5,55.));
#4766=CARTESIAN_POINT('',(-26.75,20.75,55.));
#4767=CARTESIAN_POINT('',(-20.5,27.,54.9580398915498));
#4768=CARTESIAN_POINT('Origin',(-20.,27.5,52.));
#4769=CARTESIAN_POINT('',(-20.,27.5,54.9494897427832));
#4770=CARTESIAN_POINT('Ctrl Pts',(-20.,27.5,54.9494897427832));
#4771=CARTESIAN_POINT('Ctrl Pts',(-20.1547123933139,27.3452876066861,54.9810702778252));
#4772=CARTESIAN_POINT('Ctrl Pts',(-20.3380403855296,27.1619596144704,54.9854160630026));
#4773=CARTESIAN_POINT('Ctrl Pts',(-20.5,27.,54.9580398915498));
#4774=CARTESIAN_POINT('',(-18.,29.5,52.5));
#4775=CARTESIAN_POINT('Origin',(-20.5,27.,52.5));
#4776=CARTESIAN_POINT('',(-18.,29.5,41.775));
#4777=CARTESIAN_POINT('Origin',(-20.5,27.,24.95));
#4778=CARTESIAN_POINT('',(-20.5,29.5,45.4));
#4779=CARTESIAN_POINT('Origin',(-20.5,27.,45.4));
#4780=CARTESIAN_POINT('',(-20.5,29.5,49.9));
#4781=CARTESIAN_POINT('',(-20.5,29.5,24.95));
#4782=CARTESIAN_POINT('',(-22.6,28.3564659966251,52.));
#4783=CARTESIAN_POINT('Ctrl Pts',(-20.5,29.5,49.9));
#4784=CARTESIAN_POINT('Ctrl Pts',(-20.7800282616657,29.5,49.9));
#4785=CARTESIAN_POINT('Ctrl Pts',(-21.0688312713301,29.4496298757666,49.9592432843688));
#4786=CARTESIAN_POINT('Ctrl Pts',(-21.5832195330262,29.2695573572034,50.1793155157906));
#4787=CARTESIAN_POINT('Ctrl Pts',(-21.8093956150366,29.1408149505037,50.3395471340532));
#4788=CARTESIAN_POINT('Ctrl Pts',(-22.1683237392702,28.8758108931629,50.6984752582867));
#4789=CARTESIAN_POINT('Ctrl Pts',(-22.3246752708474,28.7173156193333,50.9250124900823));
#4790=CARTESIAN_POINT('Ctrl Pts',(-22.4857010363234,28.5212312333475,51.3030417076689));
#4791=CARTESIAN_POINT('Ctrl Pts',(-22.5276061215616,28.4633182587981,51.4355414129443));
#4792=CARTESIAN_POINT('Ctrl Pts',(-22.5847296578854,28.3807448354681,51.710822531415));
#4793=CARTESIAN_POINT('Ctrl Pts',(-22.6,28.3564659966251,51.8537075001296));
#4794=CARTESIAN_POINT('Ctrl Pts',(-22.6,28.3564659966251,52.));
#4795=CARTESIAN_POINT('Origin',(-20.5,27.,52.));
#4796=CARTESIAN_POINT('Origin',(-20.5,27.,24.95));
#4797=CARTESIAN_POINT('',(-20.5,29.5,21.9));
#4798=CARTESIAN_POINT('Origin',(-20.5,27.,21.9));
#4799=CARTESIAN_POINT('',(-22.0581761208279,28.9550159018488,5.00000000619209));
#4800=CARTESIAN_POINT('Origin',(-20.5,27.,5.));
#4801=CARTESIAN_POINT('',(-20.5,29.5,9.63960780543714));
#4802=CARTESIAN_POINT('Ctrl Pts',(-20.5,29.5,9.63960780543714));
#4803=CARTESIAN_POINT('Ctrl Pts',(-20.8467016573002,29.5,9.63960780543713));
#4804=CARTESIAN_POINT('Ctrl Pts',(-21.2022262655338,29.4216580475387,9.56575804741249));
#4805=CARTESIAN_POINT('Ctrl Pts',(-21.7992381609666,29.1601233038232,9.3022106776456));
#4806=CARTESIAN_POINT('Ctrl Pts',(-22.0440354450046,28.9820819717177,9.11610613068271));
#4807=CARTESIAN_POINT('Ctrl Pts',(-22.4154990776142,28.6280523045103,8.7026367973774));
#4808=CARTESIAN_POINT('Ctrl Pts',(-22.5668190276532,28.4222297717706,8.44629056675216));
#4809=CARTESIAN_POINT('Ctrl Pts',(-22.7198745806068,28.155071896381,7.98815526475176));
#4810=CARTESIAN_POINT('Ctrl Pts',(-22.7594914698354,28.0730936261518,7.82154287874207));
#4811=CARTESIAN_POINT('Ctrl Pts',(-22.8139201890884,27.9499703984409,7.45378985006242));
#4812=CARTESIAN_POINT('Ctrl Pts',(-22.8287557293464,27.9107399477759,7.25057418878774));
#4813=CARTESIAN_POINT('Ctrl Pts',(-22.828803970453,27.9107193434863,6.82968859312906));
#4814=CARTESIAN_POINT('Ctrl Pts',(-22.8141405023003,27.9498225125702,6.62651912629725));
#4815=CARTESIAN_POINT('Ctrl Pts',(-22.7596758829337,28.073042319143,6.2586608646118));
#4816=CARTESIAN_POINT('Ctrl Pts',(-22.7208495315973,28.154254170223,6.09257340205586));
#4817=CARTESIAN_POINT('Ctrl Pts',(-22.5373833641044,28.4724464253061,5.55011062743924));
#4818=CARTESIAN_POINT('Ctrl Pts',(-22.3439050726142,28.7272857702646,5.25224354530455));
#4819=CARTESIAN_POINT('Ctrl Pts',(-22.0581761184192,28.9550159037685,5.00000001025778));
#4820=CARTESIAN_POINT('',(-20.5,29.5,24.95));
#4821=CARTESIAN_POINT('Origin',(-23.,29.5,49.9));
#4822=CARTESIAN_POINT('',(-20.,29.5,45.4));
#4823=CARTESIAN_POINT('',(-18.4603921945629,29.5,52.5));
#4824=CARTESIAN_POINT('',(-24.,29.5,52.5));
#4825=CARTESIAN_POINT('',(-18.4,29.5,52.));
#4826=CARTESIAN_POINT('Origin',(-20.5,29.5,52.));
#4827=CARTESIAN_POINT('Origin',(-20.5,29.5,52.));
#4828=CARTESIAN_POINT('Origin',(-23.,29.5,49.9));
#4829=CARTESIAN_POINT('',(-18.,29.5,21.9));
#4830=CARTESIAN_POINT('',(-23.,29.5,21.9));
#4831=CARTESIAN_POINT('',(-18.,29.5,7.7537506482918));
#4832=CARTESIAN_POINT('Origin',(-20.4999999999999,29.5,7.03960780543714));
#4833=CARTESIAN_POINT('',(-18.,29.5,41.775));
#4834=CARTESIAN_POINT('Origin',(18.,22.25,3.));
#4835=CARTESIAN_POINT('',(18.,39.5,2.));
#4836=CARTESIAN_POINT('',(19.,39.5,3.00000000000001));
#4837=CARTESIAN_POINT('Origin',(18.,39.5,3.));
#4838=CARTESIAN_POINT('',(19.,44.5,3.00000000000001));
#4839=CARTESIAN_POINT('',(19.,22.25,3.00000000000001));
#4840=CARTESIAN_POINT('',(18.,44.5,2.));
#4841=CARTESIAN_POINT('Origin',(18.,44.5,3.));
#4842=CARTESIAN_POINT('',(18.,22.25,2.));
#4843=CARTESIAN_POINT('Origin',(19.,44.5,6.));
#4844=CARTESIAN_POINT('',(19.,39.5,4.99999999999999));
#4845=CARTESIAN_POINT('',(19.,39.5,6.));
#4846=CARTESIAN_POINT('',(19.,44.5,4.99999999999999));
#4847=CARTESIAN_POINT('',(19.,44.5,4.99999999999999));
#4848=CARTESIAN_POINT('',(19.,44.5,6.));
#4849=CARTESIAN_POINT('Origin',(20.,44.5,5.));
#4850=CARTESIAN_POINT('',(20.,39.5,6.));
#4851=CARTESIAN_POINT('Origin',(20.,39.5,5.));
#4852=CARTESIAN_POINT('',(20.,44.5,6.));
#4853=CARTESIAN_POINT('',(20.,44.5,6.));
#4854=CARTESIAN_POINT('Origin',(20.,44.5,5.));
#4855=CARTESIAN_POINT('Origin',(0.,44.5,28.5));
#4856=CARTESIAN_POINT('',(-20.,44.5,57.));
#4857=CARTESIAN_POINT('',(-25.,44.5,52.));
#4858=CARTESIAN_POINT('Origin',(-20.,44.5,52.));
#4859=CARTESIAN_POINT('',(20.,44.5,57.));
#4860=CARTESIAN_POINT('',(-25.,44.5,57.));
#4861=CARTESIAN_POINT('',(25.,44.5,52.));
#4862=CARTESIAN_POINT('Origin',(20.,44.5,52.));
#4863=CARTESIAN_POINT('',(25.,44.5,5.));
#4864=CARTESIAN_POINT('',(25.,44.5,57.));
#4865=CARTESIAN_POINT('',(20.,44.5,0.));
#4866=CARTESIAN_POINT('Origin',(20.,44.5,5.));
#4867=CARTESIAN_POINT('',(-20.,44.5,0.));
#4868=CARTESIAN_POINT('',(25.,44.5,0.));
#4869=CARTESIAN_POINT('',(-25.,44.5,5.));
#4870=CARTESIAN_POINT('Origin',(-20.,44.5,5.));
#4871=CARTESIAN_POINT('',(-25.,44.5,0.));
#4872=CARTESIAN_POINT('',(-17.8999999999999,44.5,7.03960780543715));
#4873=CARTESIAN_POINT('Origin',(-20.4999999999999,44.5,7.03960780543714));
#4874=CARTESIAN_POINT('',(22.,44.5,5.99999999999999));
#4875=CARTESIAN_POINT('',(23.,44.5,5.99999999999999));
#4876=CARTESIAN_POINT('',(23.,44.5,6.99999999999999));
#4877=CARTESIAN_POINT('Origin',(22.,44.5,6.99999999999999));
#4878=CARTESIAN_POINT('',(23.,44.5,52.));
#4879=CARTESIAN_POINT('',(23.,44.5,42.75));
#4880=CARTESIAN_POINT('',(20.,44.5,55.));
#4881=CARTESIAN_POINT('Origin',(20.,44.5,52.));
#4882=CARTESIAN_POINT('',(-16.,44.5,55.));
#4883=CARTESIAN_POINT('',(-12.5,44.5,55.));
#4884=CARTESIAN_POINT('',(-16.5,44.5,54.5));
#4885=CARTESIAN_POINT('Origin',(-16.,44.5,54.5));
#4886=CARTESIAN_POINT('',(-16.5,44.5,2.5));
#4887=CARTESIAN_POINT('',(-16.5,44.5,17.4));
#4888=CARTESIAN_POINT('',(-16.,44.5,2.));
#4889=CARTESIAN_POINT('Origin',(-16.,44.5,2.5));
#4890=CARTESIAN_POINT('',(12.5,44.5,2.));
#4891=CARTESIAN_POINT('',(-17.9,44.5,52.));
#4892=CARTESIAN_POINT('Origin',(-20.5,44.5,52.));
#4893=CARTESIAN_POINT('',(22.4,44.5,3.60000000000001));
#4894=CARTESIAN_POINT('Origin',(21.5,44.5,3.6));
#4895=CARTESIAN_POINT('Origin',(23.,44.5,5.99999999999999));
#4896=CARTESIAN_POINT('',(22.,39.5,5.99999999999999));
#4897=CARTESIAN_POINT('',(23.,39.5,5.99999999999999));
#4898=CARTESIAN_POINT('',(22.,22.25,5.99999999999999));
#4899=CARTESIAN_POINT('Origin',(22.,22.25,6.99999999999999));
#4900=CARTESIAN_POINT('',(23.,39.5,6.99999999999999));
#4901=CARTESIAN_POINT('Origin',(22.,39.5,6.99999999999999));
#4902=CARTESIAN_POINT('',(23.,22.25,6.99999999999999));
#4903=CARTESIAN_POINT('Origin',(23.,0.,57.));
#4904=CARTESIAN_POINT('',(23.,39.5,5.));
#4905=CARTESIAN_POINT('',(23.,39.5,42.75));
#4906=CARTESIAN_POINT('',(23.,2.5,5.));
#4907=CARTESIAN_POINT('',(23.,0.,5.));
#4908=CARTESIAN_POINT('',(23.,2.5,52.));
#4909=CARTESIAN_POINT('',(23.,2.5,42.75));
#4910=CARTESIAN_POINT('',(23.,0.,52.));
#4911=CARTESIAN_POINT('Origin',(21.5,44.5,3.6));
#4912=CARTESIAN_POINT('',(22.4,39.5,3.60000000000001));
#4913=CARTESIAN_POINT('Origin',(21.5,39.5,3.6));
#4914=CARTESIAN_POINT('',(22.4,44.5,3.60000000000001));
#4915=CARTESIAN_POINT('Origin',(3.25,39.5,28.5));
#4916=CARTESIAN_POINT('',(20.,39.5,1.99999999999999));
#4917=CARTESIAN_POINT('',(14.125,39.5,2.));
#4918=CARTESIAN_POINT('Origin',(20.,39.5,5.));
#4919=CARTESIAN_POINT('Origin',(-20.4999999999999,29.75,7.03960780543714));
#4920=CARTESIAN_POINT('',(-18.,29.5,6.32546496258249));
#4921=CARTESIAN_POINT('Ctrl Pts',(-18.,29.5,6.32546496258249));
#4922=CARTESIAN_POINT('Ctrl Pts',(-17.8999999999999,29.6000000000001,7.03960780543714));
#4923=CARTESIAN_POINT('Ctrl Pts',(-18.,29.5,7.7537506482918));
#4924=CARTESIAN_POINT('',(-20.5,30.,9.13960780543714));
#4925=CARTESIAN_POINT('',(-20.5,29.5,9.63960780543714));
#4926=CARTESIAN_POINT('',(-18.3999999999999,30.,7.03960780543715));
#4927=CARTESIAN_POINT('Origin',(-20.4999999999999,30.,7.03960780543714));
#4928=CARTESIAN_POINT('',(-20.0500115750959,30.,4.98838611643022));
#4929=CARTESIAN_POINT('Origin',(-20.4999999999999,30.,7.03960780543714));
#4930=CARTESIAN_POINT('',(-19.9428714739283,29.5,4.5));
#4931=CARTESIAN_POINT('',(-20.0500115750959,30.,4.98838611643022));
#4932=CARTESIAN_POINT('Origin',(-20.4999999999999,29.5,7.03960780543714));
#4933=CARTESIAN_POINT('Ctrl Pts',(-22.0581761184192,28.9550159037685,5.00000001025778));
#4934=CARTESIAN_POINT('Ctrl Pts',(-22.3439050726142,28.7272857702646,5.25224354530455));
#4935=CARTESIAN_POINT('Ctrl Pts',(-22.5373833641044,28.4724464253061,5.55011062743924));
#4936=CARTESIAN_POINT('Ctrl Pts',(-22.7208495315973,28.154254170223,6.09257340205586));
#4937=CARTESIAN_POINT('Ctrl Pts',(-22.7596758829337,28.073042319143,6.2586608646118));
#4938=CARTESIAN_POINT('Ctrl Pts',(-22.8141405023003,27.9498225125702,6.62651912629725));
#4939=CARTESIAN_POINT('Ctrl Pts',(-22.828803970453,27.9107193434863,6.82968859312906));
#4940=CARTESIAN_POINT('Ctrl Pts',(-22.8287557293464,27.9107399477759,7.25057418878774));
#4941=CARTESIAN_POINT('Ctrl Pts',(-22.8139201890884,27.9499703984409,7.45378985006242));
#4942=CARTESIAN_POINT('Ctrl Pts',(-22.7594914698354,28.0730936261518,7.82154287874207));
#4943=CARTESIAN_POINT('Ctrl Pts',(-22.7198745806068,28.155071896381,7.98815526475176));
#4944=CARTESIAN_POINT('Ctrl Pts',(-22.5668190276532,28.4222297717706,8.44629056675216));
#4945=CARTESIAN_POINT('Ctrl Pts',(-22.4154990776142,28.6280523045103,8.7026367973774));
#4946=CARTESIAN_POINT('Ctrl Pts',(-22.0440354450046,28.9820819717177,9.11610613068271));
#4947=CARTESIAN_POINT('Ctrl Pts',(-21.7992381609666,29.1601233038232,9.3022106776456));
#4948=CARTESIAN_POINT('Ctrl Pts',(-21.2022262655338,29.4216580475387,9.56575804741249));
#4949=CARTESIAN_POINT('Ctrl Pts',(-20.8467016573002,29.5,9.63960780543713));
#4950=CARTESIAN_POINT('Ctrl Pts',(-20.5,29.5,9.63960780543714));
#4951=CARTESIAN_POINT('Ctrl Pts',(-22.0348134325714,29.1596960660771,5.18595138705869));
#4952=CARTESIAN_POINT('Ctrl Pts',(-22.3129014680414,28.9475636784759,5.44100817634704));
#4953=CARTESIAN_POINT('Ctrl Pts',(-22.4963660667554,28.7106102007255,5.73981122193825));
#4954=CARTESIAN_POINT('Ctrl Pts',(-22.6617872824278,28.4289157173553,6.24097144487996));
#4955=CARTESIAN_POINT('Ctrl Pts',(-22.6954657325765,28.3591482702609,6.38865539329435));
#4956=CARTESIAN_POINT('Ctrl Pts',(-22.7411782810707,28.2567640180919,6.7030711996648));
#4957=CARTESIAN_POINT('Ctrl Pts',(-22.7528261275875,28.2257454092876,6.86931372968717));
#4958=CARTESIAN_POINT('Ctrl Pts',(-22.7527647410692,28.2257827279664,7.21094105776883));
#4959=CARTESIAN_POINT('Ctrl Pts',(-22.740977080833,28.2568876084876,7.37727514826435));
#4960=CARTESIAN_POINT('Ctrl Pts',(-22.6952532089365,28.3592352824891,7.69148241299179));
#4961=CARTESIAN_POINT('Ctrl Pts',(-22.6608656356846,28.4296662443963,7.83989491523963));
#4962=CARTESIAN_POINT('Ctrl Pts',(-22.5229241749429,28.6661039252158,8.2624819755669));
#4963=CARTESIAN_POINT('Ctrl Pts',(-22.3802752645427,28.8560618000138,8.51521618675591));
#4964=CARTESIAN_POINT('Ctrl Pts',(-22.0218602496063,29.1846013544413,8.92901261914275));
#4965=CARTESIAN_POINT('Ctrl Pts',(-21.7827159818566,29.3507222499483,9.12066646884672));
#4966=CARTESIAN_POINT('Ctrl Pts',(-21.1949401182353,29.5939894302247,9.39468737443851));
#4967=CARTESIAN_POINT('Ctrl Pts',(-20.8431743698076,29.6665507597953,9.47313334680743));
#4968=CARTESIAN_POINT('Ctrl Pts',(-20.5,29.6666666666667,9.47294113877048));
#4969=CARTESIAN_POINT('Ctrl Pts',(-22.0114507467235,29.3643762283856,5.3719027638596));
#4970=CARTESIAN_POINT('Ctrl Pts',(-22.2811066274167,29.1686142704651,5.63222456772125));
#4971=CARTESIAN_POINT('Ctrl Pts',(-22.4548876941546,28.9492318698425,5.93106573019475));
#4972=CARTESIAN_POINT('Ctrl Pts',(-22.6028663638612,28.7034019424965,6.38891798341067));
#4973=CARTESIAN_POINT('Ctrl Pts',(-22.6310608198215,28.6455531073045,6.51918270590168));
#4974=CARTESIAN_POINT('Ctrl Pts',(-22.6683320727386,28.5634305620335,6.77941614410621));
#4975=CARTESIAN_POINT('Ctrl Pts',(-22.6768038441459,28.5408011914502,6.90856829716375));
#4976=CARTESIAN_POINT('Ctrl Pts',(-22.6767699935293,28.5408065036476,7.17192911861615));
#4977=CARTESIAN_POINT('Ctrl Pts',(-22.6681081644601,28.5635936011313,7.3011044686032));
#4978=CARTESIAN_POINT('Ctrl Pts',(-22.6309042579306,28.6455821289901,7.56127668872534));
#4979=CARTESIAN_POINT('Ctrl Pts',(-22.6019366268739,28.7041989379348,7.69213200361064));
#4980=CARTESIAN_POINT('Ctrl Pts',(-22.4788079108319,28.9101392227331,8.07793170621209));
#4981=CARTESIAN_POINT('Ctrl Pts',(-22.3449950493132,29.0841631695563,8.32756660473947));
#4982=CARTESIAN_POINT('Ctrl Pts',(-21.999670268988,29.3871628697952,8.74206955653866));
#4983=CARTESIAN_POINT('Ctrl Pts',(-21.7661170837818,29.5413404777804,8.93898869024234));
#4984=CARTESIAN_POINT('Ctrl Pts',(-21.1876807420876,29.766436332847,9.22360293826973));
#4985=CARTESIAN_POINT('Ctrl Pts',(-20.8395612014913,29.8334492402047,9.30608226406683));
#4986=CARTESIAN_POINT('Ctrl Pts',(-20.5,29.8333333333333,9.30627447210381));
#4987=CARTESIAN_POINT('Ctrl Pts',(-21.9880880608757,29.5690563906941,5.55785414066051));
#4988=CARTESIAN_POINT('Ctrl Pts',(-22.2501030228438,29.3888921786763,5.82098919876373));
#4989=CARTESIAN_POINT('Ctrl Pts',(-22.4138703968056,29.1873956452619,6.12076632469376));
#4990=CARTESIAN_POINT('Ctrl Pts',(-22.5438041146917,28.9780634896289,6.53731602623476));
#4991=CARTESIAN_POINT('Ctrl Pts',(-22.5668506694643,28.9316590584225,6.64917723458422));
#4992=CARTESIAN_POINT('Ctrl Pts',(-22.595369851509,28.8703720675552,6.85596821747375));
#4993=CARTESIAN_POINT('Ctrl Pts',(-22.6008260012803,28.8558272572514,6.94819343372185));
#4994=CARTESIAN_POINT('Ctrl Pts',(-22.6007790052522,28.8558492838381,7.13229598759724));
#4995=CARTESIAN_POINT('Ctrl Pts',(-22.5951650562047,28.8705108111779,7.22458976680514));
#4996=CARTESIAN_POINT('Ctrl Pts',(-22.5666659970317,28.9317237853274,7.43121622297506));
#4997=CARTESIAN_POINT('Ctrl Pts',(-22.5429276819518,28.9787932859501,7.54387165409852));
#4998=CARTESIAN_POINT('Ctrl Pts',(-22.4349130581217,29.1540133761783,7.89412311502684));
#4999=CARTESIAN_POINT('Ctrl Pts',(-22.3097712362417,29.3121726650597,8.14014599411798));
#5000=CARTESIAN_POINT('Ctrl Pts',(-21.9774950735897,29.5896822525188,8.55497604499869));
#5001=CARTESIAN_POINT('Ctrl Pts',(-21.7495949046718,29.7319394239054,8.75744448144346));
#5002=CARTESIAN_POINT('Ctrl Pts',(-21.1803945947891,29.9387677155331,9.05253226529575));
#5003=CARTESIAN_POINT('Ctrl Pts',(-20.8360339139987,30.,9.13960780543713));
#5004=CARTESIAN_POINT('Ctrl Pts',(-20.5,30.,9.13960780543714));
#5005=CARTESIAN_POINT('',(-21.9880880610084,29.5690563906029,5.55785414079382));
#5006=CARTESIAN_POINT('',(-22.0581761208279,28.9550159018488,5.00000000619209));
#5007=CARTESIAN_POINT('Ctrl Pts',(-21.9880880608757,29.5690563906941,5.55785414066051));
#5008=CARTESIAN_POINT('Ctrl Pts',(-22.2501030228438,29.3888921786763,5.82098919876373));
#5009=CARTESIAN_POINT('Ctrl Pts',(-22.4138703968056,29.1873956452619,6.12076632469376));
#5010=CARTESIAN_POINT('Ctrl Pts',(-22.5438041146917,28.9780634896289,6.53731602623476));
#5011=CARTESIAN_POINT('Ctrl Pts',(-22.5668506694643,28.9316590584225,6.64917723458422));
#5012=CARTESIAN_POINT('Ctrl Pts',(-22.595369851509,28.8703720675552,6.85596821747375));
#5013=CARTESIAN_POINT('Ctrl Pts',(-22.6008260012803,28.8558272572514,6.94819343372185));
#5014=CARTESIAN_POINT('Ctrl Pts',(-22.6007790052522,28.8558492838381,7.13229598759724));
#5015=CARTESIAN_POINT('Ctrl Pts',(-22.5951650562047,28.8705108111779,7.22458976680514));
#5016=CARTESIAN_POINT('Ctrl Pts',(-22.5666659970317,28.9317237853274,7.43121622297506));
#5017=CARTESIAN_POINT('Ctrl Pts',(-22.5429276819518,28.9787932859501,7.54387165409852));
#5018=CARTESIAN_POINT('Ctrl Pts',(-22.4349130581217,29.1540133761783,7.89412311502684));
#5019=CARTESIAN_POINT('Ctrl Pts',(-22.3097712362417,29.3121726650597,8.14014599411798));
#5020=CARTESIAN_POINT('Ctrl Pts',(-21.9774950735897,29.5896822525188,8.55497604499869));
#5021=CARTESIAN_POINT('Ctrl Pts',(-21.7495949046718,29.7319394239054,8.75744448144346));
#5022=CARTESIAN_POINT('Ctrl Pts',(-21.1803945947891,29.9387677155331,9.05253226529575));
#5023=CARTESIAN_POINT('Ctrl Pts',(-20.8360339139987,30.,9.13960780543713));
#5024=CARTESIAN_POINT('Ctrl Pts',(-20.5,30.,9.13960780543714));
#5025=CARTESIAN_POINT('Ctrl Pts',(-19.9428714739283,29.5,4.5));
#5026=CARTESIAN_POINT('Ctrl Pts',(-19.9618691481747,29.5,4.49583236977416));
#5027=CARTESIAN_POINT('Ctrl Pts',(-19.9809135885462,29.4999896043314,4.49187791801025));
#5028=CARTESIAN_POINT('Ctrl Pts',(-20.,29.4999718567332,4.48813764180961));
#5029=CARTESIAN_POINT('Ctrl Pts',(-19.9785848409841,29.6666666666667,4.66279537214341));
#5030=CARTESIAN_POINT('Ctrl Pts',(-19.9963647155994,29.6666666666667,4.65889489770128));
#5031=CARTESIAN_POINT('Ctrl Pts',(-20.0141883585203,29.666659736221,4.65519393649003));
#5032=CARTESIAN_POINT('Ctrl Pts',(-20.0320512820103,29.6666479044888,4.65169342132006));
#5033=CARTESIAN_POINT('Ctrl Pts',(-20.01429820804,29.8333333333333,4.82559074428682));
#5034=CARTESIAN_POINT('Ctrl Pts',(-20.0308602830241,29.8333333333333,4.82195742562839));
#5035=CARTESIAN_POINT('Ctrl Pts',(-20.0474631284944,29.8333298681105,4.8185099549698));
#5036=CARTESIAN_POINT('Ctrl Pts',(-20.0641025640206,29.8333239522444,4.81524920083052));
#5037=CARTESIAN_POINT('Ctrl Pts',(-20.0500115750959,30.,4.98838611643022));
#5038=CARTESIAN_POINT('Ctrl Pts',(-20.0653558504488,30.,4.98501995355551));
#5039=CARTESIAN_POINT('Ctrl Pts',(-20.0807378984685,30.,4.98182597344957));
#5040=CARTESIAN_POINT('Ctrl Pts',(-20.0961538460308,30.,4.97880498034097));
#5041=CARTESIAN_POINT('',(-20.0961538460308,30.,4.97880498034097));
#5042=CARTESIAN_POINT('',(-20.,29.4999718567332,4.48813764180961));
#5043=CARTESIAN_POINT('',(-20.0961538460308,30.,4.97880498034097));
#5044=CARTESIAN_POINT('Ctrl Pts',(-20.,29.4999718567332,4.48813764180961));
#5045=CARTESIAN_POINT('Ctrl Pts',(-19.9809135885462,29.4999896043314,4.49187791801025));
#5046=CARTESIAN_POINT('Ctrl Pts',(-19.9618691481747,29.5,4.49583236977416));
#5047=CARTESIAN_POINT('Ctrl Pts',(-19.9428714739283,29.5,4.5));
#5048=CARTESIAN_POINT('Ctrl Pts',(-20.0500115750959,30.,4.98838611643022));
#5049=CARTESIAN_POINT('Ctrl Pts',(-20.0653558504488,30.,4.98501995355551));
#5050=CARTESIAN_POINT('Ctrl Pts',(-20.0807378984685,30.,4.98182597344957));
#5051=CARTESIAN_POINT('Ctrl Pts',(-20.0961538460308,30.,4.97880498034097));
#5052=CARTESIAN_POINT('Ctrl Pts',(-20.495468552338,29.4876787879222,4.43976358984139));
#5053=CARTESIAN_POINT('Ctrl Pts',(-20.6182950756579,29.479569116658,4.43974940999609));
#5054=CARTESIAN_POINT('Ctrl Pts',(-20.7399151252202,29.4663587873292,4.4486127840103));
#5055=CARTESIAN_POINT('Ctrl Pts',(-20.9442627644299,29.4333144548831,4.4781056613304));
#5056=CARTESIAN_POINT('Ctrl Pts',(-21.0274062396895,29.4166403797353,4.494531739401));
#5057=CARTESIAN_POINT('Ctrl Pts',(-21.1082778643131,29.3970961152907,4.51468483240484));
#5058=CARTESIAN_POINT('Ctrl Pts',(-20.4957589585019,29.6584525252815,4.60637939165012));
#5059=CARTESIAN_POINT('Ctrl Pts',(-20.6173943317143,29.6530345939909,4.60629800892556));
#5060=CARTESIAN_POINT('Ctrl Pts',(-20.7380455509392,29.6418981809694,4.6155344669186));
#5061=CARTESIAN_POINT('Ctrl Pts',(-20.9407783345934,29.6120137766233,4.64646312597772));
#5062=CARTESIAN_POINT('Ctrl Pts',(-21.0232761833087,29.596505366769,4.66371347555482));
#5063=CARTESIAN_POINT('Ctrl Pts',(-21.1034855737298,29.5780437774664,4.68490265737763));
#5064=CARTESIAN_POINT('Ctrl Pts',(-20.4960493646659,29.8292262626407,4.77299519345884));
#5065=CARTESIAN_POINT('Ctrl Pts',(-20.6164811246873,29.8265345226671,4.77285456366114));
#5066=CARTESIAN_POINT('Ctrl Pts',(-20.7361731265876,29.8174455774196,4.78245772477807));
#5067=CARTESIAN_POINT('Ctrl Pts',(-20.9372941341018,29.7907123375808,4.81482046699873));
#5068=CARTESIAN_POINT('Ctrl Pts',(-21.0191427051872,29.7763796968433,4.83289659245118));
#5069=CARTESIAN_POINT('Ctrl Pts',(-21.0986932831465,29.7589914396422,4.85512048235041));
#5070=CARTESIAN_POINT('Ctrl Pts',(-20.4963397708298,30.,4.93961099526756));
#5071=CARTESIAN_POINT('Ctrl Pts',(-20.6155803807437,30.,4.9394031625906));
#5072=CARTESIAN_POINT('Ctrl Pts',(-20.7343035523066,29.9929849710598,4.94937940768637));
#5073=CARTESIAN_POINT('Ctrl Pts',(-20.9338097042653,29.9694116593209,4.98317793164606));
#5074=CARTESIAN_POINT('Ctrl Pts',(-21.0150126488065,29.956244683877,5.002078328605));
#5075=CARTESIAN_POINT('Ctrl Pts',(-21.0939009925633,29.939939101818,5.02533830732319));
#5076=CARTESIAN_POINT('',(-21.0939009925633,29.939939101818,5.02533830732319));
#5077=CARTESIAN_POINT('',(-21.1082778643131,29.3970961152907,4.51468483240484));
#5078=CARTESIAN_POINT('',(-21.0939009925633,29.939939101818,5.02533830732319));
#5079=CARTESIAN_POINT('',(-20.495468552338,29.4876787879222,4.43976358984139));
#5080=CARTESIAN_POINT('Ctrl Pts',(-21.1082778643131,29.3970961152907,4.51468483240484));
#5081=CARTESIAN_POINT('Ctrl Pts',(-21.0274062396895,29.4166403797353,4.494531739401));
#5082=CARTESIAN_POINT('Ctrl Pts',(-20.9442627644299,29.4333144548831,4.4781056613304));
#5083=CARTESIAN_POINT('Ctrl Pts',(-20.7399151252202,29.4663587873292,4.4486127840103));
#5084=CARTESIAN_POINT('Ctrl Pts',(-20.6182950756579,29.479569116658,4.43974940999609));
#5085=CARTESIAN_POINT('Ctrl Pts',(-20.495468552338,29.4876787879222,4.43976358984139));
#5086=CARTESIAN_POINT('',(-20.4963397708298,30.,4.93961099526756));
#5087=CARTESIAN_POINT('',(-20.495468552338,29.4876787879222,4.43976358984139));
#5088=CARTESIAN_POINT('Ctrl Pts',(-20.4963397708298,30.,4.93961099526756));
#5089=CARTESIAN_POINT('Ctrl Pts',(-20.6155803807437,30.,4.9394031625906));
#5090=CARTESIAN_POINT('Ctrl Pts',(-20.7343035523066,29.9929849710598,4.94937940768637));
#5091=CARTESIAN_POINT('Ctrl Pts',(-20.9338097042653,29.9694116593209,4.98317793164606));
#5092=CARTESIAN_POINT('Ctrl Pts',(-21.0150126488065,29.956244683877,5.002078328605));
#5093=CARTESIAN_POINT('Ctrl Pts',(-21.0939009925633,29.939939101818,5.02533830732319));
#5094=CARTESIAN_POINT('Ctrl Pts',(-20.,29.4999718567332,4.48813764180961));
#5095=CARTESIAN_POINT('Ctrl Pts',(-20.1630986711157,29.4998201985921,4.45617594595052));
#5096=CARTESIAN_POINT('Ctrl Pts',(-20.3292771771432,29.4986516412062,4.4397827759905));
#5097=CARTESIAN_POINT('Ctrl Pts',(-20.495468552338,29.4876787879222,4.43976358984139));
#5098=CARTESIAN_POINT('Ctrl Pts',(-20.0320512820103,29.6666479044888,4.65169342132007));
#5099=CARTESIAN_POINT('Ctrl Pts',(-20.1846949096771,29.6665467990614,4.62178054986064));
#5100=CARTESIAN_POINT('Ctrl Pts',(-20.3402183904099,29.6657677608041,4.60647017385763));
#5101=CARTESIAN_POINT('Ctrl Pts',(-20.4957589585019,29.6584525252815,4.60637939165012));
#5102=CARTESIAN_POINT('Ctrl Pts',(-20.0641025640205,29.8333239522444,4.81524920083052));
#5103=CARTESIAN_POINT('Ctrl Pts',(-20.2062911482386,29.8332733995307,4.78738515377077));
#5104=CARTESIAN_POINT('Ctrl Pts',(-20.3511596036765,29.8328838804021,4.77315757172477));
#5105=CARTESIAN_POINT('Ctrl Pts',(-20.4960493646659,29.8292262626407,4.77299519345884));
#5106=CARTESIAN_POINT('Ctrl Pts',(-20.0961538460308,30.,4.97880498034097));
#5107=CARTESIAN_POINT('Ctrl Pts',(-20.2278873868,30.,4.95298975768089));
#5108=CARTESIAN_POINT('Ctrl Pts',(-20.3621008169431,30.,4.9398449695919));
#5109=CARTESIAN_POINT('Ctrl Pts',(-20.4963397708298,30.,4.93961099526756));
#5110=CARTESIAN_POINT('Ctrl Pts',(-20.495468552338,29.4876787879222,4.43976358984139));
#5111=CARTESIAN_POINT('Ctrl Pts',(-20.3292771771432,29.4986516412062,4.4397827759905));
#5112=CARTESIAN_POINT('Ctrl Pts',(-20.1630986711157,29.4998201985921,4.45617594595052));
#5113=CARTESIAN_POINT('Ctrl Pts',(-20.,29.4999718567332,4.48813764180961));
#5114=CARTESIAN_POINT('Ctrl Pts',(-20.0961538460308,30.,4.97880498034097));
#5115=CARTESIAN_POINT('Ctrl Pts',(-20.2278873868,30.,4.95298975768089));
#5116=CARTESIAN_POINT('Ctrl Pts',(-20.3621008169431,30.,4.9398449695919));
#5117=CARTESIAN_POINT('Ctrl Pts',(-20.4963397708298,30.,4.93961099526756));
#5118=CARTESIAN_POINT('Ctrl Pts',(-21.1082778643131,29.3970961152907,4.51468483240484));
#5119=CARTESIAN_POINT('Ctrl Pts',(-21.4810214048808,29.3070150966296,4.60757198874186));
#5120=CARTESIAN_POINT('Ctrl Pts',(-21.815433975504,29.1484849241677,4.785705534865));
#5121=CARTESIAN_POINT('Ctrl Pts',(-22.058176118564,28.9550159036532,5.00000001038558));
#5122=CARTESIAN_POINT('Ctrl Pts',(-21.1034855737298,29.5780437774664,4.68490265737763));
#5123=CARTESIAN_POINT('Ctrl Pts',(-21.4725643112805,29.4930662259754,4.78238095747112));
#5124=CARTESIAN_POINT('Ctrl Pts',(-21.7987867276145,29.3396951484768,4.96857259976221));
#5125=CARTESIAN_POINT('Ctrl Pts',(-22.0348134327121,29.1596960659697,5.18595138718832));
#5126=CARTESIAN_POINT('Ctrl Pts',(-21.0986932831465,29.7589914396422,4.85512048235041));
#5127=CARTESIAN_POINT('Ctrl Pts',(-21.4641072176801,29.6791173553211,4.95718992620038));
#5128=CARTESIAN_POINT('Ctrl Pts',(-21.7821394797251,29.530905372786,5.15143966465941));
#5129=CARTESIAN_POINT('Ctrl Pts',(-22.0114507468603,29.3643762282863,5.37190276399107));
#5130=CARTESIAN_POINT('Ctrl Pts',(-21.0939009925633,29.939939101818,5.02533830732319));
#5131=CARTESIAN_POINT('Ctrl Pts',(-21.4556501240797,29.8651684846668,5.13199889492964));
#5132=CARTESIAN_POINT('Ctrl Pts',(-21.7654922318357,29.7221155970951,5.33430672955662));
#5133=CARTESIAN_POINT('Ctrl Pts',(-21.9880880610084,29.5690563906029,5.55785414079382));
#5134=CARTESIAN_POINT('Ctrl Pts',(-22.058176118564,28.9550159036532,5.00000001038558));
#5135=CARTESIAN_POINT('Ctrl Pts',(-21.815433975504,29.1484849241677,4.785705534865));
#5136=CARTESIAN_POINT('Ctrl Pts',(-21.4810214048808,29.3070150966296,4.60757198874186));
#5137=CARTESIAN_POINT('Ctrl Pts',(-21.1082778643131,29.3970961152907,4.51468483240484));
#5138=CARTESIAN_POINT('Ctrl Pts',(-21.0939009925633,29.939939101818,5.02533830732319));
#5139=CARTESIAN_POINT('Ctrl Pts',(-21.4556501240797,29.8651684846668,5.13199889492964));
#5140=CARTESIAN_POINT('Ctrl Pts',(-21.7654922318357,29.7221155970951,5.33430672955662));
#5141=CARTESIAN_POINT('Ctrl Pts',(-21.9880880610084,29.5690563906029,5.55785414079382));
#5142=CARTESIAN_POINT('Origin',(-23.,29.5,49.9));
#5143=CARTESIAN_POINT('',(-18.,29.5,4.5));
#5144=CARTESIAN_POINT('',(1.,29.5,4.5));
#5145=CARTESIAN_POINT('',(-18.,29.5,41.775));
#5146=CARTESIAN_POINT('Origin',(1.,27.,4.5));
#5147=CARTESIAN_POINT('',(-20.,27.5,2.05051025721682));
#5148=CARTESIAN_POINT('Origin',(-20.,27.,4.5));
#5149=CARTESIAN_POINT('Origin',(-20.5,27.,4.5));
#5150=CARTESIAN_POINT('Ctrl Pts',(-20.,27.,2.));
#5151=CARTESIAN_POINT('Ctrl Pts',(-23.000000015138,27.,2.));
#5152=CARTESIAN_POINT('Ctrl Pts',(-23.,27.,5.00000001513803));
#5153=CARTESIAN_POINT('Ctrl Pts',(-20.,29.4881656518535,2.));
#5154=CARTESIAN_POINT('Ctrl Pts',(-23.000000015138,29.4881656518535,2.));
#5155=CARTESIAN_POINT('Ctrl Pts',(-23.,29.4881656518535,5.00000001513803));
#5156=CARTESIAN_POINT('Ctrl Pts',(-20.,29.4999718567332,4.48813764180962));
#5157=CARTESIAN_POINT('Ctrl Pts',(-20.5118623607732,29.4999718567332,4.48813764180962));
#5158=CARTESIAN_POINT('Ctrl Pts',(-20.5118623581904,29.4999718567332,5.00000000258286));
#5159=CARTESIAN_POINT('',(-20.5,27.,2.04196010845019));
#5160=CARTESIAN_POINT('Origin',(-20.,27.,5.));
#5161=CARTESIAN_POINT('Ctrl Pts',(-20.5,27.,2.04196010845019));
#5162=CARTESIAN_POINT('Ctrl Pts',(-20.3380403855296,27.1619596144704,2.01458393699742));
#5163=CARTESIAN_POINT('Ctrl Pts',(-20.1547123933139,27.3452876066861,2.01892972217483));
#5164=CARTESIAN_POINT('Ctrl Pts',(-20.,27.5,2.05051025721682));
#5165=CARTESIAN_POINT('Origin',(-20.4999999999999,44.5,7.03960780543714));
#5166=CARTESIAN_POINT('',(-18.3999999999999,44.,7.03960780543715));
#5167=CARTESIAN_POINT('Origin',(-20.4999999999999,44.,7.03960780543714));
#5168=CARTESIAN_POINT('',(-18.3999999999999,44.5,7.03960780543715));
#5169=CARTESIAN_POINT('Origin',(-20.4999999999999,44.25,7.03960780543714));
#5170=CARTESIAN_POINT('',(-18.1499999999999,44.25,7.03960780543715));
#5171=CARTESIAN_POINT('Origin',(-20.5,44.25,52.));
#5172=CARTESIAN_POINT('',(-18.4,44.,52.));
#5173=CARTESIAN_POINT('',(-18.15,44.25,52.));
#5174=CARTESIAN_POINT('Origin',(-20.5,44.,52.));
#5175=CARTESIAN_POINT('Origin',(-20.5,44.5,52.));
#5176=CARTESIAN_POINT('',(-18.4,44.5,52.));
#5177=CARTESIAN_POINT('',(-20.,28.969672004532,54.0396078054371));
#5178=CARTESIAN_POINT('Ctrl Pts',(-20.,28.969672004532,54.0396078054371));
#5179=CARTESIAN_POINT('Ctrl Pts',(-19.9180189027323,28.9853811751927,54.019510535499));
#5180=CARTESIAN_POINT('Ctrl Pts',(-19.8371996870005,29.0044980208132,53.9944328397038));
#5181=CARTESIAN_POINT('Ctrl Pts',(-19.5214507368514,29.090646485772,53.8752769252668));
#5182=CARTESIAN_POINT('Ctrl Pts',(-19.3041340132469,29.1762776569152,53.7421684212935));
#5183=CARTESIAN_POINT('Ctrl Pts',(-18.9525881482828,29.3233007820431,53.438154680989));
#5184=CARTESIAN_POINT('Ctrl Pts',(-18.7902371687975,29.3969471935465,53.2448854147304));
#5185=CARTESIAN_POINT('Ctrl Pts',(-18.5750859179508,29.4796301031709,52.860566171779));
#5186=CARTESIAN_POINT('Ctrl Pts',(-18.5046579913467,29.5,52.6805697292686));
#5187=CARTESIAN_POINT('Ctrl Pts',(-18.4603921945629,29.5,52.5));
#5188=CARTESIAN_POINT('Ctrl Pts',(-22.6,28.3564659966251,52.));
#5189=CARTESIAN_POINT('Ctrl Pts',(-22.6,28.3564659966251,52.0305878659049));
#5190=CARTESIAN_POINT('Ctrl Pts',(-22.5993317200639,28.3566650040705,52.0612042114827));
#5191=CARTESIAN_POINT('Ctrl Pts',(-22.5873020535004,28.3602447638484,52.3360449623112));
#5192=CARTESIAN_POINT('Ctrl Pts',(-22.5341313915171,28.3762049991818,52.5756445471999));
#5193=CARTESIAN_POINT('Ctrl Pts',(-22.3367894573448,28.4328558533835,53.0543805497979));
#5194=CARTESIAN_POINT('Ctrl Pts',(-22.1837991243538,28.4757006666355,53.284053909189));
#5195=CARTESIAN_POINT('Ctrl Pts',(-21.7937575355042,28.5777535989416,53.6780848281277));
#5196=CARTESIAN_POINT('Ctrl Pts',(-21.5571577007127,28.63651201261,53.8361249448295));
#5197=CARTESIAN_POINT('Ctrl Pts',(-21.0322028351445,28.7580989164115,54.0515431936577));
#5198=CARTESIAN_POINT('Ctrl Pts',(-20.7474134253119,28.8199717556917,54.1050403454846));
#5199=CARTESIAN_POINT('Ctrl Pts',(-20.3050827257236,28.9103158422411,54.0966969452768));
#5200=CARTESIAN_POINT('Ctrl Pts',(-20.150676303284,28.9407994980433,54.0765453732583));
#5201=CARTESIAN_POINT('Ctrl Pts',(-20.,28.969672004532,54.0396078054371));
#5202=CARTESIAN_POINT('Origin',(-24.,27.,52.5));
#5203=CARTESIAN_POINT('Origin',(-20.,27.,52.5));
#5204=CARTESIAN_POINT('Origin',(25.5,37.,28.5));
#5205=CARTESIAN_POINT('',(25.5,33.,28.5));
#5206=CARTESIAN_POINT('',(25.5,37.,24.5));
#5207=CARTESIAN_POINT('Origin',(25.5,37.,28.5));
#5208=CARTESIAN_POINT('',(25.,37.,24.));
#5209=CARTESIAN_POINT('Origin',(25.5,37.,24.));
#5210=CARTESIAN_POINT('Origin',(25.,37.,28.5));
#5211=CARTESIAN_POINT('Origin',(25.5,37.,28.5));
#5212=CARTESIAN_POINT('Origin',(25.,37.,28.5));
#5213=CARTESIAN_POINT('',(30.5,33.,28.5));
#5214=CARTESIAN_POINT('',(30.5,37.,32.5));
#5215=CARTESIAN_POINT('Origin',(30.5,37.,28.5));
#5216=CARTESIAN_POINT('',(25.,33.,28.5));
#5217=CARTESIAN_POINT('Origin',(30.5,37.,28.5));
#5218=CARTESIAN_POINT('Origin',(25.,0.,57.));
#5219=CARTESIAN_POINT('',(25.,2.5,5.));
#5220=CARTESIAN_POINT('',(25.,2.5,52.));
#5221=CARTESIAN_POINT('',(25.,2.5,42.75));
#5222=CARTESIAN_POINT('',(25.,0.,5.));
#5223=CARTESIAN_POINT('',(25.,0.,52.));
#5224=CARTESIAN_POINT('Origin',(30.5,37.,28.5));
#5225=CARTESIAN_POINT('',(32.,37.,31.));
#5226=CARTESIAN_POINT('Origin',(32.,37.,28.5));
#5227=CARTESIAN_POINT('Origin',(30.5,37.,31.));
#5228=CARTESIAN_POINT('Origin',(32.,37.,28.5));
#5229=CARTESIAN_POINT('Origin',(-16.,18.5,2.5));
#5230=CARTESIAN_POINT('',(-16.5,31.,2.5));
#5231=CARTESIAN_POINT('',(-16.,31.5,2.));
#5232=CARTESIAN_POINT('Origin',(-16.,31.5,2.5));
#5233=CARTESIAN_POINT('',(-16.,18.5,2.));
#5234=CARTESIAN_POINT('',(-16.5,18.5,2.5));
#5235=CARTESIAN_POINT('Origin',(25.,0.,2.));
#5236=CARTESIAN_POINT('',(-20.,27.5,2.));
#5237=CARTESIAN_POINT('',(-14.25,33.25,2.));
#5238=CARTESIAN_POINT('',(-20.,2.5,2.));
#5239=CARTESIAN_POINT('',(-20.,0.,2.));
#5240=CARTESIAN_POINT('',(20.,2.5,2.));
#5241=CARTESIAN_POINT('',(12.5,2.5,2.));
#5242=CARTESIAN_POINT('',(20.,0.,2.));
#5243=CARTESIAN_POINT('Origin',(-16.,18.5,54.5));
#5244=CARTESIAN_POINT('',(-16.5,18.5,54.5));
#5245=CARTESIAN_POINT('',(-16.,18.5,55.));
#5246=CARTESIAN_POINT('Origin',(-16.5,37.,33.65));
#5247=CARTESIAN_POINT('',(-16.5,30.5,45.4));
#5248=CARTESIAN_POINT('',(-16.5,31.,21.9));
#5249=CARTESIAN_POINT('',(-16.5,43.5,21.9));
#5250=CARTESIAN_POINT('',(-16.5,31.,41.775));
#5251=CARTESIAN_POINT('',(-16.5,36.1,47.5532388275402));
#5252=CARTESIAN_POINT('Origin',(-16.5,37.,47.5532388275402));
#5253=CARTESIAN_POINT('',(-16.5,36.2376965998399,19.7535798431858));
#5254=CARTESIAN_POINT('Origin',(-16.5,37.1376965998399,19.7535798431858));
#5255=CARTESIAN_POINT('Ctrl Pts',(-23.,27.,52.));
#5256=CARTESIAN_POINT('Ctrl Pts',(-23.,27.,55.));
#5257=CARTESIAN_POINT('Ctrl Pts',(-20.,27.,55.));
#5258=CARTESIAN_POINT('Ctrl Pts',(-23.,28.218974773913,52.));
#5259=CARTESIAN_POINT('Ctrl Pts',(-23.,28.218974773913,55.));
#5260=CARTESIAN_POINT('Ctrl Pts',(-20.,28.218974773913,55.));
#5261=CARTESIAN_POINT('Ctrl Pts',(-22.0396078054371,28.969672004532,52.));
#5262=CARTESIAN_POINT('Ctrl Pts',(-22.0396078054371,28.969672004532,54.0396078054371));
#5263=CARTESIAN_POINT('Ctrl Pts',(-20.,28.969672004532,54.0396078054371));
#5264=CARTESIAN_POINT('Origin',(-20.,27.,52.));
#5265=CARTESIAN_POINT('Origin',(-20.,0.,5.));
#5266=CARTESIAN_POINT('Origin',(-20.,27.5,5.));
#5267=CARTESIAN_POINT('Origin',(-20.,2.5,5.));
#5268=CARTESIAN_POINT('Origin',(-20.,0.,52.));
#5269=CARTESIAN_POINT('',(-20.,2.5,55.));
#5270=CARTESIAN_POINT('',(-20.,0.,55.));
#5271=CARTESIAN_POINT('Origin',(-20.,2.5,52.));
#5272=CARTESIAN_POINT('Origin',(-17.25,30.25,41.775));
#5273=CARTESIAN_POINT('',(-18.625,28.875,21.9));
#5274=CARTESIAN_POINT('Origin',(-23.,30.5,45.4));
#5275=CARTESIAN_POINT('Origin',(-23.,30.5,21.9));
#5276=CARTESIAN_POINT('',(-25.,30.5,27.9));
#5277=CARTESIAN_POINT('',(-25.,30.5,27.9));
#5278=CARTESIAN_POINT('',(-25.,30.5,31.9));
#5279=CARTESIAN_POINT('',(-25.,30.5,10.95));
#5280=CARTESIAN_POINT('',(-23.,30.5,31.9));
#5281=CARTESIAN_POINT('Origin',(-25.,36.5,27.9));
#5282=CARTESIAN_POINT('',(-25.,36.5,21.9));
#5283=CARTESIAN_POINT('Origin',(-25.,36.5,27.9));
#5284=CARTESIAN_POINT('',(-25.,36.5,21.9));
#5285=CARTESIAN_POINT('Origin',(-25.,37.5,27.9));
#5286=CARTESIAN_POINT('',(-25.,37.5,21.9));
#5287=CARTESIAN_POINT('Origin',(-25.,37.5,27.9));
#5288=CARTESIAN_POINT('',(-25.,37.5,21.9));
#5289=CARTESIAN_POINT('Origin',(-23.,36.5,31.9));
#5290=CARTESIAN_POINT('',(-25.,36.5,37.9));
#5291=CARTESIAN_POINT('Origin',(-25.,36.5,31.9));
#5292=CARTESIAN_POINT('',(-23.,36.5,37.9));
#5293=CARTESIAN_POINT('Origin',(-23.,37.5,31.9));
#5294=CARTESIAN_POINT('',(-25.,37.5,37.9));
#5295=CARTESIAN_POINT('',(-23.,37.5,37.9));
#5296=CARTESIAN_POINT('Origin',(-25.,37.5,31.9));
#5297=CARTESIAN_POINT('Origin',(-23.,30.5,37.9));
#5298=CARTESIAN_POINT('',(-25.,15.25,37.9));
#5299=CARTESIAN_POINT('Origin',(-23.,37.1376965998399,19.7535798431858));
#5300=CARTESIAN_POINT('',(-23.,36.2376965998399,19.7535798431858));
#5301=CARTESIAN_POINT('',(-23.,36.2376965998399,19.7535798431858));
#5302=CARTESIAN_POINT('Origin',(-23.,37.1376965998399,19.7535798431858));
#5303=CARTESIAN_POINT('Origin',(-23.,37.,47.5532388275402));
#5304=CARTESIAN_POINT('',(-23.,36.1,47.5532388275402));
#5305=CARTESIAN_POINT('',(-23.,36.1,47.5532388275402));
#5306=CARTESIAN_POINT('Origin',(-23.,37.,47.5532388275402));
#5307=CARTESIAN_POINT('Origin',(-23.,0.,-1.55820775385987E-16));
#5308=CARTESIAN_POINT('Origin',(-23.,0.,-1.55820775385987E-16));
#5309=CARTESIAN_POINT('Origin',(-23.,43.5,21.9));
#5310=CARTESIAN_POINT('',(-25.,21.75,21.9));
#5311=CARTESIAN_POINT('Origin',(3.55696556957774E-17,1.5,16.));
#5312=CARTESIAN_POINT('',(-0.580398371997651,2.,20.467599117734));
#5313=CARTESIAN_POINT('',(-0.534146598815069,1.15199229271072,20.1115774763346));
#5314=CARTESIAN_POINT('Origin',(-0.580398371997651,1.5,20.467599117734));
#5315=CARTESIAN_POINT('',(0.534146598815068,1.15199229271072,20.1115774763346));
#5316=CARTESIAN_POINT('Origin',(8.00317253154991E-17,1.15199229271072,16.));
#5317=CARTESIAN_POINT('',(0.58039837199765,2.,20.467599117734));
#5318=CARTESIAN_POINT('Origin',(0.58039837199765,1.5,20.467599117734));
#5319=CARTESIAN_POINT('Origin',(3.55696556957774E-17,2.,16.));
#5320=CARTESIAN_POINT('Ctrl Pts',(0.534146598815069,1.15199229271072,20.1115774763346));
#5321=CARTESIAN_POINT('Ctrl Pts',(0.181480280519111,1.15199229271072,20.1573933500519));
#5322=CARTESIAN_POINT('Ctrl Pts',(-0.181480280519099,1.15199229271072,20.1573933500519));
#5323=CARTESIAN_POINT('Ctrl Pts',(-0.534146598815068,1.15199229271072,20.1115774763346));
#5324=CARTESIAN_POINT('Ctrl Pts',(0.524152355238759,1.23202251915809,20.0346470851789));
#5325=CARTESIAN_POINT('Ctrl Pts',(0.178437469598837,1.23202251915809,20.0795598787203));
#5326=CARTESIAN_POINT('Ctrl Pts',(-0.178437469598822,1.23202251915809,20.0795598787204));
#5327=CARTESIAN_POINT('Ctrl Pts',(-0.524152355238759,1.23202251915809,20.0346470851789));
#5328=CARTESIAN_POINT('Ctrl Pts',(0.511356176658882,1.44574266768277,19.9361488830956));
#5329=CARTESIAN_POINT('Ctrl Pts',(0.174503719114324,1.44574266768277,19.9799103336667));
#5330=CARTESIAN_POINT('Ctrl Pts',(-0.174503719114308,1.44574266768277,19.9799103336667));
#5331=CARTESIAN_POINT('Ctrl Pts',(-0.511356176658881,1.44574266768277,19.9361488830956));
#5332=CARTESIAN_POINT('Ctrl Pts',(0.521869392273481,1.78985868548056,20.0170740460017));
#5333=CARTESIAN_POINT('Ctrl Pts',(0.177733509613851,1.78985868548056,20.0617817068231));
#5334=CARTESIAN_POINT('Ctrl Pts',(-0.17773350961384,1.78985868548056,20.0617817068231));
#5335=CARTESIAN_POINT('Ctrl Pts',(-0.521869392273482,1.78985868548056,20.0170740460017));
#5336=CARTESIAN_POINT('Ctrl Pts',(0.551656415423471,1.9723453287706,20.2463587662307));
#5337=CARTESIAN_POINT('Ctrl Pts',(0.18683824958394,1.9723453287706,20.2937533206543));
#5338=CARTESIAN_POINT('Ctrl Pts',(-0.186838249583938,1.9723453287706,20.2937533206543));
#5339=CARTESIAN_POINT('Ctrl Pts',(-0.551656415423473,1.9723453287706,20.2463587662307));
#5340=CARTESIAN_POINT('Ctrl Pts',(0.573218758323174,2.,20.4123342561057));
#5341=CARTESIAN_POINT('Ctrl Pts',(0.193439986107978,2.,20.4616723849987));
#5342=CARTESIAN_POINT('Ctrl Pts',(-0.193439986107981,2.,20.4616723849987));
#5343=CARTESIAN_POINT('Ctrl Pts',(-0.573218758323177,2.,20.4123342561057));
#5344=CARTESIAN_POINT('Ctrl Pts',(0.580398371997651,2.,20.467599117734));
#5345=CARTESIAN_POINT('Ctrl Pts',(0.195640447946284,2.,20.5175841022521));
#5346=CARTESIAN_POINT('Ctrl Pts',(-0.195640447946289,2.,20.5175841022521));
#5347=CARTESIAN_POINT('Ctrl Pts',(-0.580398371997653,2.,20.467599117734));
#5348=CARTESIAN_POINT('Ctrl Pts',(-0.580398371997653,2.,20.467599117734));
#5349=CARTESIAN_POINT('Ctrl Pts',(-0.195640447946289,2.,20.5175841022521));
#5350=CARTESIAN_POINT('Ctrl Pts',(0.195640447946284,2.,20.5175841022521));
#5351=CARTESIAN_POINT('Ctrl Pts',(0.580398371997651,2.,20.467599117734));
#5352=CARTESIAN_POINT('Ctrl Pts',(0.534146598815069,1.15199229271072,20.1115774763346));
#5353=CARTESIAN_POINT('Ctrl Pts',(0.181480280519111,1.15199229271072,20.1573933500519));
#5354=CARTESIAN_POINT('Ctrl Pts',(-0.181480280519099,1.15199229271072,20.1573933500519));
#5355=CARTESIAN_POINT('Ctrl Pts',(-0.534146598815068,1.15199229271072,20.1115774763346));
#5356=CARTESIAN_POINT('Origin',(0.,4.28406165831425,16.));
#5357=CARTESIAN_POINT('',(-0.772981241687041,0.,21.95));
#5358=CARTESIAN_POINT('Origin',(-0.950412557458314,4.28406165831425,23.3157722489293));
#5359=CARTESIAN_POINT('',(0.772981241687041,0.,21.95));
#5360=CARTESIAN_POINT('Origin',(0.,0.,16.));
#5361=CARTESIAN_POINT('Origin',(0.950412557458315,4.28406165831425,23.3157722489293));
#5362=CARTESIAN_POINT('Origin',(0.,2.,28.5));
#5363=CARTESIAN_POINT('',(22.5,2.,52.));
#5364=CARTESIAN_POINT('',(22.5,2.,5.));
#5365=CARTESIAN_POINT('',(22.5,2.,42.75));
#5366=CARTESIAN_POINT('',(20.,2.,2.5));
#5367=CARTESIAN_POINT('Origin',(20.,2.,5.));
#5368=CARTESIAN_POINT('',(-20.,2.,2.5));
#5369=CARTESIAN_POINT('',(12.5,2.,2.5));
#5370=CARTESIAN_POINT('',(-22.5,2.,5.));
#5371=CARTESIAN_POINT('Origin',(-20.,2.,5.));
#5372=CARTESIAN_POINT('',(-22.5,2.,52.));
#5373=CARTESIAN_POINT('',(-22.5,2.,14.25));
#5374=CARTESIAN_POINT('',(-20.,2.,54.5));
#5375=CARTESIAN_POINT('Origin',(-20.,2.,52.));
#5376=CARTESIAN_POINT('',(20.,2.,54.5));
#5377=CARTESIAN_POINT('',(-12.5,2.,54.5));
#5378=CARTESIAN_POINT('Origin',(20.,2.,52.));
#5379=CARTESIAN_POINT('',(-15.25,2.,52.5));
#5380=CARTESIAN_POINT('Origin',(-15.25,2.,50.));
#5381=CARTESIAN_POINT('',(15.25,2.,24.));
#5382=CARTESIAN_POINT('Origin',(15.25,2.,21.5));
#5383=CARTESIAN_POINT('',(16.75,2.,26.25));
#5384=CARTESIAN_POINT('',(15.75,2.,25.25));
#5385=CARTESIAN_POINT('Origin',(15.75,2.,26.25));
#5386=CARTESIAN_POINT('',(16.75,2.,46.25));
#5387=CARTESIAN_POINT('',(16.75,2.,37.625));
#5388=CARTESIAN_POINT('',(15.75,2.,47.25));
#5389=CARTESIAN_POINT('Origin',(15.75,2.,46.25));
#5390=CARTESIAN_POINT('',(-15.65,2.,47.25));
#5391=CARTESIAN_POINT('',(-8.075,2.,47.25));
#5392=CARTESIAN_POINT('',(-16.65,2.,46.25));
#5393=CARTESIAN_POINT('Origin',(-15.65,2.,46.25));
#5394=CARTESIAN_POINT('',(-16.65,2.,26.25));
#5395=CARTESIAN_POINT('',(-16.65,2.,27.125));
#5396=CARTESIAN_POINT('',(-15.65,2.,25.25));
#5397=CARTESIAN_POINT('Origin',(-15.65,2.,26.25));
#5398=CARTESIAN_POINT('',(8.125,2.,25.25));
#5399=CARTESIAN_POINT('',(-15.25,2.,24.));
#5400=CARTESIAN_POINT('Origin',(-15.25,2.,21.5));
#5401=CARTESIAN_POINT('',(15.25,2.,52.5));
#5402=CARTESIAN_POINT('Origin',(15.25,2.,50.));
#5403=CARTESIAN_POINT('Ctrl Pts',(-0.534084594218983,1.15248887905475,20.1111001978099));
#5404=CARTESIAN_POINT('Ctrl Pts',(-0.187746387861384,1.15248887905475,20.1560939686996));
#5405=CARTESIAN_POINT('Ctrl Pts',(0.187746387861363,1.15248887905475,20.1560939686996));
#5406=CARTESIAN_POINT('Ctrl Pts',(0.534084594218981,1.15248887905475,20.1111001978099));
#5407=CARTESIAN_POINT('Ctrl Pts',(-0.599989407064804,0.624585071129832,
20.6184005244993));
#5408=CARTESIAN_POINT('Ctrl Pts',(-0.215212366017092,0.624585071129832,
20.6683879925601));
#5409=CARTESIAN_POINT('Ctrl Pts',(0.215212366017071,0.624585071129829,20.6683879925601));
#5410=CARTESIAN_POINT('Ctrl Pts',(0.599989407064802,0.624585071129829,20.6184005244993));
#5411=CARTESIAN_POINT('Ctrl Pts',(-0.682821982518263,0.22498288731795,21.256001797814));
#5412=CARTESIAN_POINT('Ctrl Pts',(-0.248021283615722,0.22498288731795,21.3124879800198));
#5413=CARTESIAN_POINT('Ctrl Pts',(0.248021283615698,0.224982887317945,21.3124879800198));
#5414=CARTESIAN_POINT('Ctrl Pts',(0.68282198251826,0.224982887317945,21.256001797814));
#5415=CARTESIAN_POINT('Ctrl Pts',(-0.772981241687045,5.55111512312578E-15,
21.95));
#5416=CARTESIAN_POINT('Ctrl Pts',(-0.282381640492473,5.7118626376153E-15,
22.0137351746054));
#5417=CARTESIAN_POINT('Ctrl Pts',(0.282381640492448,-3.0808354338327E-16,
22.0137351746054));
#5418=CARTESIAN_POINT('Ctrl Pts',(0.772981241687042,-5.55111512312578E-16,
21.95));
#5419=CARTESIAN_POINT('Ctrl Pts',(-0.772981241687041,5.68989300120393E-15,
21.95));
#5420=CARTESIAN_POINT('Ctrl Pts',(-0.282381640492472,5.86336534880158E-15,
22.0137351746054));
#5421=CARTESIAN_POINT('Ctrl Pts',(0.282381640492447,-2.42861286636728E-16,
22.0137351746054));
#5422=CARTESIAN_POINT('Ctrl Pts',(0.772981241687039,-4.16333634234434E-16,
21.95));
#5423=CARTESIAN_POINT('Origin',(0.,0.,28.5));
#5424=CARTESIAN_POINT('',(-18.5,0.,21.95));
#5425=CARTESIAN_POINT('',(-11.75,0.,21.95));
#5426=CARTESIAN_POINT('',(-22.5,0.,23.3827625905448));
#5427=CARTESIAN_POINT('Origin',(-18.5,0.,28.25));
#5428=CARTESIAN_POINT('',(-22.5,0.,5.));
#5429=CARTESIAN_POINT('',(-22.5,0.,14.25));
#5430=CARTESIAN_POINT('',(-20.,0.,2.5));
#5431=CARTESIAN_POINT('Origin',(-20.,0.,5.));
#5432=CARTESIAN_POINT('',(20.,0.,2.5));
#5433=CARTESIAN_POINT('',(12.5,0.,2.5));
#5434=CARTESIAN_POINT('',(22.5,0.,5.));
#5435=CARTESIAN_POINT('Origin',(20.,0.,5.));
#5436=CARTESIAN_POINT('',(22.4999999999024,2.60208522236779E-17,23.3827625903009));
#5437=CARTESIAN_POINT('',(22.5,0.,42.75));
#5438=CARTESIAN_POINT('',(18.5,0.,21.95));
#5439=CARTESIAN_POINT('Origin',(18.5,0.,28.25));
#5440=CARTESIAN_POINT('',(-11.75,0.,21.95));
#5441=CARTESIAN_POINT('Origin',(22.2203794582857,-0.2,42.75));
#5442=CARTESIAN_POINT('',(22.2203794582857,-1.5,28.25));
#5443=CARTESIAN_POINT('',(23.5101897291428,-0.362448346225419,28.25));
#5444=CARTESIAN_POINT('Origin',(22.2203794582857,-0.2,28.25));
#5445=CARTESIAN_POINT('',(23.5101897291428,-0.362448346225418,44.25));
#5446=CARTESIAN_POINT('',(23.5101897291428,-0.362448346225418,42.75));
#5447=CARTESIAN_POINT('',(22.2203794582857,-1.5,44.25));
#5448=CARTESIAN_POINT('Origin',(22.2203794582857,-0.2,44.25));
#5449=CARTESIAN_POINT('',(22.2203794582857,-1.5,42.75));
#5450=CARTESIAN_POINT('Ctrl Pts',(21.7521130798231,-0.75,24.292798389087));
#5451=CARTESIAN_POINT('Ctrl Pts',(22.1483897288291,-0.750000000021291,24.618467030752));
#5452=CARTESIAN_POINT('Ctrl Pts',(22.5810889813092,-0.678040646922589,25.1525050218116));
#5453=CARTESIAN_POINT('Ctrl Pts',(23.2762279456278,-0.492845122383395,26.4192283141412));
#5454=CARTESIAN_POINT('Ctrl Pts',(23.5101897291428,-0.362448346225416,27.4219530704865));
#5455=CARTESIAN_POINT('Ctrl Pts',(23.5101897291428,-0.362448346225416,28.25));
#5456=CARTESIAN_POINT('Ctrl Pts',(21.6766873102179,-1.00442167925605,24.3845771709685));
#5457=CARTESIAN_POINT('Ctrl Pts',(22.058045035443,-1.0044216792711,24.6979851213882));
#5458=CARTESIAN_POINT('Ctrl Pts',(22.4868115905671,-0.953234147528829,25.2098607151501));
#5459=CARTESIAN_POINT('Ctrl Pts',(23.200796328626,-0.818577518363181,26.4388547568111));
#5460=CARTESIAN_POINT('Ctrl Pts',(23.4654620201306,-0.717578206371094,27.428061057199));
#5461=CARTESIAN_POINT('Ctrl Pts',(23.4654620201306,-0.717578206371094,28.25));
#5462=CARTESIAN_POINT('Ctrl Pts',(21.4501081835918,-1.37850291801238,24.6602807713478));
#5463=CARTESIAN_POINT('Ctrl Pts',(21.7861533392328,-1.37850291801635,24.9364498811141));
#5464=CARTESIAN_POINT('Ctrl Pts',(22.1780947255311,-1.36511857981035,25.4015110457805));
#5465=CARTESIAN_POINT('Ctrl Pts',(22.8486480003779,-1.32865080239377,26.5471452314722));
#5466=CARTESIAN_POINT('Ctrl Pts',(23.1160028029917,-1.29999283950635,27.4795580567667));
#5467=CARTESIAN_POINT('Ctrl Pts',(23.1160028029917,-1.29999283950635,28.25));
#5468=CARTESIAN_POINT('Ctrl Pts',(21.1379354787886,-1.5,25.040135438174));
#5469=CARTESIAN_POINT('Ctrl Pts',(21.411767927635,-1.49999999999998,25.2651768123793));
#5470=CARTESIAN_POINT('Ctrl Pts',(21.7357945115628,-1.4999186238938,25.6768834294853));
#5471=CARTESIAN_POINT('Ctrl Pts',(22.2860966899542,-1.50012287205215,26.7277942931156));
#5472=CARTESIAN_POINT('Ctrl Pts',(22.4888310448992,-1.50000000000001,27.570978600342));
#5473=CARTESIAN_POINT('Ctrl Pts',(22.4888310448992,-1.50000000000001,28.25));
#5474=CARTESIAN_POINT('Ctrl Pts',(21.004226159943,-1.5,25.2028341878731));
#5475=CARTESIAN_POINT('Ctrl Pts',(21.2514233710575,-1.5,25.4059861529606));
#5476=CARTESIAN_POINT('Ctrl Pts',(21.5463467756137,-1.5,25.7948072511527));
#5477=CARTESIAN_POINT('Ctrl Pts',(22.0453056306853,-1.5,26.8051203821339));
#5478=CARTESIAN_POINT('Ctrl Pts',(22.2203794582857,-1.50000000000001,27.6100713099048));
#5479=CARTESIAN_POINT('Ctrl Pts',(22.2203794582857,-1.50000000000001,28.25));
#5480=CARTESIAN_POINT('',(21.004226159943,-1.5,25.2028341878731));
#5481=CARTESIAN_POINT('Ctrl Pts',(22.2203794582857,-1.50000000000001,28.25));
#5482=CARTESIAN_POINT('Ctrl Pts',(22.2203794582857,-1.50000000000001,27.6100713099048));
#5483=CARTESIAN_POINT('Ctrl Pts',(22.0453056306853,-1.5,26.8051203821339));
#5484=CARTESIAN_POINT('Ctrl Pts',(21.5463467756137,-1.5,25.7948072511527));
#5485=CARTESIAN_POINT('Ctrl Pts',(21.2514233710575,-1.5,25.4059861529606));
#5486=CARTESIAN_POINT('Ctrl Pts',(21.004226159943,-1.5,25.2028341878731));
#5487=CARTESIAN_POINT('',(21.7521130798355,-0.75,24.2927983890971));
#5488=CARTESIAN_POINT('Origin',(21.004226159943,-0.2,25.2028341878731));
#5489=CARTESIAN_POINT('Ctrl Pts',(21.7521130798231,-0.75,24.292798389087));
#5490=CARTESIAN_POINT('Ctrl Pts',(22.1483897288291,-0.750000000021291,24.618467030752));
#5491=CARTESIAN_POINT('Ctrl Pts',(22.5810889813092,-0.678040646922589,25.1525050218116));
#5492=CARTESIAN_POINT('Ctrl Pts',(23.2762279456278,-0.492845122383395,26.4192283141412));
#5493=CARTESIAN_POINT('Ctrl Pts',(23.5101897291428,-0.362448346225416,27.4219530704865));
#5494=CARTESIAN_POINT('Ctrl Pts',(23.5101897291428,-0.362448346225416,28.25));
#5495=CARTESIAN_POINT('Ctrl Pts',(21.0042261600775,-1.5,47.2971658120164));
#5496=CARTESIAN_POINT('Ctrl Pts',(21.2514234172634,-1.5,47.0940138090294));
#5497=CARTESIAN_POINT('Ctrl Pts',(21.5463416363473,-1.5,46.7052193682282));
#5498=CARTESIAN_POINT('Ctrl Pts',(22.0453030250809,-1.5,45.694909731563));
#5499=CARTESIAN_POINT('Ctrl Pts',(22.2203794582857,-1.5,44.8899288094089));
#5500=CARTESIAN_POINT('Ctrl Pts',(22.2203794582857,-1.5,44.25));
#5501=CARTESIAN_POINT('Ctrl Pts',(21.182505251891,-1.5,47.514097478266));
#5502=CARTESIAN_POINT('Ctrl Pts',(21.4652813961669,-1.5,47.2817059834713));
#5503=CARTESIAN_POINT('Ctrl Pts',(21.7987814910955,-1.49972057162256,46.8625041472412));
#5504=CARTESIAN_POINT('Ctrl Pts',(22.3667463952602,-1.50055291189445,45.7980853707837));
#5505=CARTESIAN_POINT('Ctrl Pts',(22.5783149071037,-1.5,44.9422957100545));
#5506=CARTESIAN_POINT('Ctrl Pts',(22.5783149071037,-1.5,44.25));
#5507=CARTESIAN_POINT('Ctrl Pts',(21.4935657298657,-1.33489739068168,47.8925987770164));
#5508=CARTESIAN_POINT('Ctrl Pts',(21.8382907257866,-1.33489739068168,47.6092963884777));
#5509=CARTESIAN_POINT('Ctrl Pts',(22.2393112213484,-1.31647185875226,47.13663143941));
#5510=CARTESIAN_POINT('Ctrl Pts',(22.9254108943622,-1.26593302009006,45.9773135668518));
#5511=CARTESIAN_POINT('Ctrl Pts',(23.199793699694,-1.22602091251608,45.0327219277638));
#5512=CARTESIAN_POINT('Ctrl Pts',(23.199793699694,-1.22602091251608,44.25));
#5513=CARTESIAN_POINT('Ctrl Pts',(21.6955437528287,-0.940816259442037,48.1383675243297));
#5514=CARTESIAN_POINT('Ctrl Pts',(22.080576410039,-0.940816259442038,47.8219394360163));
#5515=CARTESIAN_POINT('Ctrl Pts',(22.5105149212634,-0.884570935549999,47.3044384434555));
#5516=CARTESIAN_POINT('Ctrl Pts',(23.2193447588569,-0.736900325308548,46.0659753161729));
#5517=CARTESIAN_POINT('Ctrl Pts',(23.4766439473836,-0.628795741334675,45.073263276961));
#5518=CARTESIAN_POINT('Ctrl Pts',(23.4766439473836,-0.628795741334675,44.25));
#5519=CARTESIAN_POINT('Ctrl Pts',(21.7521130800387,-0.750000000000003,48.2072016107358));
#5520=CARTESIAN_POINT('Ctrl Pts',(22.14838980289,-0.750000000000003,47.8815329083368));
#5521=CARTESIAN_POINT('Ctrl Pts',(22.5810908207872,-0.678071167977084,47.3475138560381));
#5522=CARTESIAN_POINT('Ctrl Pts',(23.2762389426132,-0.492878381822789,46.0807763936721));
#5523=CARTESIAN_POINT('Ctrl Pts',(23.5101897291428,-0.362448346225417,45.0780470839015));
#5524=CARTESIAN_POINT('Ctrl Pts',(23.5101897291428,-0.362448346225417,44.25));
#5525=CARTESIAN_POINT('',(21.7521130800387,-0.750000000000002,48.2072016107358));
#5526=CARTESIAN_POINT('Ctrl Pts',(23.5101897291428,-0.362448346225417,44.25));
#5527=CARTESIAN_POINT('Ctrl Pts',(23.5101897291428,-0.362448346225417,45.0780470839015));
#5528=CARTESIAN_POINT('Ctrl Pts',(23.2762389426132,-0.492878381822789,46.0807763936721));
#5529=CARTESIAN_POINT('Ctrl Pts',(22.5810908207872,-0.678071167977084,47.3475138560381));
#5530=CARTESIAN_POINT('Ctrl Pts',(22.14838980289,-0.750000000000003,47.8815329083368));
#5531=CARTESIAN_POINT('Ctrl Pts',(21.7521130800387,-0.750000000000003,48.2072016107358));
#5532=CARTESIAN_POINT('',(21.0042261600775,-1.5,47.2971658120164));
#5533=CARTESIAN_POINT('Origin',(21.0042261600775,-0.2,47.2971658120164));
#5534=CARTESIAN_POINT('Ctrl Pts',(21.0042261600775,-1.5,47.2971658120164));
#5535=CARTESIAN_POINT('Ctrl Pts',(21.2514234172634,-1.5,47.0940138090294));
#5536=CARTESIAN_POINT('Ctrl Pts',(21.5463416363473,-1.5,46.7052193682282));
#5537=CARTESIAN_POINT('Ctrl Pts',(22.0453030250809,-1.5,45.694909731563));
#5538=CARTESIAN_POINT('Ctrl Pts',(22.2203794582857,-1.5,44.8899288094089));
#5539=CARTESIAN_POINT('Ctrl Pts',(22.2203794582857,-1.5,44.25));
#5540=CARTESIAN_POINT('Ctrl Pts',(18.5,-0.75,23.1279218989389));
#5541=CARTESIAN_POINT('Ctrl Pts',(19.6746189266956,-0.75,23.1279218989389));
#5542=CARTESIAN_POINT('Ctrl Pts',(20.8507559849259,-0.75,23.5520438139747));
#5543=CARTESIAN_POINT('Ctrl Pts',(21.7521130798355,-0.75,24.2927983890971));
#5544=CARTESIAN_POINT('Ctrl Pts',(18.5,-0.972618969349041,23.2318680376874));
#5545=CARTESIAN_POINT('Ctrl Pts',(19.6509222469782,-0.97261896934904,23.2318680376874));
#5546=CARTESIAN_POINT('Ctrl Pts',(20.8029423512355,-0.972618969349041,23.6472941788833));
#5547=CARTESIAN_POINT('Ctrl Pts',(21.6861155314273,-0.972618969349042,24.3731048232405));
#5548=CARTESIAN_POINT('Ctrl Pts',(18.5,-1.35679927952583,23.5692928767804));
#5549=CARTESIAN_POINT('Ctrl Pts',(19.5733417264468,-1.35679927952583,23.5692928767804));
#5550=CARTESIAN_POINT('Ctrl Pts',(20.6482366464934,-1.35679927952584,23.9569058827141));
#5551=CARTESIAN_POINT('Ctrl Pts',(21.471877538367,-1.35679927952584,24.6337916168578));
#5552=CARTESIAN_POINT('Ctrl Pts',(18.5,-1.5,24.0601529244724));
#5553=CARTESIAN_POINT('Ctrl Pts',(19.4608612634811,-1.5,24.0601529244724));
#5554=CARTESIAN_POINT('Ctrl Pts',(20.4228926265491,-1.5,24.4070672445535));
#5555=CARTESIAN_POINT('Ctrl Pts',(21.1602203652544,-1.5,25.0130189798838));
#5556=CARTESIAN_POINT('Ctrl Pts',(18.5,-1.5,24.3058437978779));
#5557=CARTESIAN_POINT('Ctrl Pts',(19.4044923629526,-1.5,24.3058437978779));
#5558=CARTESIAN_POINT('Ctrl Pts',(20.3101537334548,-1.5,24.632430595008));
#5559=CARTESIAN_POINT('Ctrl Pts',(21.0042261599309,-1.5,25.2028341878631));
#5560=CARTESIAN_POINT('',(18.5000000000192,-1.5,24.3058437978779));
#5561=CARTESIAN_POINT('',(18.5,-0.75,23.1279218989389));
#5562=CARTESIAN_POINT('Origin',(18.5000000000192,-0.2,24.3058437978779));
#5563=CARTESIAN_POINT('Ctrl Pts',(18.5,-0.75,23.1279218989389));
#5564=CARTESIAN_POINT('Ctrl Pts',(19.6746189266956,-0.75,23.1279218989389));
#5565=CARTESIAN_POINT('Ctrl Pts',(20.8507559849259,-0.75,23.5520438139747));
#5566=CARTESIAN_POINT('Ctrl Pts',(21.7521130798355,-0.75,24.2927983890971));
#5567=CARTESIAN_POINT('Ctrl Pts',(21.0042261599309,-1.5,25.2028341878631));
#5568=CARTESIAN_POINT('Ctrl Pts',(20.3101537334548,-1.5,24.632430595008));
#5569=CARTESIAN_POINT('Ctrl Pts',(19.4044923629526,-1.5,24.3058437978779));
#5570=CARTESIAN_POINT('Ctrl Pts',(18.5,-1.5,24.3058437978779));
#5571=CARTESIAN_POINT('Ctrl Pts',(18.5,-1.5,48.194156202122));
#5572=CARTESIAN_POINT('Ctrl Pts',(19.4090234821044,-1.5,48.194156202122));
#5573=CARTESIAN_POINT('Ctrl Pts',(20.3081496574641,-1.5,47.8692163976411));
#5574=CARTESIAN_POINT('Ctrl Pts',(21.0042261600775,-1.5,47.2971658120164));
#5575=CARTESIAN_POINT('Ctrl Pts',(18.5,-1.5,48.4398470755275));
#5576=CARTESIAN_POINT('Ctrl Pts',(19.4656747666699,-1.5,48.4398470755275));
#5577=CARTESIAN_POINT('Ctrl Pts',(20.4207636544727,-1.5,48.0946823903803));
#5578=CARTESIAN_POINT('Ctrl Pts',(21.1602203654143,-1.5,47.4869810199848));
#5579=CARTESIAN_POINT('Ctrl Pts',(18.5,-1.35676544028037,48.9306855772799));
#5580=CARTESIAN_POINT('Ctrl Pts',(19.5787187085557,-1.35676544028037,48.9306855772799));
#5581=CARTESIAN_POINT('Ctrl Pts',(20.6458447724641,-1.35676544028037,48.5450319222967));
#5582=CARTESIAN_POINT('Ctrl Pts',(21.4718638585904,-1.35676544028037,47.8661917370848));
#5583=CARTESIAN_POINT('Ctrl Pts',(18.5,-0.972618969349038,49.2681319623126));
#5584=CARTESIAN_POINT('Ctrl Pts',(19.6566878742508,-0.972618969349038,49.2681319623126));
#5585=CARTESIAN_POINT('Ctrl Pts',(20.8003922626747,-0.972618969349039,48.8548015386164));
#5586=CARTESIAN_POINT('Ctrl Pts',(21.686115531627,-0.972618969349039,48.1268951765953));
#5587=CARTESIAN_POINT('Ctrl Pts',(18.5,-0.749999999999996,49.372078101061));
#5588=CARTESIAN_POINT('Ctrl Pts',(19.6805032641792,-0.749999999999996,49.372078101061));
#5589=CARTESIAN_POINT('Ctrl Pts',(20.8481533918342,-0.749999999999998,48.9500950528748));
#5590=CARTESIAN_POINT('Ctrl Pts',(21.7521130800387,-0.749999999999998,48.2072016107358));
#5591=CARTESIAN_POINT('',(18.5,-0.750000000000002,49.372078101061));
#5592=CARTESIAN_POINT('',(18.5,-1.5,48.194156202122));
#5593=CARTESIAN_POINT('Origin',(18.5,-0.2,48.194156202122));
#5594=CARTESIAN_POINT('Ctrl Pts',(18.5,-1.5,48.194156202122));
#5595=CARTESIAN_POINT('Ctrl Pts',(19.4090234821044,-1.5,48.194156202122));
#5596=CARTESIAN_POINT('Ctrl Pts',(20.3081496574641,-1.5,47.8692163976411));
#5597=CARTESIAN_POINT('Ctrl Pts',(21.0042261600775,-1.5,47.2971658120164));
#5598=CARTESIAN_POINT('Ctrl Pts',(21.7521130800387,-0.749999999999998,48.2072016107358));
#5599=CARTESIAN_POINT('Ctrl Pts',(20.8481533918342,-0.749999999999998,48.9500950528748));
#5600=CARTESIAN_POINT('Ctrl Pts',(19.6805032641792,-0.749999999999996,49.372078101061));
#5601=CARTESIAN_POINT('Ctrl Pts',(18.5,-0.749999999999996,49.372078101061));
#5602=CARTESIAN_POINT('Origin',(-11.75,-0.2,24.3058437978779));
#5603=CARTESIAN_POINT('',(-18.5,-1.5,24.3058437978779));
#5604=CARTESIAN_POINT('',(-18.5,-0.75,23.1279218989389));
#5605=CARTESIAN_POINT('Origin',(-18.5,-0.2,24.3058437978779));
#5606=CARTESIAN_POINT('',(-11.75,-0.750000000000001,23.1279218989389));
#5607=CARTESIAN_POINT('',(-11.75,-1.5,24.3058437978779));
#5608=CARTESIAN_POINT('Origin',(11.75,-0.2,48.194156202122));
#5609=CARTESIAN_POINT('',(-18.5,-0.750000000000001,49.372078101061));
#5610=CARTESIAN_POINT('',(-18.5,-1.5,48.194156202122));
#5611=CARTESIAN_POINT('Origin',(-18.5,-0.2,48.194156202122));
#5612=CARTESIAN_POINT('',(11.75,-1.5,48.194156202122));
#5613=CARTESIAN_POINT('',(11.75,-0.75,49.372078101061));
#5614=CARTESIAN_POINT('Ctrl Pts',(-21.7521130800387,-0.75,24.2927983892642));
#5615=CARTESIAN_POINT('Ctrl Pts',(-20.8446290828614,-0.75,23.5470085944911));
#5616=CARTESIAN_POINT('Ctrl Pts',(-19.6666884559654,-0.750000000000001,
23.1279218989389));
#5617=CARTESIAN_POINT('Ctrl Pts',(-18.5,-0.750000000000001,23.1279218989389));
#5618=CARTESIAN_POINT('Ctrl Pts',(-21.686115531627,-0.972618969349041,24.3731048234047));
#5619=CARTESIAN_POINT('Ctrl Pts',(-20.7969390528635,-0.972618969349041,
23.6423605395641));
#5620=CARTESIAN_POINT('Ctrl Pts',(-19.6431517650076,-0.972618969349042,
23.2318680376874));
#5621=CARTESIAN_POINT('Ctrl Pts',(-18.5,-0.972618969349042,23.2318680376874));
#5622=CARTESIAN_POINT('Ctrl Pts',(-21.4718775385521,-1.35679927952583,24.6337916170099));
#5623=CARTESIAN_POINT('Ctrl Pts',(-20.6426380140423,-1.35679927952583,23.9523048065257));
#5624=CARTESIAN_POINT('Ctrl Pts',(-19.5660950314111,-1.35679927952583,23.5692928767805));
#5625=CARTESIAN_POINT('Ctrl Pts',(-18.5,-1.35679927952583,23.5692928767805));
#5626=CARTESIAN_POINT('Ctrl Pts',(-21.1602203654143,-1.5,25.0130189800152));
#5627=CARTESIAN_POINT('Ctrl Pts',(-20.4178807007796,-1.5,24.4029483364977));
#5628=CARTESIAN_POINT('Ctrl Pts',(-19.4543739832641,-1.5,24.0601529244724));
#5629=CARTESIAN_POINT('Ctrl Pts',(-18.5,-1.5,24.0601529244724));
#5630=CARTESIAN_POINT('Ctrl Pts',(-21.0042261600775,-1.5,25.2028341879836));
#5631=CARTESIAN_POINT('Ctrl Pts',(-20.3054358321729,-1.5,24.6285533225817));
#5632=CARTESIAN_POINT('Ctrl Pts',(-19.3983856588573,-1.5,24.3058437978779));
#5633=CARTESIAN_POINT('Ctrl Pts',(-18.5,-1.5,24.3058437978779));
#5634=CARTESIAN_POINT('',(-21.0042261600775,-1.5,25.2028341879836));
#5635=CARTESIAN_POINT('',(-21.7521130800387,-0.75,24.2927983892642));
#5636=CARTESIAN_POINT('Origin',(-21.0042261600775,-0.2,25.2028341879836));
#5637=CARTESIAN_POINT('Ctrl Pts',(-21.7521130800387,-0.75,24.2927983892642));
#5638=CARTESIAN_POINT('Ctrl Pts',(-20.8446290828614,-0.75,23.5470085944911));
#5639=CARTESIAN_POINT('Ctrl Pts',(-19.6666884559654,-0.750000000000001,
23.1279218989389));
#5640=CARTESIAN_POINT('Ctrl Pts',(-18.5,-0.750000000000001,23.1279218989389));
#5641=CARTESIAN_POINT('Ctrl Pts',(-18.5,-1.5,24.3058437978779));
#5642=CARTESIAN_POINT('Ctrl Pts',(-19.3983856588573,-1.5,24.3058437978779));
#5643=CARTESIAN_POINT('Ctrl Pts',(-20.3054358321729,-1.5,24.6285533225817));
#5644=CARTESIAN_POINT('Ctrl Pts',(-21.0042261600775,-1.5,25.2028341879836));
#5645=CARTESIAN_POINT('Ctrl Pts',(-21.0042261600775,-1.5,47.2971658120164));
#5646=CARTESIAN_POINT('Ctrl Pts',(-20.3019351921137,-1.5,47.8743235784319));
#5647=CARTESIAN_POINT('Ctrl Pts',(-19.400979672359,-1.5,48.1941562021221));
#5648=CARTESIAN_POINT('Ctrl Pts',(-18.5,-1.5,48.1941562021221));
#5649=CARTESIAN_POINT('Ctrl Pts',(-21.1602203654143,-1.5,47.4869810199847));
#5650=CARTESIAN_POINT('Ctrl Pts',(-20.4141618972076,-1.5,48.1001078559656));
#5651=CARTESIAN_POINT('Ctrl Pts',(-19.4571296583728,-1.5,48.4398470755275));
#5652=CARTESIAN_POINT('Ctrl Pts',(-18.5,-1.5,48.4398470755275));
#5653=CARTESIAN_POINT('Ctrl Pts',(-21.4718638585904,-1.35676544028037,47.8661917370848));
#5654=CARTESIAN_POINT('Ctrl Pts',(-20.6384701994537,-1.35676544028037,48.5510925044217));
#5655=CARTESIAN_POINT('Ctrl Pts',(-19.5691732917086,-1.35676544028037,48.9306855772799));
#5656=CARTESIAN_POINT('Ctrl Pts',(-18.5,-1.35676544028037,48.9306855772799));
#5657=CARTESIAN_POINT('Ctrl Pts',(-21.686115531627,-0.972618969349042,48.1268951765953));
#5658=CARTESIAN_POINT('Ctrl Pts',(-20.7924846597831,-0.972618969349042,
48.8613001761196));
#5659=CARTESIAN_POINT('Ctrl Pts',(-19.6464525201828,-0.972618969349043,
49.2681319623126));
#5660=CARTESIAN_POINT('Ctrl Pts',(-18.5,-0.972618969349043,49.2681319623126));
#5661=CARTESIAN_POINT('Ctrl Pts',(-21.7521130800387,-0.750000000000002,
48.2072016107358));
#5662=CARTESIAN_POINT('Ctrl Pts',(-20.8400829769599,-0.750000000000002,
48.9567274927543));
#5663=CARTESIAN_POINT('Ctrl Pts',(-19.6700571713686,-0.750000000000003,
49.372078101061));
#5664=CARTESIAN_POINT('Ctrl Pts',(-18.5,-0.750000000000003,49.372078101061));
#5665=CARTESIAN_POINT('',(-21.7521130800387,-0.75,48.2072016107358));
#5666=CARTESIAN_POINT('',(-21.0042261600775,-1.5,47.2971658120164));
#5667=CARTESIAN_POINT('Origin',(-21.0042261600775,-0.2,47.2971658120164));
#5668=CARTESIAN_POINT('Ctrl Pts',(-21.0042261600775,-1.5,47.2971658120164));
#5669=CARTESIAN_POINT('Ctrl Pts',(-20.3019351921137,-1.5,47.8743235784319));
#5670=CARTESIAN_POINT('Ctrl Pts',(-19.400979672359,-1.5,48.1941562021221));
#5671=CARTESIAN_POINT('Ctrl Pts',(-18.5,-1.5,48.1941562021221));
#5672=CARTESIAN_POINT('Ctrl Pts',(-18.5,-0.750000000000003,49.372078101061));
#5673=CARTESIAN_POINT('Ctrl Pts',(-19.6700571713686,-0.750000000000003,
49.372078101061));
#5674=CARTESIAN_POINT('Ctrl Pts',(-20.8400829769599,-0.750000000000002,
48.9567274927543));
#5675=CARTESIAN_POINT('Ctrl Pts',(-21.7521130800387,-0.750000000000002,
48.2072016107358));
#5676=CARTESIAN_POINT('Ctrl Pts',(-23.5101897291428,-0.362448346225419,
28.25));
#5677=CARTESIAN_POINT('Ctrl Pts',(-23.5101897291428,-0.362448346225419,
27.6287952902983));
#5678=CARTESIAN_POINT('Ctrl Pts',(-23.3252297050225,-0.460628231431067,
26.6114956380686));
#5679=CARTESIAN_POINT('Ctrl Pts',(-22.7227396906929,-0.654621959840182,
25.3317245462007));
#5680=CARTESIAN_POINT('Ctrl Pts',(-22.1484978933617,-0.749999999999999,
24.618555922729));
#5681=CARTESIAN_POINT('Ctrl Pts',(-21.7521130800388,-0.75,24.2927983892642));
#5682=CARTESIAN_POINT('Ctrl Pts',(-23.4654620201306,-0.717578206371096,
28.25));
#5683=CARTESIAN_POINT('Ctrl Pts',(-23.4654620201306,-0.717578206371096,
27.6333775307213));
#5684=CARTESIAN_POINT('Ctrl Pts',(-23.2573508958323,-0.794072121155647,
26.6277135656698));
#5685=CARTESIAN_POINT('Ctrl Pts',(-22.6270962763899,-0.936806259560888,
25.381844390235));
#5686=CARTESIAN_POINT('Ctrl Pts',(-22.0581491278273,-1.00442167925604,24.6980706667807));
#5687=CARTESIAN_POINT('Ctrl Pts',(-21.6766873104254,-1.00442167925605,24.384577171139));
#5688=CARTESIAN_POINT('Ctrl Pts',(-23.1160028029917,-1.29999283950635,28.25));
#5689=CARTESIAN_POINT('Ctrl Pts',(-23.1160028029917,-1.29999283950635,27.6720108225394));
#5690=CARTESIAN_POINT('Ctrl Pts',(-22.9068653725795,-1.32181106510399,26.7270181385538));
#5691=CARTESIAN_POINT('Ctrl Pts',(-22.3063847787536,-1.36088331820299,25.5585261766699));
#5692=CARTESIAN_POINT('Ctrl Pts',(-21.7862450634602,-1.37850291801238,24.9365252620853));
#5693=CARTESIAN_POINT('Ctrl Pts',(-21.4501081837746,-1.37850291801238,24.6602807714981));
#5694=CARTESIAN_POINT('Ctrl Pts',(-22.4888310448992,-1.5,28.25));
#5695=CARTESIAN_POINT('Ctrl Pts',(-22.4888310448992,-1.5,27.7405949452603));
#5696=CARTESIAN_POINT('Ctrl Pts',(-22.3313521380186,-1.5000997589166,26.896106771598));
#5697=CARTESIAN_POINT('Ctrl Pts',(-21.8425930304372,-1.49989543456533,25.8171543119484));
#5698=CARTESIAN_POINT('Ctrl Pts',(-21.4118426707752,-1.5,25.2652382379301));
#5699=CARTESIAN_POINT('Ctrl Pts',(-21.1379354789376,-1.5,25.0401354382964));
#5700=CARTESIAN_POINT('Ctrl Pts',(-22.2203794582857,-1.5,28.25));
#5701=CARTESIAN_POINT('Ctrl Pts',(-22.2203794582857,-1.5,27.7699224802463));
#5702=CARTESIAN_POINT('Ctrl Pts',(-22.085015707292,-1.5,26.9684703506527));
#5703=CARTESIAN_POINT('Ctrl Pts',(-21.6439371868026,-1.5,25.9278956341364));
#5704=CARTESIAN_POINT('Ctrl Pts',(-21.2514908440545,-1.5,25.4060416037523));
#5705=CARTESIAN_POINT('Ctrl Pts',(-21.0042261600775,-1.5,25.2028341879836));
#5706=CARTESIAN_POINT('',(-22.2203794582857,-1.5,28.25));
#5707=CARTESIAN_POINT('Ctrl Pts',(-21.0042261600775,-1.5,25.2028341879836));
#5708=CARTESIAN_POINT('Ctrl Pts',(-21.2514908440545,-1.5,25.4060416037523));
#5709=CARTESIAN_POINT('Ctrl Pts',(-21.6439371868026,-1.5,25.9278956341364));
#5710=CARTESIAN_POINT('Ctrl Pts',(-22.085015707292,-1.5,26.9684703506527));
#5711=CARTESIAN_POINT('Ctrl Pts',(-22.2203794582857,-1.5,27.7699224802463));
#5712=CARTESIAN_POINT('Ctrl Pts',(-22.2203794582857,-1.5,28.25));
#5713=CARTESIAN_POINT('',(-23.5101897291428,-0.362448346225419,28.25));
#5714=CARTESIAN_POINT('Origin',(-22.2203794582857,-0.2,28.25));
#5715=CARTESIAN_POINT('Ctrl Pts',(-23.5101897291428,-0.362448346225419,
28.25));
#5716=CARTESIAN_POINT('Ctrl Pts',(-23.5101897291428,-0.362448346225419,
27.6287952902983));
#5717=CARTESIAN_POINT('Ctrl Pts',(-23.3252297050225,-0.460628231431067,
26.6114956380686));
#5718=CARTESIAN_POINT('Ctrl Pts',(-22.7227396906929,-0.654621959840182,
25.3317245462007));
#5719=CARTESIAN_POINT('Ctrl Pts',(-22.1484978933617,-0.749999999999999,
24.618555922729));
#5720=CARTESIAN_POINT('Ctrl Pts',(-21.7521130800388,-0.75,24.2927983892642));
#5721=CARTESIAN_POINT('Ctrl Pts',(-22.2203794582857,-1.5,44.25));
#5722=CARTESIAN_POINT('Ctrl Pts',(-22.2203794582857,-1.5,44.8901032101298));
#5723=CARTESIAN_POINT('Ctrl Pts',(-22.0449849435677,-1.5,45.6950233255113));
#5724=CARTESIAN_POINT('Ctrl Pts',(-21.5480282196619,-1.5,46.7023991264505));
#5725=CARTESIAN_POINT('Ctrl Pts',(-21.2514907862883,-1.5,47.0939584437212));
#5726=CARTESIAN_POINT('Ctrl Pts',(-21.0042261600775,-1.5,47.2971658120164));
#5727=CARTESIAN_POINT('Ctrl Pts',(-22.5783149071037,-1.5,44.25));
#5728=CARTESIAN_POINT('Ctrl Pts',(-22.5783149071037,-1.5,44.9424843824021));
#5729=CARTESIAN_POINT('Ctrl Pts',(-22.3663912584658,-1.50055292801834,45.7982182226491));
#5730=CARTESIAN_POINT('Ctrl Pts',(-21.8006974047309,-1.49972260793463,46.8595052720345));
#5731=CARTESIAN_POINT('Ctrl Pts',(-21.4653584615574,-1.5,47.281642649482));
#5732=CARTESIAN_POINT('Ctrl Pts',(-21.182505251891,-1.5,47.514097478266));
#5733=CARTESIAN_POINT('Ctrl Pts',(-23.199793699694,-1.22602091251608,44.25));
#5734=CARTESIAN_POINT('Ctrl Pts',(-23.199793699694,-1.22602091251608,45.0329352440983));
#5735=CARTESIAN_POINT('Ctrl Pts',(-22.9249906959512,-1.2659374519694,45.9774803592155));
#5736=CARTESIAN_POINT('Ctrl Pts',(-22.2416217108538,-1.31633444988865,47.1333195633859));
#5737=CARTESIAN_POINT('Ctrl Pts',(-21.8383846741876,-1.33489739068168,47.6092191796687));
#5738=CARTESIAN_POINT('Ctrl Pts',(-21.4935657298658,-1.33489739068168,47.8925987770164));
#5739=CARTESIAN_POINT('Ctrl Pts',(-23.4766439473836,-0.628795741334675,
44.25));
#5740=CARTESIAN_POINT('Ctrl Pts',(-23.4766439473836,-0.628795741334676,
45.0734876420876));
#5741=CARTESIAN_POINT('Ctrl Pts',(-23.2188753495913,-0.736919343197322,
46.0661790164577));
#5742=CARTESIAN_POINT('Ctrl Pts',(-22.5129459404023,-0.884164789976382,
47.3008680282367));
#5743=CARTESIAN_POINT('Ctrl Pts',(-22.0806813435452,-0.940816259442035,
47.8218531994123));
#5744=CARTESIAN_POINT('Ctrl Pts',(-21.6955437528287,-0.940816259442035,
48.1383675243297));
#5745=CARTESIAN_POINT('Ctrl Pts',(-23.5101897291428,-0.362448346225417,
44.25));
#5746=CARTESIAN_POINT('Ctrl Pts',(-23.5101897291428,-0.362448346225419,
45.0782727527659));
#5747=CARTESIAN_POINT('Ctrl Pts',(-23.275754126297,-0.492905877020873,46.0809962062256));
#5748=CARTESIAN_POINT('Ctrl Pts',(-22.5835048309727,-0.677558956140071,
47.3438510482104));
#5749=CARTESIAN_POINT('Ctrl Pts',(-22.1484978007578,-0.75,47.8814441533748));
#5750=CARTESIAN_POINT('Ctrl Pts',(-21.7521130800387,-0.75,48.2072016107358));
#5751=CARTESIAN_POINT('',(-23.5101897291428,-0.362448346225418,44.25));
#5752=CARTESIAN_POINT('Ctrl Pts',(-21.7521130800387,-0.75,48.2072016107358));
#5753=CARTESIAN_POINT('Ctrl Pts',(-22.1484978007578,-0.75,47.8814441533748));
#5754=CARTESIAN_POINT('Ctrl Pts',(-22.5835048309727,-0.677558956140071,
47.3438510482104));
#5755=CARTESIAN_POINT('Ctrl Pts',(-23.275754126297,-0.492905877020873,46.0809962062256));
#5756=CARTESIAN_POINT('Ctrl Pts',(-23.5101897291428,-0.362448346225419,
45.0782727527659));
#5757=CARTESIAN_POINT('Ctrl Pts',(-23.5101897291428,-0.362448346225417,
44.25));
#5758=CARTESIAN_POINT('',(-22.2203794582857,-1.5,44.25));
#5759=CARTESIAN_POINT('Origin',(-22.2203794582857,-0.2,44.25));
#5760=CARTESIAN_POINT('Ctrl Pts',(-22.2203794582857,-1.5,44.25));
#5761=CARTESIAN_POINT('Ctrl Pts',(-22.2203794582857,-1.5,44.8901032101298));
#5762=CARTESIAN_POINT('Ctrl Pts',(-22.0449849435677,-1.5,45.6950233255113));
#5763=CARTESIAN_POINT('Ctrl Pts',(-21.5480282196619,-1.5,46.7023991264505));
#5764=CARTESIAN_POINT('Ctrl Pts',(-21.2514907862883,-1.5,47.0939584437212));
#5765=CARTESIAN_POINT('Ctrl Pts',(-21.0042261600775,-1.5,47.2971658120164));
#5766=CARTESIAN_POINT('Origin',(-22.2203794582857,-0.2,14.25));
#5767=CARTESIAN_POINT('',(-23.5101897291428,-0.36244834622542,14.25));
#5768=CARTESIAN_POINT('',(-22.2203794582857,-1.5,14.25));
#5769=CARTESIAN_POINT('Ctrl Pts',(-24.0131578947368,0.509936386545502,44.25));
#5770=CARTESIAN_POINT('Ctrl Pts',(-24.0131578947368,0.509936386545502,45.0539019430489));
#5771=CARTESIAN_POINT('Ctrl Pts',(-23.7749933324826,0.305860754162727,46.9032162675593));
#5772=CARTESIAN_POINT('Ctrl Pts',(-23.044803900131,6.86623044233436E-16,
48.4366854999958));
#5773=CARTESIAN_POINT('Ctrl Pts',(-22.5,2.77555756156289E-16,49.1172374094552));
#5774=CARTESIAN_POINT('Ctrl Pts',(-23.8955694974389,0.4205272789683,44.25));
#5775=CARTESIAN_POINT('Ctrl Pts',(-23.8955694974389,0.4205272789683,45.0302265462211));
#5776=CARTESIAN_POINT('Ctrl Pts',(-23.6339568898645,0.217900303709885,46.8257883260867));
#5777=CARTESIAN_POINT('Ctrl Pts',(-22.865608334312,-0.0350480743762434,
48.2862238994296));
#5778=CARTESIAN_POINT('Ctrl Pts',(-22.3399857212389,-2.69064356303431E-16,
48.9225305385469));
#5779=CARTESIAN_POINT('Ctrl Pts',(-23.6570026463173,0.164725363624841,44.25));
#5780=CARTESIAN_POINT('Ctrl Pts',(-23.6570026463173,0.164725363624841,44.9749681982706));
#5781=CARTESIAN_POINT('Ctrl Pts',(-23.3516231162291,-0.0526203891630202,
46.6452264328417));
#5782=CARTESIAN_POINT('Ctrl Pts',(-22.4859514291719,-0.259883326511966,
47.9351260703963));
#5783=CARTESIAN_POINT('Ctrl Pts',(-21.9662566475263,-0.175609883148525,
48.4677735064032));
#5784=CARTESIAN_POINT('Ctrl Pts',(-23.5348018024186,-0.167032968748165,
44.25));
#5785=CARTESIAN_POINT('Ctrl Pts',(-23.5348018024186,-0.167032968748165,
44.9271530916478));
#5786=CARTESIAN_POINT('Ctrl Pts',(-23.2234668133376,-0.428228910134491,
46.4875761975882));
#5787=CARTESIAN_POINT('Ctrl Pts',(-22.3193264801627,-0.747914751400913,
47.6916414706729));
#5788=CARTESIAN_POINT('Ctrl Pts',(-21.7386457160871,-0.695850841097731,
48.1908143963278));
#5789=CARTESIAN_POINT('Ctrl Pts',(-23.5101897291428,-0.362448346225418,
44.25));
#5790=CARTESIAN_POINT('Ctrl Pts',(-23.5101897291428,-0.362448346225418,
44.9050790717143));
#5791=CARTESIAN_POINT('Ctrl Pts',(-23.2100397648862,-0.65013084043851,46.4130610924015));
#5792=CARTESIAN_POINT('Ctrl Pts',(-22.3153341158728,-1.04815310566024,47.6178944424237));
#5793=CARTESIAN_POINT('Ctrl Pts',(-21.6933876727392,-1.02423340838143,48.1357439859123));
#5794=CARTESIAN_POINT('',(-22.5,0.,49.1172374094552));
#5795=CARTESIAN_POINT('Origin',(-22.5,-1.3,49.1172374094552));
#5796=CARTESIAN_POINT('',(-24.0131578947368,0.509936386545501,44.25));
#5797=CARTESIAN_POINT('Ctrl Pts',(-22.5,2.77555756156289E-16,49.1172374094552));
#5798=CARTESIAN_POINT('Ctrl Pts',(-23.044803900131,6.86623044233436E-16,
48.4366854999958));
#5799=CARTESIAN_POINT('Ctrl Pts',(-23.7749933324826,0.305860754162727,46.9032162675593));
#5800=CARTESIAN_POINT('Ctrl Pts',(-24.0131578947368,0.509936386545502,45.0539019430489));
#5801=CARTESIAN_POINT('Ctrl Pts',(-24.0131578947368,0.509936386545502,44.25));
#5802=CARTESIAN_POINT('Origin',(-24.8,-0.524896692450839,44.25));
#5803=CARTESIAN_POINT('Origin',(-18.5,-1.3,44.25));
#5804=CARTESIAN_POINT('',(-18.5,0.,50.55));
#5805=CARTESIAN_POINT('Origin',(-18.5,-1.3,50.55));
#5806=CARTESIAN_POINT('Origin',(-18.5,0.,44.25));
#5807=CARTESIAN_POINT('Origin',(11.75,-1.3,50.55));
#5808=CARTESIAN_POINT('',(18.5,0.,50.55));
#5809=CARTESIAN_POINT('Origin',(18.5,-1.3,50.55));
#5810=CARTESIAN_POINT('',(11.75,0.,50.55));
#5811=CARTESIAN_POINT('Origin',(18.5,-1.3,44.25));
#5812=CARTESIAN_POINT('',(22.5,0.,49.1172374094552));
#5813=CARTESIAN_POINT('Origin',(22.5,-1.3,49.1172374094552));
#5814=CARTESIAN_POINT('Origin',(18.5,0.,44.25));
#5815=CARTESIAN_POINT('Ctrl Pts',(23.5101897291428,-0.362448346225419,44.25));
#5816=CARTESIAN_POINT('Ctrl Pts',(23.5101897291428,-0.362448346225419,44.9050775663266));
#5817=CARTESIAN_POINT('Ctrl Pts',(23.2099764806771,-0.650152462041,46.4131312278399));
#5818=CARTESIAN_POINT('Ctrl Pts',(22.3153326866252,-1.04815305069221,47.6178956324542));
#5819=CARTESIAN_POINT('Ctrl Pts',(21.6933876727392,-1.02423340838143,48.1357439859123));
#5820=CARTESIAN_POINT('Ctrl Pts',(23.5286487840997,-0.215886813117479,44.25));
#5821=CARTESIAN_POINT('Ctrl Pts',(23.5286487840997,-0.215886813117479,44.9216453114276));
#5822=CARTESIAN_POINT('Ctrl Pts',(23.2199380337564,-0.483398891156388,46.4687855421496));
#5823=CARTESIAN_POINT('Ctrl Pts',(22.3184418761624,-0.822489974195622,47.6727599679064));
#5824=CARTESIAN_POINT('Ctrl Pts',(21.7273312052501,-0.777946482918658,48.1770467937239));
#5825=CARTESIAN_POINT('Ctrl Pts',(23.6304915366433,0.118742558130492,44.25));
#5826=CARTESIAN_POINT('Ctrl Pts',(23.6304915366433,0.118742558130492,44.9671183698333));
#5827=CARTESIAN_POINT('Ctrl Pts',(23.3211781682759,-0.104317155051826,46.6196338640972));
#5828=CARTESIAN_POINT('Ctrl Pts',(22.442447516845,-0.322808625732268,47.8865337501327));
#5829=CARTESIAN_POINT('Ctrl Pts',(21.9155705047755,-0.239970963425753,48.4060981338687));
#5830=CARTESIAN_POINT('Ctrl Pts',(23.8563733650063,0.390724243109233,44.25));
#5831=CARTESIAN_POINT('Ctrl Pts',(23.8563733650063,0.390724243109233,45.0223184908798));
#5832=CARTESIAN_POINT('Ctrl Pts',(23.587011652635,0.188105974310476,46.8003401007229));
#5833=CARTESIAN_POINT('Ctrl Pts',(22.8056810224685,-0.0474150299648653,
48.2366082927999));
#5834=CARTESIAN_POINT('Ctrl Pts',(22.2866476283185,1.18478720405596E-15,
48.8576282482441));
#5835=CARTESIAN_POINT('Ctrl Pts',(24.0131578947368,0.509936386545502,44.25));
#5836=CARTESIAN_POINT('Ctrl Pts',(24.0131578947368,0.509936386545502,45.0539000956632));
#5837=CARTESIAN_POINT('Ctrl Pts',(23.7749403373558,0.305844088408394,46.9033057345924));
#5838=CARTESIAN_POINT('Ctrl Pts',(23.0448026481585,1.81971777802498E-15,
48.4366870639204));
#5839=CARTESIAN_POINT('Ctrl Pts',(22.5,1.94289029309402E-15,49.1172374094552));
#5840=CARTESIAN_POINT('',(24.0131578947368,0.509936386545503,44.25));
#5841=CARTESIAN_POINT('Origin',(24.8,-0.524896692450834,44.25));
#5842=CARTESIAN_POINT('Ctrl Pts',(24.0131578947368,0.509936386545502,44.25));
#5843=CARTESIAN_POINT('Ctrl Pts',(24.0131578947368,0.509936386545502,45.0539000956632));
#5844=CARTESIAN_POINT('Ctrl Pts',(23.7749403373558,0.305844088408394,46.9033057345924));
#5845=CARTESIAN_POINT('Ctrl Pts',(23.0448026481585,1.81971777802498E-15,
48.4366870639204));
#5846=CARTESIAN_POINT('Ctrl Pts',(22.5,1.94289029309402E-15,49.1172374094552));
#5847=CARTESIAN_POINT('Origin',(24.8,-0.524896692450836,42.75));
#5848=CARTESIAN_POINT('',(24.0131578947368,0.509936386545503,28.25));
#5849=CARTESIAN_POINT('Origin',(24.8,-0.524896692450836,28.25));
#5850=CARTESIAN_POINT('',(24.0131578947368,0.509936386545503,42.75));
#5851=CARTESIAN_POINT('Origin',(4.44089209850063E-15,-1.5,36.25));
#5852=CARTESIAN_POINT('',(-14.4725920446015,-1.5,39.226495251933));
#5853=CARTESIAN_POINT('',(-12.6710241637339,-1.5,32.502952387251));
#5854=CARTESIAN_POINT('',(-12.715006278834,-1.5,32.6670958754291));
#5855=CARTESIAN_POINT('',(-12.200239391195,-1.5,45.233333333324));
#5856=CARTESIAN_POINT('Origin',(-9.16,-1.5,40.65));
#5857=CARTESIAN_POINT('',(-10.8183123951985,-1.5,45.65));
#5858=CARTESIAN_POINT('Origin',(-10.8183123951985,-1.5,43.1499999999967));
#5859=CARTESIAN_POINT('',(10.8183123951985,-1.5,45.65));
#5860=CARTESIAN_POINT('',(-5.40915619759922,-1.5,45.65));
#5861=CARTESIAN_POINT('',(12.200239391195,-1.5,45.233333333324));
#5862=CARTESIAN_POINT('Origin',(10.8183123951985,-1.5,43.1499999999967));
#5863=CARTESIAN_POINT('',(14.4725920446015,-1.5,39.226495251933));
#5864=CARTESIAN_POINT('Origin',(9.16,-1.5,40.65));
#5865=CARTESIAN_POINT('',(12.6710241637339,-1.5,32.502952387251));
#5866=CARTESIAN_POINT('',(13.6157902192678,-1.5,36.0288673077701));
#5867=CARTESIAN_POINT('',(10.2562095980017,-1.5,30.65));
#5868=CARTESIAN_POINT('Origin',(10.2562095980017,-1.5,33.1500000000098));
#5869=CARTESIAN_POINT('',(-10.2562095980017,-1.5,30.65));
#5870=CARTESIAN_POINT('',(5.12810479900087,-1.5,30.65));
#5871=CARTESIAN_POINT('Origin',(-10.2562095980017,-1.5,33.1500000000098));
#5872=CARTESIAN_POINT('Ctrl Pts',(24.0131578947368,0.509936386545507,28.25));
#5873=CARTESIAN_POINT('Ctrl Pts',(24.0131578947368,0.509936386545507,27.4460980568962));
#5874=CARTESIAN_POINT('Ctrl Pts',(23.7750144055268,0.305908732647465,25.5967563968155));
#5875=CARTESIAN_POINT('Ctrl Pts',(23.0448039000003,-4.25389742283295E-11,
24.0633144997563));
#5876=CARTESIAN_POINT('Ctrl Pts',(22.4999999998048,0.,23.3827625903009));
#5877=CARTESIAN_POINT('Ctrl Pts',(23.8955694974389,0.420527278968304,28.25));
#5878=CARTESIAN_POINT('Ctrl Pts',(23.8955694974389,0.420527278968304,27.4697734537258));
#5879=CARTESIAN_POINT('Ctrl Pts',(23.6339878246503,0.217943732600258,25.674175020932));
#5880=CARTESIAN_POINT('Ctrl Pts',(22.8656083341773,-0.0350480744074468,
24.213776100336));
#5881=CARTESIAN_POINT('Ctrl Pts',(22.3399857210505,1.24935492898469E-11,
23.5774694612251));
#5882=CARTESIAN_POINT('Ctrl Pts',(23.6569989725086,0.164727702365472,28.25));
#5883=CARTESIAN_POINT('Ctrl Pts',(23.6569989725086,0.164727702365472,27.5250318016802));
#5884=CARTESIAN_POINT('Ctrl Pts',(23.3516594878425,-0.0525866514733472,
25.8547246827221));
#5885=CARTESIAN_POINT('Ctrl Pts',(22.4859388044394,-0.259854352163824,24.5648892911132));
#5886=CARTESIAN_POINT('Ctrl Pts',(21.9662440227558,-0.175580908751181,24.0322418551183));
#5887=CARTESIAN_POINT('Ctrl Pts',(23.5348018024186,-0.167032968748165,28.25));
#5888=CARTESIAN_POINT('Ctrl Pts',(23.5348018024186,-0.167032968748165,27.5728469083065));
#5889=CARTESIAN_POINT('Ctrl Pts',(23.2235008309517,-0.428167143988709,26.0124003102095));
#5890=CARTESIAN_POINT('Ctrl Pts',(22.3193264800055,-0.747914751439323,24.8083585291372));
#5891=CARTESIAN_POINT('Ctrl Pts',(21.7386457158791,-0.695850841079285,24.309185603493));
#5892=CARTESIAN_POINT('Ctrl Pts',(23.5101897291428,-0.362448346225419,28.25));
#5893=CARTESIAN_POINT('Ctrl Pts',(23.5101897291428,-0.362448346225419,27.5949209282416));
#5894=CARTESIAN_POINT('Ctrl Pts',(23.2100720256632,-0.650069956509357,26.0869055634398));
#5895=CARTESIAN_POINT('Ctrl Pts',(22.3153341157149,-1.04815310571278,24.8821055573839));
#5896=CARTESIAN_POINT('Ctrl Pts',(21.6933876725163,-1.02423340837287,24.3642560139021));
#5897=CARTESIAN_POINT('Origin',(22.4999999997033,-1.3,23.3827625903009));
#5898=CARTESIAN_POINT('Ctrl Pts',(22.4999999998048,0.,23.3827625903009));
#5899=CARTESIAN_POINT('Ctrl Pts',(23.0448039000003,-4.25389742283295E-11,
24.0633144997563));
#5900=CARTESIAN_POINT('Ctrl Pts',(23.7750144055268,0.305908732647465,25.5967563968155));
#5901=CARTESIAN_POINT('Ctrl Pts',(24.0131578947368,0.509936386545507,27.4460980568962));
#5902=CARTESIAN_POINT('Ctrl Pts',(24.0131578947368,0.509936386545507,28.25));
#5903=CARTESIAN_POINT('Origin',(18.5,-1.3,28.25));
#5904=CARTESIAN_POINT('Origin',(18.5,-1.3,21.95));
#5905=CARTESIAN_POINT('Origin',(-11.75,-1.3,21.95));
#5906=CARTESIAN_POINT('Origin',(-18.5,-1.3,21.95));
#5907=CARTESIAN_POINT('Origin',(-18.5,-1.3,28.25));
#5908=CARTESIAN_POINT('Origin',(-22.5,-1.3,23.3827625905448));
#5909=CARTESIAN_POINT('Ctrl Pts',(-23.5101897291428,-0.362448346225419,
28.25));
#5910=CARTESIAN_POINT('Ctrl Pts',(-23.5101897291428,-0.362448346225419,
27.3765632448978));
#5911=CARTESIAN_POINT('Ctrl Pts',(-23.1065995441515,-0.751377889693926,
25.8809320333693));
#5912=CARTESIAN_POINT('Ctrl Pts',(-22.1598464331537,-1.04217314011451,24.7526422791813));
#5913=CARTESIAN_POINT('Ctrl Pts',(-21.6933876727392,-1.02423340838143,24.3642560140877));
#5914=CARTESIAN_POINT('Ctrl Pts',(-23.5286487840997,-0.215886813117479,
28.25));
#5915=CARTESIAN_POINT('Ctrl Pts',(-23.5286487840997,-0.215886813117479,
27.3544729180964));
#5916=CARTESIAN_POINT('Ctrl Pts',(-23.1111174831734,-0.575768488090148,
25.8213087133859));
#5917=CARTESIAN_POINT('Ctrl Pts',(-22.1706642084344,-0.811354101376376,
24.7011683256393));
#5918=CARTESIAN_POINT('Ctrl Pts',(-21.7273312052502,-0.777946482918656,
24.3229532062761));
#5919=CARTESIAN_POINT('Ctrl Pts',(-23.6304876718985,0.118744565697494,28.25));
#5920=CARTESIAN_POINT('Ctrl Pts',(-23.6304876718985,0.118744565697494,27.2938421735555));
#5921=CARTESIAN_POINT('Ctrl Pts',(-23.2085619833317,-0.17761695574965,25.6567429486779));
#5922=CARTESIAN_POINT('Ctrl Pts',(-22.3107129641025,-0.302073632673005,
24.4835937707825));
#5923=CARTESIAN_POINT('Ctrl Pts',(-21.91555520505,-0.239945385943124,24.0939204829803));
#5924=CARTESIAN_POINT('Ctrl Pts',(-23.8563733650063,0.390724243109233,28.25));
#5925=CARTESIAN_POINT('Ctrl Pts',(-23.8563733650063,0.390724243109234,27.2202420121602));
#5926=CARTESIAN_POINT('Ctrl Pts',(-23.4930764731765,0.119263477136254,25.4556952091605));
#5927=CARTESIAN_POINT('Ctrl Pts',(-22.6759226739313,-0.0355612724736495,
24.1081367183393));
#5928=CARTESIAN_POINT('Ctrl Pts',(-22.2866476283185,-2.30371842729225E-15,
23.6423717517559));
#5929=CARTESIAN_POINT('Ctrl Pts',(-24.0131578947368,0.509936386545502,28.25));
#5930=CARTESIAN_POINT('Ctrl Pts',(-24.0131578947368,0.509936386545502,27.1781332057822));
#5931=CARTESIAN_POINT('Ctrl Pts',(-23.6955314228492,0.232730092756247,25.3414315976503));
#5932=CARTESIAN_POINT('Ctrl Pts',(-22.9086019861193,-1.17536394797438E-15,
23.8931753496962));
#5933=CARTESIAN_POINT('Ctrl Pts',(-22.5,-1.38777878078145E-15,23.3827625905448));
#5934=CARTESIAN_POINT('',(-24.0131578947368,0.509936386545502,28.25));
#5935=CARTESIAN_POINT('Origin',(-24.8,-0.524896692450837,28.25));
#5936=CARTESIAN_POINT('Ctrl Pts',(-24.0131578947368,0.509936386545502,28.25));
#5937=CARTESIAN_POINT('Ctrl Pts',(-24.0131578947368,0.509936386545502,27.1781332057822));
#5938=CARTESIAN_POINT('Ctrl Pts',(-23.6955314228492,0.232730092756247,25.3414315976503));
#5939=CARTESIAN_POINT('Ctrl Pts',(-22.9086019861193,-1.17536394797438E-15,
23.8931753496962));
#5940=CARTESIAN_POINT('Ctrl Pts',(-22.5,-1.38777878078145E-15,23.3827625905448));
#5941=CARTESIAN_POINT('Origin',(-24.8,-0.524896692450839,14.25));
#5942=CARTESIAN_POINT('',(-24.0131578947368,0.509936386545501,14.25));
#5943=CARTESIAN_POINT('Origin',(-22.5,2.5,14.25));
#5944=CARTESIAN_POINT('',(-22.5,0.,52.));
#5945=CARTESIAN_POINT('',(-22.5,0.,14.25));
#5946=CARTESIAN_POINT('',(-25.,2.5,52.));
#5947=CARTESIAN_POINT('Origin',(-22.5,2.5,52.));
#5948=CARTESIAN_POINT('',(-25.,2.5,5.));
#5949=CARTESIAN_POINT('',(-25.,2.5,14.25));
#5950=CARTESIAN_POINT('Origin',(-22.5,2.5,5.));
#5951=CARTESIAN_POINT('Origin',(-12.715006278834,-1.,32.6670958754291));
#5952=CARTESIAN_POINT('',(-12.1880612505894,-1.,32.6323619098022));
#5953=CARTESIAN_POINT('Origin',(-12.6710241637339,-1.,32.502952387251));
#5954=CARTESIAN_POINT('',(-13.9896291314569,-1.,39.3559047744843));
#5955=CARTESIAN_POINT('',(-12.2320433656895,-1.,32.7965053979804));
#5956=CARTESIAN_POINT('Origin',(-14.4725920446015,-1.,39.226495251933));
#5957=CARTESIAN_POINT('Origin',(-9.16,-1.,40.65));
#5958=CARTESIAN_POINT('',(-11.923853991996,-1.,44.8166666666591));
#5959=CARTESIAN_POINT('Origin',(-12.200239391195,-1.,45.233333333324));
#5960=CARTESIAN_POINT('Origin',(-9.16,-1.,40.65));
#5961=CARTESIAN_POINT('Origin',(-10.8183123951985,-1.,43.1499999999967));
#5962=CARTESIAN_POINT('',(-10.8183123951985,-1.,45.15));
#5963=CARTESIAN_POINT('Origin',(-10.8183123951985,-1.,45.65));
#5964=CARTESIAN_POINT('Origin',(-10.8183123951985,-1.,43.1499999999967));
#5965=CARTESIAN_POINT('Origin',(-5.40915619759922,-1.,45.65));
#5966=CARTESIAN_POINT('',(10.8183123951985,-1.,45.15));
#5967=CARTESIAN_POINT('Origin',(10.8183123951985,-1.,45.65));
#5968=CARTESIAN_POINT('',(-5.40915619759922,-1.,45.15));
#5969=CARTESIAN_POINT('Origin',(10.8183123951985,-1.,43.1499999999967));
#5970=CARTESIAN_POINT('',(11.923853991996,-1.,44.8166666666591));
#5971=CARTESIAN_POINT('Origin',(12.200239391195,-1.,45.233333333324));
#5972=CARTESIAN_POINT('Origin',(10.8183123951985,-1.,43.1499999999967));
#5973=CARTESIAN_POINT('Origin',(9.16,-1.,40.65));
#5974=CARTESIAN_POINT('',(13.9896291314569,-1.,39.3559047744843));
#5975=CARTESIAN_POINT('Origin',(14.4725920446015,-1.,39.226495251933));
#5976=CARTESIAN_POINT('Origin',(9.16,-1.,40.65));
#5977=CARTESIAN_POINT('Origin',(13.6157902192678,-1.,36.0288673077701));
#5978=CARTESIAN_POINT('',(12.1880612505894,-1.,32.6323619098022));
#5979=CARTESIAN_POINT('Origin',(12.6710241637339,-1.,32.502952387251));
#5980=CARTESIAN_POINT('',(13.1328273061233,-1.,36.1582768303214));
#5981=CARTESIAN_POINT('Origin',(10.2562095980017,-1.,33.1500000000098));
#5982=CARTESIAN_POINT('',(10.2562095980017,-1.,31.15));
#5983=CARTESIAN_POINT('Origin',(10.2562095980017,-1.,30.65));
#5984=CARTESIAN_POINT('Origin',(10.2562095980017,-1.,33.1500000000098));
#5985=CARTESIAN_POINT('Origin',(5.12810479900087,-1.,30.65));
#5986=CARTESIAN_POINT('',(-10.2562095980017,-1.,31.15));
#5987=CARTESIAN_POINT('Origin',(-10.2562095980017,-1.,30.65));
#5988=CARTESIAN_POINT('',(5.12810479900087,-1.,31.15));
#5989=CARTESIAN_POINT('Origin',(-10.2562095980017,-1.,33.1500000000098));
#5990=CARTESIAN_POINT('Origin',(-10.2562095980017,-1.,33.1500000000098));
#5991=CARTESIAN_POINT('Origin',(10.8183123951985,0.,43.1499999999967));
#5992=CARTESIAN_POINT('',(10.8183123951985,-0.5,45.15));
#5993=CARTESIAN_POINT('',(10.8183123951985,0.,45.15));
#5994=CARTESIAN_POINT('',(11.923853991996,-0.5,44.8166666666591));
#5995=CARTESIAN_POINT('Origin',(10.8183123951985,-0.5,43.1499999999967));
#5996=CARTESIAN_POINT('',(11.923853991996,0.,44.8166666666591));
#5997=CARTESIAN_POINT('Origin',(-10.8183123951985,0.,45.15));
#5998=CARTESIAN_POINT('',(-10.8183123951985,-0.5,45.15));
#5999=CARTESIAN_POINT('',(-10.8183123951985,0.,45.15));
#6000=CARTESIAN_POINT('',(-5.38415619759923,-0.5,45.15));
#6001=CARTESIAN_POINT('Origin',(-10.8183123951985,0.,43.1499999999967));
#6002=CARTESIAN_POINT('',(-11.923853991996,-0.5,44.8166666666591));
#6003=CARTESIAN_POINT('',(-11.923853991996,0.,44.8166666666591));
#6004=CARTESIAN_POINT('Origin',(-10.8183123951985,-0.5,43.1499999999967));
#6005=CARTESIAN_POINT('Origin',(-9.16,0.,40.65));
#6006=CARTESIAN_POINT('',(-13.9896291314569,-0.5,39.3559047744843));
#6007=CARTESIAN_POINT('',(-13.9896291314569,0.,39.3559047744843));
#6008=CARTESIAN_POINT('Origin',(-9.16,-0.5,40.65));
#6009=CARTESIAN_POINT('Origin',(-12.1880612505894,0.,32.6323619098022));
#6010=CARTESIAN_POINT('',(-12.1880612505894,-0.5,32.6323619098022));
#6011=CARTESIAN_POINT('',(-12.1880612505894,0.,32.6323619098022));
#6012=CARTESIAN_POINT('',(-12.2303686832368,-0.5,32.7902553979804));
#6013=CARTESIAN_POINT('Origin',(-5.38415619759923,-0.5,45.65));
#6014=CARTESIAN_POINT('',(10.8183123951985,0.,45.65));
#6015=CARTESIAN_POINT('Origin',(10.8183123951985,-0.5,45.65));
#6016=CARTESIAN_POINT('',(-10.8183123951985,0.,45.65));
#6017=CARTESIAN_POINT('Origin',(-10.8183123951985,-0.5,45.65));
#6018=CARTESIAN_POINT('',(-5.38415619759923,0.,45.65));
#6019=CARTESIAN_POINT('Origin',(-10.8183123951985,-0.5,43.1499999999967));
#6020=CARTESIAN_POINT('',(-12.200239391195,0.,45.233333333324));
#6021=CARTESIAN_POINT('Origin',(-12.200239391195,-0.5,45.233333333324));
#6022=CARTESIAN_POINT('Origin',(-10.8183123951985,0.,43.1499999999967));
#6023=CARTESIAN_POINT('Origin',(-9.16,-0.5,40.65));
#6024=CARTESIAN_POINT('',(-14.4725920446015,0.,39.226495251933));
#6025=CARTESIAN_POINT('Origin',(-14.4725920446015,-0.5,39.226495251933));
#6026=CARTESIAN_POINT('Origin',(-9.16,0.,40.65));
#6027=CARTESIAN_POINT('Origin',(-12.7133315963813,-0.5,32.6608458754291));
#6028=CARTESIAN_POINT('',(-12.6710241637339,0.,32.502952387251));
#6029=CARTESIAN_POINT('Origin',(-12.6710241637339,-0.5,32.502952387251));
#6030=CARTESIAN_POINT('',(-12.7133315963813,0.,32.6608458754291));
#6031=CARTESIAN_POINT('Origin',(-10.2562095980017,-0.5,33.1500000000098));
#6032=CARTESIAN_POINT('',(-10.2562095980017,-0.5,31.15));
#6033=CARTESIAN_POINT('',(-10.2562095980017,0.,30.65));
#6034=CARTESIAN_POINT('Origin',(-10.2562095980017,-0.5,30.65));
#6035=CARTESIAN_POINT('Origin',(-10.2562095980017,0.,33.1500000000098));
#6036=CARTESIAN_POINT('Origin',(-10.2562095980017,-0.5,33.1500000000098));
#6037=CARTESIAN_POINT('Origin',(5.15310479900086,-0.5,30.65));
#6038=CARTESIAN_POINT('',(10.2562095980017,-0.5,31.15));
#6039=CARTESIAN_POINT('',(10.2562095980017,0.,30.65));
#6040=CARTESIAN_POINT('Origin',(10.2562095980017,-0.5,30.65));
#6041=CARTESIAN_POINT('',(5.15310479900086,0.,30.65));
#6042=CARTESIAN_POINT('',(5.15310479900086,-0.5,31.15));
#6043=CARTESIAN_POINT('Origin',(10.2562095980017,-0.5,33.1500000000098));
#6044=CARTESIAN_POINT('',(12.1880612505894,-0.5,32.6323619098022));
#6045=CARTESIAN_POINT('',(12.6710241637339,0.,32.502952387251));
#6046=CARTESIAN_POINT('Origin',(12.6710241637339,-0.5,32.502952387251));
#6047=CARTESIAN_POINT('Origin',(10.2562095980017,0.,33.1500000000098));
#6048=CARTESIAN_POINT('Origin',(10.2562095980017,-0.5,33.1500000000098));
#6049=CARTESIAN_POINT('Origin',(13.6174649017205,-0.5,36.0351173077701));
#6050=CARTESIAN_POINT('',(13.9896291314569,-0.5,39.3559047744843));
#6051=CARTESIAN_POINT('',(14.4725920446015,0.,39.226495251933));
#6052=CARTESIAN_POINT('Origin',(14.4725920446015,-0.5,39.226495251933));
#6053=CARTESIAN_POINT('',(13.6174649017205,0.,36.0351173077701));
#6054=CARTESIAN_POINT('',(13.134501988576,-0.5,36.1645268303214));
#6055=CARTESIAN_POINT('Origin',(9.16,-0.5,40.65));
#6056=CARTESIAN_POINT('',(12.2002393911949,0.,45.233333333324));
#6057=CARTESIAN_POINT('Origin',(12.2002393911949,-0.5,45.233333333324));
#6058=CARTESIAN_POINT('Origin',(9.16,0.,40.65));
#6059=CARTESIAN_POINT('Origin',(9.16,-0.5,40.65));
#6060=CARTESIAN_POINT('Origin',(10.8183123951985,-0.5,43.1499999999967));
#6061=CARTESIAN_POINT('Origin',(10.8183123951985,0.,43.1499999999967));
#6062=CARTESIAN_POINT('Origin',(-10.2562095980017,0.,33.1500000000098));
#6063=CARTESIAN_POINT('',(-10.2562095980017,0.,31.15));
#6064=CARTESIAN_POINT('Origin',(0.0499999999999967,0.,36.25));
#6065=CARTESIAN_POINT('',(15.75,0.,26.25));
#6066=CARTESIAN_POINT('',(15.75,0.,46.25));
#6067=CARTESIAN_POINT('',(15.75,0.,41.5));
#6068=CARTESIAN_POINT('',(-15.65,0.,26.25));
#6069=CARTESIAN_POINT('',(8.15,0.,26.25));
#6070=CARTESIAN_POINT('',(-15.65,0.,46.25));
#6071=CARTESIAN_POINT('',(-15.65,0.,31.));
#6072=CARTESIAN_POINT('',(-8.05,0.,46.25));
#6073=CARTESIAN_POINT('Origin',(15.25,4.5,50.));
#6074=CARTESIAN_POINT('',(15.25,5.,49.1));
#6075=CARTESIAN_POINT('Origin',(15.25,5.,50.));
#6076=CARTESIAN_POINT('',(15.25,4.5,48.6));
#6077=CARTESIAN_POINT('Origin',(15.25,4.5,49.1));
#6078=CARTESIAN_POINT('',(16.65,4.5,50.));
#6079=CARTESIAN_POINT('Origin',(15.25,4.5,50.));
#6080=CARTESIAN_POINT('Origin',(15.25,4.5,50.));
#6081=CARTESIAN_POINT('Origin',(15.25,2.,50.));
#6082=CARTESIAN_POINT('',(16.65,2.5,50.));
#6083=CARTESIAN_POINT('',(16.65,2.,50.));
#6084=CARTESIAN_POINT('Origin',(15.25,2.5,50.));
#6085=CARTESIAN_POINT('Origin',(0.,5.,28.5));
#6086=CARTESIAN_POINT('Origin',(15.25,4.5,21.5));
#6087=CARTESIAN_POINT('',(15.25,5.,20.6));
#6088=CARTESIAN_POINT('Origin',(15.25,5.,21.5));
#6089=CARTESIAN_POINT('',(15.25,4.5,20.1));
#6090=CARTESIAN_POINT('Origin',(15.25,4.5,20.6));
#6091=CARTESIAN_POINT('',(16.65,4.5,21.5));
#6092=CARTESIAN_POINT('Origin',(15.25,4.5,21.5));
#6093=CARTESIAN_POINT('Origin',(15.25,4.5,21.5));
#6094=CARTESIAN_POINT('Origin',(15.25,2.,21.5));
#6095=CARTESIAN_POINT('',(16.65,2.5,21.5));
#6096=CARTESIAN_POINT('',(16.65,2.,21.5));
#6097=CARTESIAN_POINT('Origin',(15.25,2.5,21.5));
#6098=CARTESIAN_POINT('Origin',(0.,5.,28.5));
#6099=CARTESIAN_POINT('Origin',(-15.25,4.5,50.));
#6100=CARTESIAN_POINT('',(-15.25,5.,49.1));
#6101=CARTESIAN_POINT('Origin',(-15.25,5.,50.));
#6102=CARTESIAN_POINT('',(-15.25,4.5,48.6));
#6103=CARTESIAN_POINT('Origin',(-15.25,4.5,49.1));
#6104=CARTESIAN_POINT('',(-13.85,4.5,50.));
#6105=CARTESIAN_POINT('Origin',(-15.25,4.5,50.));
#6106=CARTESIAN_POINT('Origin',(-15.25,4.5,50.));
#6107=CARTESIAN_POINT('Origin',(-15.25,2.,50.));
#6108=CARTESIAN_POINT('',(-13.85,2.5,50.));
#6109=CARTESIAN_POINT('',(-13.85,2.,50.));
#6110=CARTESIAN_POINT('Origin',(-15.25,2.5,50.));
#6111=CARTESIAN_POINT('Origin',(0.,5.,28.5));
#6112=CARTESIAN_POINT('Origin',(-15.25,4.5,21.5));
#6113=CARTESIAN_POINT('',(-15.25,5.,20.6));
#6114=CARTESIAN_POINT('Origin',(-15.25,5.,21.5));
#6115=CARTESIAN_POINT('',(-15.25,4.5,20.1));
#6116=CARTESIAN_POINT('Origin',(-15.25,4.5,20.6));
#6117=CARTESIAN_POINT('',(-13.85,4.5,21.5));
#6118=CARTESIAN_POINT('Origin',(-15.25,4.5,21.5));
#6119=CARTESIAN_POINT('Origin',(-15.25,4.5,21.5));
#6120=CARTESIAN_POINT('Origin',(-15.25,2.,21.5));
#6121=CARTESIAN_POINT('',(-13.85,2.5,21.5));
#6122=CARTESIAN_POINT('',(-13.85,2.,21.5));
#6123=CARTESIAN_POINT('Origin',(-15.25,2.5,21.5));
#6124=CARTESIAN_POINT('Origin',(0.,5.,28.5));
#6125=CARTESIAN_POINT('Origin',(-15.25,2.5,50.));
#6126=CARTESIAN_POINT('',(-15.25,2.5,52.));
#6127=CARTESIAN_POINT('Origin',(-15.25,2.5,50.));
#6128=CARTESIAN_POINT('Origin',(-15.25,2.5,52.5));
#6129=CARTESIAN_POINT('Origin',(15.25,2.5,50.));
#6130=CARTESIAN_POINT('',(15.25,2.5,52.));
#6131=CARTESIAN_POINT('Origin',(15.25,2.5,50.));
#6132=CARTESIAN_POINT('Origin',(15.25,2.5,52.5));
#6133=CARTESIAN_POINT('Origin',(15.25,2.5,21.5));
#6134=CARTESIAN_POINT('',(15.25,2.5,23.5));
#6135=CARTESIAN_POINT('Origin',(15.25,2.5,21.5));
#6136=CARTESIAN_POINT('Origin',(15.25,2.5,24.));
#6137=CARTESIAN_POINT('Origin',(-15.25,2.5,21.5));
#6138=CARTESIAN_POINT('',(-15.25,2.5,23.5));
#6139=CARTESIAN_POINT('Origin',(-15.25,2.5,21.5));
#6140=CARTESIAN_POINT('Origin',(-15.25,2.5,24.));
#6141=CARTESIAN_POINT('Origin',(-15.65,1.5,46.25));
#6142=CARTESIAN_POINT('',(-15.65,1.5,46.75));
#6143=CARTESIAN_POINT('Origin',(-15.65,1.5,47.25));
#6144=CARTESIAN_POINT('',(-16.15,1.5,46.25));
#6145=CARTESIAN_POINT('Origin',(-15.65,1.5,46.25));
#6146=CARTESIAN_POINT('Origin',(-16.65,1.5,46.25));
#6147=CARTESIAN_POINT('Origin',(-15.65,1.5,26.25));
#6148=CARTESIAN_POINT('',(-16.15,1.5,26.25));
#6149=CARTESIAN_POINT('Origin',(-16.65,1.5,26.25));
#6150=CARTESIAN_POINT('',(-15.65,1.5,25.75));
#6151=CARTESIAN_POINT('Origin',(-15.65,1.5,26.25));
#6152=CARTESIAN_POINT('Origin',(-15.65,1.5,25.25));
#6153=CARTESIAN_POINT('Origin',(-16.65,1.5,27.125));
#6154=CARTESIAN_POINT('',(-16.15,1.5,27.125));
#6155=CARTESIAN_POINT('Origin',(15.75,1.5,46.25));
#6156=CARTESIAN_POINT('',(15.75,1.5,46.75));
#6157=CARTESIAN_POINT('',(16.25,1.5,46.25));
#6158=CARTESIAN_POINT('Origin',(15.75,1.5,46.25));
#6159=CARTESIAN_POINT('Origin',(15.75,1.5,47.25));
#6160=CARTESIAN_POINT('Origin',(16.75,1.5,46.25));
#6161=CARTESIAN_POINT('Origin',(-8.075,1.5,47.25));
#6162=CARTESIAN_POINT('',(-8.075,1.5,46.75));
#6163=CARTESIAN_POINT('Origin',(-15.65,0.5,46.25));
#6164=CARTESIAN_POINT('',(-15.65,0.5,46.75));
#6165=CARTESIAN_POINT('',(-16.15,0.5,46.25));
#6166=CARTESIAN_POINT('Origin',(-15.65,0.5,46.25));
#6167=CARTESIAN_POINT('Origin',(-15.65,0.5,46.25));
#6168=CARTESIAN_POINT('Origin',(-15.65,0.5,46.25));
#6169=CARTESIAN_POINT('Origin',(15.75,1.5,26.25));
#6170=CARTESIAN_POINT('',(15.75,1.5,25.75));
#6171=CARTESIAN_POINT('Origin',(15.75,1.5,25.25));
#6172=CARTESIAN_POINT('',(16.25,1.5,26.25));
#6173=CARTESIAN_POINT('Origin',(15.75,1.5,26.25));
#6174=CARTESIAN_POINT('Origin',(16.75,1.5,26.25));
#6175=CARTESIAN_POINT('Origin',(8.125,1.5,25.25));
#6176=CARTESIAN_POINT('',(8.125,1.5,25.75));
#6177=CARTESIAN_POINT('Origin',(-15.65,0.5,26.25));
#6178=CARTESIAN_POINT('',(-16.15,0.5,26.25));
#6179=CARTESIAN_POINT('',(-15.65,0.5,25.75));
#6180=CARTESIAN_POINT('Origin',(-15.65,0.5,26.25));
#6181=CARTESIAN_POINT('Origin',(-15.65,0.5,26.25));
#6182=CARTESIAN_POINT('Origin',(-15.65,0.5,26.25));
#6183=CARTESIAN_POINT('Origin',(-15.65,0.5,31.));
#6184=CARTESIAN_POINT('',(-16.15,0.5,31.));
#6185=CARTESIAN_POINT('Origin',(15.75,0.5,46.25));
#6186=CARTESIAN_POINT('',(16.25,0.5,46.25));
#6187=CARTESIAN_POINT('',(15.75,0.5,46.75));
#6188=CARTESIAN_POINT('Origin',(15.75,0.5,46.25));
#6189=CARTESIAN_POINT('Origin',(15.75,0.5,46.25));
#6190=CARTESIAN_POINT('Origin',(15.75,0.5,46.25));
#6191=CARTESIAN_POINT('Origin',(15.75,0.5,26.25));
#6192=CARTESIAN_POINT('',(15.75,0.5,25.75));
#6193=CARTESIAN_POINT('Origin',(15.75,0.5,26.25));
#6194=CARTESIAN_POINT('',(16.25,0.5,26.25));
#6195=CARTESIAN_POINT('Origin',(15.75,0.5,26.25));
#6196=CARTESIAN_POINT('Origin',(15.75,0.5,26.25));
#6197=CARTESIAN_POINT('Origin',(15.75,0.5,41.5));
#6198=CARTESIAN_POINT('',(16.25,0.5,41.5));
#6199=CARTESIAN_POINT('Origin',(15.75,0.,26.25));
#6200=CARTESIAN_POINT('',(15.75,0.,25.75));
#6201=CARTESIAN_POINT('',(16.25,0.,26.25));
#6202=CARTESIAN_POINT('Origin',(8.15,0.5,26.25));
#6203=CARTESIAN_POINT('',(8.15,0.5,25.75));
#6204=CARTESIAN_POINT('Origin',(-8.05,0.5,46.25));
#6205=CARTESIAN_POINT('',(-8.05,0.5,46.75));
#6206=CARTESIAN_POINT('Origin',(15.75,0.,46.25));
#6207=CARTESIAN_POINT('',(16.25,0.,46.25));
#6208=CARTESIAN_POINT('',(15.75,0.,46.75));
#6209=CARTESIAN_POINT('Origin',(-15.65,0.,26.25));
#6210=CARTESIAN_POINT('',(-16.15,0.,26.25));
#6211=CARTESIAN_POINT('',(-15.65,0.,25.75));
#6212=CARTESIAN_POINT('Origin',(16.75,1.5,37.625));
#6213=CARTESIAN_POINT('',(16.25,1.5,37.625));
#6214=CARTESIAN_POINT('Origin',(-15.65,0.,46.25));
#6215=CARTESIAN_POINT('',(-15.65,0.,46.75));
#6216=CARTESIAN_POINT('',(-16.15,0.,46.25));
#6217=CARTESIAN_POINT('Origin',(16.25,0.,25.75));
#6218=CARTESIAN_POINT('Origin',(-16.15,0.,25.75));
#6219=CARTESIAN_POINT('Origin',(16.25,0.,46.75));
#6220=CARTESIAN_POINT('Origin',(-16.15,0.,46.75));
#6221=CARTESIAN_POINT('Origin',(22.5,2.5,42.75));
#6222=CARTESIAN_POINT('Origin',(22.5,2.5,5.));
#6223=CARTESIAN_POINT('',(22.5,0.,52.));
#6224=CARTESIAN_POINT('Origin',(22.5,2.5,52.));
#6225=CARTESIAN_POINT('',(22.5,0.,42.75));
#6226=CARTESIAN_POINT('Origin',(10.2562095980017,0.,31.15));
#6227=CARTESIAN_POINT('',(10.2562095980017,0.,31.15));
#6228=CARTESIAN_POINT('Origin',(10.2562095980017,0.,33.1500000000098));
#6229=CARTESIAN_POINT('',(12.1880612505894,0.,32.6323619098022));
#6230=CARTESIAN_POINT('Origin',(13.9896291314569,0.,39.3559047744843));
#6231=CARTESIAN_POINT('',(13.9896291314569,0.,39.3559047744843));
#6232=CARTESIAN_POINT('Origin',(9.16,0.,40.65));
#6233=CARTESIAN_POINT('Origin',(0.,0.,28.5));
#6234=CARTESIAN_POINT('',(20.,0.,54.5));
#6235=CARTESIAN_POINT('Origin',(20.,0.,52.));
#6236=CARTESIAN_POINT('',(-20.,0.,54.5));
#6237=CARTESIAN_POINT('',(-12.5,0.,54.5));
#6238=CARTESIAN_POINT('Origin',(-20.,0.,52.));
#6239=CARTESIAN_POINT('Origin',(-15.25,2.5,21.5));
#6240=CARTESIAN_POINT('Origin',(15.25,2.5,21.5));
#6241=CARTESIAN_POINT('Origin',(-15.25,2.5,50.));
#6242=CARTESIAN_POINT('Origin',(15.25,2.5,50.));
#6243=CARTESIAN_POINT('Origin',(22.5,2.5,42.75));
#6244=CARTESIAN_POINT('Origin',(22.5,2.5,52.));
#6245=CARTESIAN_POINT('Origin',(22.5,2.5,5.));
#6246=CARTESIAN_POINT('Origin',(20.,2.5,5.));
#6247=CARTESIAN_POINT('Origin',(20.,2.5,2.5));
#6248=CARTESIAN_POINT('Origin',(20.,2.5,5.));
#6249=CARTESIAN_POINT('Origin',(12.5,2.5,2.5));
#6250=CARTESIAN_POINT('Origin',(-20.,2.5,2.5));
#6251=CARTESIAN_POINT('Origin',(-20.,2.5,5.));
#6252=CARTESIAN_POINT('Origin',(-22.5,2.5,5.));
#6253=CARTESIAN_POINT('Origin',(-22.5,2.5,14.25));
#6254=CARTESIAN_POINT('Origin',(-22.5,2.5,52.));
#6255=CARTESIAN_POINT('Origin',(-20.,2.5,52.));
#6256=CARTESIAN_POINT('Origin',(-20.,2.5,54.5));
#6257=CARTESIAN_POINT('Origin',(-12.5,2.5,54.5));
#6258=CARTESIAN_POINT('',(20.,2.5,55.));
#6259=CARTESIAN_POINT('Origin',(20.,2.5,54.5));
#6260=CARTESIAN_POINT('',(-12.5,2.5,55.));
#6261=CARTESIAN_POINT('Origin',(20.,2.5,52.));
#6262=CARTESIAN_POINT('Origin',(20.,2.5,52.));
#6263=CARTESIAN_POINT('Origin',(-25.,0.,55.));
#6264=CARTESIAN_POINT('',(20.,0.,55.));
#6265=CARTESIAN_POINT('Origin',(20.,0.,52.));
#6266=CARTESIAN_POINT('Origin',(20.,0.,5.));
#6267=CARTESIAN_POINT('Ctrl Pts',(22.5,0.,5.));
#6268=CARTESIAN_POINT('Ctrl Pts',(22.5,0.,2.5));
#6269=CARTESIAN_POINT('Ctrl Pts',(20.,0.,2.5));
#6270=CARTESIAN_POINT('Ctrl Pts',(25.,-2.22044604925031E-15,5.));
#6271=CARTESIAN_POINT('Ctrl Pts',(25.,-2.29698647419702E-15,1.11022302462516E-15));
#6272=CARTESIAN_POINT('Ctrl Pts',(20.,-2.29698647419702E-15,0.));
#6273=CARTESIAN_POINT('Ctrl Pts',(25.,2.5,5.));
#6274=CARTESIAN_POINT('Ctrl Pts',(25.,2.5,1.11022302462516E-15));
#6275=CARTESIAN_POINT('Ctrl Pts',(20.,2.5,0.));
#6276=CARTESIAN_POINT('',(20.,2.5,0.));
#6277=CARTESIAN_POINT('Origin',(20.,2.5,2.5));
#6278=CARTESIAN_POINT('Origin',(20.,2.5,5.));
#6279=CARTESIAN_POINT('Origin',(12.5,2.5,2.5));
#6280=CARTESIAN_POINT('',(-20.,2.5,0.));
#6281=CARTESIAN_POINT('Origin',(-20.,2.5,2.5));
#6282=CARTESIAN_POINT('',(12.5,2.5,0.));
#6283=CARTESIAN_POINT('Ctrl Pts',(-20.,0.,2.5));
#6284=CARTESIAN_POINT('Ctrl Pts',(-22.5,0.,2.5));
#6285=CARTESIAN_POINT('Ctrl Pts',(-22.5,0.,5.));
#6286=CARTESIAN_POINT('Ctrl Pts',(-20.,-1.74187496188444E-15,0.));
#6287=CARTESIAN_POINT('Ctrl Pts',(-25.,-1.74187496188444E-15,1.11022302462516E-15));
#6288=CARTESIAN_POINT('Ctrl Pts',(-25.,-1.66533453693773E-15,5.));
#6289=CARTESIAN_POINT('Ctrl Pts',(-20.,2.5,0.));
#6290=CARTESIAN_POINT('Ctrl Pts',(-25.,2.5,1.11022302462516E-15));
#6291=CARTESIAN_POINT('Ctrl Pts',(-25.,2.5,5.));
#6292=CARTESIAN_POINT('Origin',(-20.,2.5,5.));
#6293=CARTESIAN_POINT('Ctrl Pts',(-22.5,0.,52.));
#6294=CARTESIAN_POINT('Ctrl Pts',(-22.5,0.,54.5));
#6295=CARTESIAN_POINT('Ctrl Pts',(-20.,0.,54.5));
#6296=CARTESIAN_POINT('Ctrl Pts',(-25.,-3.33066907387547E-15,52.));
#6297=CARTESIAN_POINT('Ctrl Pts',(-25.,-3.25412864892876E-15,57.));
#6298=CARTESIAN_POINT('Ctrl Pts',(-20.,-3.25412864892876E-15,57.));
#6299=CARTESIAN_POINT('Ctrl Pts',(-25.,2.5,52.));
#6300=CARTESIAN_POINT('Ctrl Pts',(-25.,2.5,57.));
#6301=CARTESIAN_POINT('Ctrl Pts',(-20.,2.5,57.));
#6302=CARTESIAN_POINT('',(-20.,2.5,57.));
#6303=CARTESIAN_POINT('Origin',(-20.,2.5,54.5));
#6304=CARTESIAN_POINT('Origin',(-20.,2.5,52.));
#6305=CARTESIAN_POINT('Origin',(-12.5,2.5,54.5));
#6306=CARTESIAN_POINT('',(20.,2.5,57.));
#6307=CARTESIAN_POINT('Origin',(20.,2.5,54.5));
#6308=CARTESIAN_POINT('',(-12.5,2.5,57.));
#6309=CARTESIAN_POINT('Ctrl Pts',(20.,0.,54.5));
#6310=CARTESIAN_POINT('Ctrl Pts',(22.5,0.,54.5));
#6311=CARTESIAN_POINT('Ctrl Pts',(22.5,0.,52.));
#6312=CARTESIAN_POINT('Ctrl Pts',(20.,-4.36435167355392E-15,57.));
#6313=CARTESIAN_POINT('Ctrl Pts',(25.,-4.36435167355392E-15,57.));
#6314=CARTESIAN_POINT('Ctrl Pts',(25.,-4.44089209850063E-15,52.));
#6315=CARTESIAN_POINT('Ctrl Pts',(20.,2.5,57.));
#6316=CARTESIAN_POINT('Ctrl Pts',(25.,2.5,57.));
#6317=CARTESIAN_POINT('Ctrl Pts',(25.,2.5,52.));
#6318=CARTESIAN_POINT('Origin',(20.,2.5,52.));
#6319=CARTESIAN_POINT('Origin',(-20.,0.,52.));
#6320=CARTESIAN_POINT('',(-20.,0.,57.));
#6321=CARTESIAN_POINT('',(-25.,0.,52.));
#6322=CARTESIAN_POINT('Origin',(-25.,0.,57.));
#6323=CARTESIAN_POINT('',(20.,0.,57.));
#6324=CARTESIAN_POINT('Origin',(20.,0.,52.));
#6325=CARTESIAN_POINT('Origin',(-20.,0.,5.));
#6326=CARTESIAN_POINT('',(-25.,0.,5.));
#6327=CARTESIAN_POINT('',(-20.,0.,0.));
#6328=CARTESIAN_POINT('Origin',(-25.,0.,0.));
#6329=CARTESIAN_POINT('Origin',(20.,0.,5.));
#6330=CARTESIAN_POINT('',(20.,0.,0.));
#6331=CARTESIAN_POINT('Origin',(25.,0.,0.));
#6332=UNCERTAINTY_MEASURE_WITH_UNIT(LENGTH_MEASURE(0.01),#6336,
'DISTANCE_ACCURACY_VALUE',
'Maximum model space distance between geometric entities at asserted c
onnectivities');
#6333=UNCERTAINTY_MEASURE_WITH_UNIT(LENGTH_MEASURE(0.01),#6336,
'DISTANCE_ACCURACY_VALUE',
'Maximum model space distance between geometric entities at asserted c
onnectivities');
#6334=(
GEOMETRIC_REPRESENTATION_CONTEXT(3)
GLOBAL_UNCERTAINTY_ASSIGNED_CONTEXT((#6332))
GLOBAL_UNIT_ASSIGNED_CONTEXT((#6336,#6338,#6339))
REPRESENTATION_CONTEXT('','3D')
);
#6335=(
GEOMETRIC_REPRESENTATION_CONTEXT(3)
GLOBAL_UNCERTAINTY_ASSIGNED_CONTEXT((#6333))
GLOBAL_UNIT_ASSIGNED_CONTEXT((#6336,#6338,#6339))
REPRESENTATION_CONTEXT('','3D')
);
#6336=(
LENGTH_UNIT()
NAMED_UNIT(*)
SI_UNIT(.MILLI.,.METRE.)
);
#6337=(
LENGTH_UNIT()
NAMED_UNIT(*)
SI_UNIT($,.METRE.)
);
#6338=(
NAMED_UNIT(*)
PLANE_ANGLE_UNIT()
SI_UNIT($,.RADIAN.)
);
#6339=(
NAMED_UNIT(*)
SI_UNIT($,.STERADIAN.)
SOLID_ANGLE_UNIT()
);
#6340=SHAPE_DEFINITION_REPRESENTATION(#6341,#6342);
#6341=PRODUCT_DEFINITION_SHAPE('',$,#6344);
#6342=SHAPE_REPRESENTATION('',(#3217),#6334);
#6343=PRODUCT_DEFINITION_CONTEXT('part definition',#6348,'design');
#6344=PRODUCT_DEFINITION('2026-08-14-21-40-19-769','Head',#6345,#6343);
#6345=PRODUCT_DEFINITION_FORMATION('',$,#6350);
#6346=PRODUCT_RELATED_PRODUCT_CATEGORY('Head','Head',(#6350));
#6347=APPLICATION_PROTOCOL_DEFINITION('international standard',
'automotive_design',2009,#6348);
#6348=APPLICATION_CONTEXT(
'Core Data for Automotive Mechanical Design Process');
#6349=PRODUCT_CONTEXT('part definition',#6348,'mechanical');
#6350=PRODUCT('2026-08-14-21-40-19-769','Head',$,(#6349));
#6351=PRESENTATION_STYLE_ASSIGNMENT((#6353));
#6352=PRESENTATION_STYLE_ASSIGNMENT((#6354));
#6353=SURFACE_STYLE_USAGE(.BOTH.,#6355);
#6354=SURFACE_STYLE_USAGE(.BOTH.,#6356);
#6355=SURFACE_SIDE_STYLE('',(#6357));
#6356=SURFACE_SIDE_STYLE('',(#6358));
#6357=SURFACE_STYLE_FILL_AREA(#6359);
#6358=SURFACE_STYLE_FILL_AREA(#6360);
#6359=FILL_AREA_STYLE('Steel - Satin',(#6361));
#6360=FILL_AREA_STYLE('Polymide (Kapton)',(#6362));
#6361=FILL_AREA_STYLE_COLOUR('Steel - Satin',#6363);
#6362=FILL_AREA_STYLE_COLOUR('Polymide (Kapton)',#6364);
#6363=COLOUR_RGB('Steel - Satin',0.627450980392157,0.627450980392157,0.627450980392157);
#6364=COLOUR_RGB('Polymide (Kapton)',0.784313725490196,0.556862745098039,
0.0274509803921569);
ENDSEC;
END-ISO-10303-21;
