ISO-10303-21;
HEADER;
/* Generated by software containing ST-Developer
 * from STEP Tools, Inc. (www.steptools.com) 
 */

FILE_DESCRIPTION(
/* description */ (''),
/* implementation_level */ '2;1');

FILE_NAME(
/* name */ 'Holder.step',
/* time_stamp */ '2026-08-14T21:40:29+05:30',
/* author */ (''),
/* organization */ (''),
/* preprocessor_version */ 'ST-DEVELOPER v20.1',
/* originating_system */ 'Autodesk Translation Framework v15.8.0.0',
/* authorisation */ '');

FILE_SCHEMA (('AUTOMOTIVE_DESIGN { 1 0 10303 214 3 1 1 }'));
ENDSEC;

DATA;
#10=MECHANICAL_DESIGN_GEOMETRIC_PRESENTATION_REPRESENTATION('',(#13),#4868);
#11=SHAPE_REPRESENTATION_RELATIONSHIP('SRR','None',#4875,#12);
#12=ADVANCED_BREP_SHAPE_REPRESENTATION('',(#14),#4867);
#13=STYLED_ITEM('',(#4885),#14);
#14=MANIFOLD_SOLID_BREP('Body1',#2377);
#15=FACE_BOUND('',#672,.T.);
#16=FACE_BOUND('',#736,.T.);
#17=FACE_BOUND('',#743,.T.);
#18=FACE_BOUND('',#763,.T.);
#19=FACE_BOUND('',#794,.T.);
#20=TOROIDAL_SURFACE('',#2414,7.5,2.5);
#21=TOROIDAL_SURFACE('',#2423,7.5,2.5);
#22=TOROIDAL_SURFACE('',#2447,4.55000000000001,0.45);
#23=TOROIDAL_SURFACE('',#2472,4.34999999999998,0.25);
#24=TOROIDAL_SURFACE('',#2476,2.24999999999998,0.25);
#25=TOROIDAL_SURFACE('',#2480,4.34999999999998,0.25);
#26=TOROIDAL_SURFACE('',#2482,2.25000000000002,0.25);
#27=TOROIDAL_SURFACE('',#2492,3.84999999999998,0.25);
#28=TOROIDAL_SURFACE('',#2497,1.74999999999998,0.25);
#29=TOROIDAL_SURFACE('',#2501,3.84999999999998,0.25);
#30=TOROIDAL_SURFACE('',#2505,1.75000000000002,0.25);
#31=TOROIDAL_SURFACE('',#2519,3.60000000000001,0.5);
#32=TOROIDAL_SURFACE('',#2529,3.84999999999998,0.25);
#33=TOROIDAL_SURFACE('',#2535,0.5,0.25);
#34=TOROIDAL_SURFACE('',#2542,3.84999999999998,0.25);
#35=TOROIDAL_SURFACE('',#2548,0.5,0.25);
#36=TOROIDAL_SURFACE('',#2556,1.75000000000002,0.25);
#37=TOROIDAL_SURFACE('',#2592,17.5,2.5);
#38=TOROIDAL_SURFACE('',#2597,10.,2.5);
#39=TOROIDAL_SURFACE('',#2602,32.5,2.5);
#40=TOROIDAL_SURFACE('',#2618,17.5,2.5);
#41=TOROIDAL_SURFACE('',#2623,10.,2.5);
#42=TOROIDAL_SURFACE('',#2628,32.5,2.5);
#43=TOROIDAL_SURFACE('',#2630,7.5,2.5);
#44=TOROIDAL_SURFACE('',#2632,32.5,2.5);
#45=TOROIDAL_SURFACE('',#2636,10.,2.5);
#46=TOROIDAL_SURFACE('',#2640,17.5,2.5);
#47=TOROIDAL_SURFACE('',#2643,7.5,2.5);
#48=TOROIDAL_SURFACE('',#2649,17.5,2.5);
#49=TOROIDAL_SURFACE('',#2654,10.,2.5);
#50=TOROIDAL_SURFACE('',#2659,32.5,2.5);
#51=PLANE('',#2407);
#52=PLANE('',#2421);
#53=PLANE('',#2427);
#54=PLANE('',#2428);
#55=PLANE('',#2433);
#56=PLANE('',#2465);
#57=PLANE('',#2488);
#58=PLANE('',#2491);
#59=PLANE('',#2510);
#60=PLANE('',#2512);
#61=PLANE('',#2514);
#62=PLANE('',#2524);
#63=PLANE('',#2526);
#64=PLANE('',#2528);
#65=PLANE('',#2538);
#66=PLANE('',#2552);
#67=PLANE('',#2560);
#68=PLANE('',#2561);
#69=PLANE('',#2563);
#70=PLANE('',#2564);
#71=PLANE('',#2572);
#72=PLANE('',#2576);
#73=PLANE('',#2577);
#74=PLANE('',#2579);
#75=PLANE('',#2583);
#76=PLANE('',#2586);
#77=PLANE('',#2604);
#78=PLANE('',#2608);
#79=PLANE('',#2611);
#80=PLANE('',#2614);
#81=PLANE('',#2662);
#82=PLANE('',#2664);
#83=PLANE('',#2669);
#84=PLANE('',#2670);
#85=PLANE('',#2671);
#86=PLANE('',#2672);
#87=PLANE('',#2673);
#88=PLANE('',#2674);
#89=PLANE('',#2675);
#90=PLANE('',#2676);
#91=PLANE('',#2677);
#92=PLANE('',#2678);
#93=LINE('',#3599,#254);
#94=LINE('',#3600,#255);
#95=LINE('',#3602,#256);
#96=LINE('',#3614,#257);
#97=LINE('',#3616,#258);
#98=LINE('',#3617,#259);
#99=LINE('',#3627,#260);
#100=LINE('',#3628,#261);
#101=LINE('',#3630,#262);
#102=LINE('',#3642,#263);
#103=LINE('',#3644,#264);
#104=LINE('',#3645,#265);
#105=LINE('',#3648,#266);
#106=LINE('',#3650,#267);
#107=LINE('',#3654,#268);
#108=LINE('',#3658,#269);
#109=LINE('',#3661,#270);
#110=LINE('',#3664,#271);
#111=LINE('',#3679,#272);
#112=LINE('',#3684,#273);
#113=LINE('',#3685,#274);
#114=LINE('',#3694,#275);
#115=LINE('',#3696,#276);
#116=LINE('',#3698,#277);
#117=LINE('',#3700,#278);
#118=LINE('',#3709,#279);
#119=LINE('',#3718,#280);
#120=LINE('',#3719,#281);
#121=LINE('',#3722,#282);
#122=LINE('',#3724,#283);
#123=LINE('',#3740,#284);
#124=LINE('',#3754,#285);
#125=LINE('',#3756,#286);
#126=LINE('',#3757,#287);
#127=LINE('',#3760,#288);
#128=LINE('',#3767,#289);
#129=LINE('',#3771,#290);
#130=LINE('',#3775,#291);
#131=LINE('',#3779,#292);
#132=LINE('',#3842,#293);
#133=LINE('',#3878,#294);
#134=LINE('',#3879,#295);
#135=LINE('',#3890,#296);
#136=LINE('',#3891,#297);
#137=LINE('',#3924,#298);
#138=LINE('',#4049,#299);
#139=LINE('',#4054,#300);
#140=LINE('',#4056,#301);
#141=LINE('',#4060,#302);
#142=LINE('',#4064,#303);
#143=LINE('',#4067,#304);
#144=LINE('',#4072,#305);
#145=LINE('',#4108,#306);
#146=LINE('',#4129,#307);
#147=LINE('',#4152,#308);
#148=LINE('',#4155,#309);
#149=LINE('',#4158,#310);
#150=LINE('',#4161,#311);
#151=LINE('',#4162,#312);
#152=LINE('',#4165,#313);
#153=LINE('',#4169,#314);
#154=LINE('',#4170,#315);
#155=LINE('',#4207,#316);
#156=LINE('',#4215,#317);
#157=LINE('',#4249,#318);
#158=LINE('',#4252,#319);
#159=LINE('',#4260,#320);
#160=LINE('',#4261,#321);
#161=LINE('',#4263,#322);
#162=LINE('',#4265,#323);
#163=LINE('',#4267,#324);
#164=LINE('',#4295,#325);
#165=LINE('',#4298,#326);
#166=LINE('',#4306,#327);
#167=LINE('',#4307,#328);
#168=LINE('',#4309,#329);
#169=LINE('',#4311,#330);
#170=LINE('',#4314,#331);
#171=LINE('',#4342,#332);
#172=LINE('',#4343,#333);
#173=LINE('',#4349,#334);
#174=LINE('',#4351,#335);
#175=LINE('',#4355,#336);
#176=LINE('',#4383,#337);
#177=LINE('',#4384,#338);
#178=LINE('',#4389,#339);
#179=LINE('',#4392,#340);
#180=LINE('',#4395,#341);
#181=LINE('',#4399,#342);
#182=LINE('',#4405,#343);
#183=LINE('',#4408,#344);
#184=LINE('',#4410,#345);
#185=LINE('',#4412,#346);
#186=LINE('',#4437,#347);
#187=LINE('',#4439,#348);
#188=LINE('',#4441,#349);
#189=LINE('',#4442,#350);
#190=LINE('',#4447,#351);
#191=LINE('',#4472,#352);
#192=LINE('',#4474,#353);
#193=LINE('',#4475,#354);
#194=LINE('',#4478,#355);
#195=LINE('',#4482,#356);
#196=LINE('',#4486,#357);
#197=LINE('',#4493,#358);
#198=LINE('',#4498,#359);
#199=LINE('',#4502,#360);
#200=LINE('',#4506,#361);
#201=LINE('',#4509,#362);
#202=LINE('',#4512,#363);
#203=LINE('',#4514,#364);
#204=LINE('',#4516,#365);
#205=LINE('',#4541,#366);
#206=LINE('',#4543,#367);
#207=LINE('',#4544,#368);
#208=LINE('',#4572,#369);
#209=LINE('',#4573,#370);
#210=LINE('',#4575,#371);
#211=LINE('',#4578,#372);
#212=LINE('',#4589,#373);
#213=LINE('',#4590,#374);
#214=LINE('',#4593,#375);
#215=LINE('',#4604,#376);
#216=LINE('',#4608,#377);
#217=LINE('',#4612,#378);
#218=LINE('',#4617,#379);
#219=LINE('',#4625,#380);
#220=LINE('',#4633,#381);
#221=LINE('',#4643,#382);
#222=LINE('',#4647,#383);
#223=LINE('',#4658,#384);
#224=LINE('',#4659,#385);
#225=LINE('',#4662,#386);
#226=LINE('',#4666,#387);
#227=LINE('',#4667,#388);
#228=LINE('',#4670,#389);
#229=LINE('',#4674,#390);
#230=LINE('',#4676,#391);
#231=LINE('',#4677,#392);
#232=LINE('',#4730,#393);
#233=LINE('',#4745,#394);
#234=LINE('',#4800,#395);
#235=LINE('',#4801,#396);
#236=LINE('',#4811,#397);
#237=LINE('',#4819,#398);
#238=LINE('',#4828,#399);
#239=LINE('',#4829,#400);
#240=LINE('',#4831,#401);
#241=LINE('',#4833,#402);
#242=LINE('',#4835,#403);
#243=LINE('',#4838,#404);
#244=LINE('',#4842,#405);
#245=LINE('',#4845,#406);
#246=LINE('',#4847,#407);
#247=LINE('',#4848,#408);
#248=LINE('',#4850,#409);
#249=LINE('',#4852,#410);
#250=LINE('',#4855,#411);
#251=LINE('',#4857,#412);
#252=LINE('',#4860,#413);
#253=LINE('',#4863,#414);
#254=VECTOR('',#2708,10.);
#255=VECTOR('',#2709,10.);
#256=VECTOR('',#2710,10.);
#257=VECTOR('',#2711,10.);
#258=VECTOR('',#2714,10.);
#259=VECTOR('',#2715,10.);
#260=VECTOR('',#2718,10.);
#261=VECTOR('',#2719,10.);
#262=VECTOR('',#2720,10.);
#263=VECTOR('',#2721,10.);
#264=VECTOR('',#2724,10.);
#265=VECTOR('',#2725,10.);
#266=VECTOR('',#2728,10.);
#267=VECTOR('',#2729,10.);
#268=VECTOR('',#2732,10.);
#269=VECTOR('',#2735,10.);
#270=VECTOR('',#2738,10.);
#271=VECTOR('',#2741,10.);
#272=VECTOR('',#2760,10.);
#273=VECTOR('',#2765,10.);
#274=VECTOR('',#2766,10.);
#275=VECTOR('',#2777,10.);
#276=VECTOR('',#2778,10.);
#277=VECTOR('',#2779,10.);
#278=VECTOR('',#2780,10.);
#279=VECTOR('',#2781,10.);
#280=VECTOR('',#2782,10.);
#281=VECTOR('',#2783,10.);
#282=VECTOR('',#2786,10.);
#283=VECTOR('',#2787,10.);
#284=VECTOR('',#2790,10.);
#285=VECTOR('',#2791,10.);
#286=VECTOR('',#2792,10.);
#287=VECTOR('',#2793,10.);
#288=VECTOR('',#2796,10.);
#289=VECTOR('',#2803,10.);
#290=VECTOR('',#2806,10.);
#291=VECTOR('',#2809,10.);
#292=VECTOR('',#2812,10.);
#293=VECTOR('',#2821,10.);
#294=VECTOR('',#2834,10.);
#295=VECTOR('',#2835,10.);
#296=VECTOR('',#2848,10.);
#297=VECTOR('',#2849,10.);
#298=VECTOR('',#2860,10.);
#299=VECTOR('',#2871,10.);
#300=VECTOR('',#2878,10.);
#301=VECTOR('',#2879,10.);
#302=VECTOR('',#2882,10.);
#303=VECTOR('',#2885,10.);
#304=VECTOR('',#2888,10.);
#305=VECTOR('',#2893,10.);
#306=VECTOR('',#2902,10.);
#307=VECTOR('',#2913,10.);
#308=VECTOR('',#2926,10.);
#309=VECTOR('',#2929,10.);
#310=VECTOR('',#2932,10.);
#311=VECTOR('',#2935,10.);
#312=VECTOR('',#2936,10.);
#313=VECTOR('',#2939,10.);
#314=VECTOR('',#2944,10.);
#315=VECTOR('',#2945,10.);
#316=VECTOR('',#2954,10.);
#317=VECTOR('',#2965,10.);
#318=VECTOR('',#2972,10.);
#319=VECTOR('',#2975,10.);
#320=VECTOR('',#2986,10.);
#321=VECTOR('',#2987,10.);
#322=VECTOR('',#2990,10.);
#323=VECTOR('',#2993,10.);
#324=VECTOR('',#2996,10.);
#325=VECTOR('',#3007,10.);
#326=VECTOR('',#3010,10.);
#327=VECTOR('',#3021,10.);
#328=VECTOR('',#3022,10.);
#329=VECTOR('',#3025,10.);
#330=VECTOR('',#3028,10.);
#331=VECTOR('',#3033,10.);
#332=VECTOR('',#3048,10.);
#333=VECTOR('',#3049,10.);
#334=VECTOR('',#3058,10.);
#335=VECTOR('',#3059,10.);
#336=VECTOR('',#3064,10.);
#337=VECTOR('',#3079,10.);
#338=VECTOR('',#3080,10.);
#339=VECTOR('',#3089,10.);
#340=VECTOR('',#3092,10.);
#341=VECTOR('',#3095,10.);
#342=VECTOR('',#3100,10.);
#343=VECTOR('',#3109,10.);
#344=VECTOR('',#3112,10.);
#345=VECTOR('',#3113,10.);
#346=VECTOR('',#3114,10.);
#347=VECTOR('',#3117,10.);
#348=VECTOR('',#3118,10.);
#349=VECTOR('',#3119,10.);
#350=VECTOR('',#3120,10.);
#351=VECTOR('',#3125,10.);
#352=VECTOR('',#3126,10.);
#353=VECTOR('',#3127,10.);
#354=VECTOR('',#3128,10.);
#355=VECTOR('',#3131,10.);
#356=VECTOR('',#3134,10.);
#357=VECTOR('',#3137,10.);
#358=VECTOR('',#3144,10.);
#359=VECTOR('',#3151,10.);
#360=VECTOR('',#3154,10.);
#361=VECTOR('',#3157,10.);
#362=VECTOR('',#3160,10.);
#363=VECTOR('',#3163,10.);
#364=VECTOR('',#3164,10.);
#365=VECTOR('',#3165,10.);
#366=VECTOR('',#3168,10.);
#367=VECTOR('',#3169,10.);
#368=VECTOR('',#3170,10.);
#369=VECTOR('',#3175,10.);
#370=VECTOR('',#3176,10.);
#371=VECTOR('',#3179,10.);
#372=VECTOR('',#3182,10.);
#373=VECTOR('',#3187,10.);
#374=VECTOR('',#3188,10.);
#375=VECTOR('',#3191,10.);
#376=VECTOR('',#3196,10.);
#377=VECTOR('',#3199,10.);
#378=VECTOR('',#3202,10.);
#379=VECTOR('',#3209,10.);
#380=VECTOR('',#3220,10.);
#381=VECTOR('',#3231,10.);
#382=VECTOR('',#3238,10.);
#383=VECTOR('',#3243,10.);
#384=VECTOR('',#3248,10.);
#385=VECTOR('',#3249,10.);
#386=VECTOR('',#3252,10.);
#387=VECTOR('',#3257,30.);
#388=VECTOR('',#3258,10.);
#389=VECTOR('',#3261,30.);
#390=VECTOR('',#3266,10.);
#391=VECTOR('',#3267,10.);
#392=VECTOR('',#3268,10.);
#393=VECTOR('',#3285,10.);
#394=VECTOR('',#3296,10.);
#395=VECTOR('',#3335,10.);
#396=VECTOR('',#3336,10.);
#397=VECTOR('',#3351,10.);
#398=VECTOR('',#3362,10.);
#399=VECTOR('',#3369,30.);
#400=VECTOR('',#3370,30.);
#401=VECTOR('',#3373,10.);
#402=VECTOR('',#3376,10.);
#403=VECTOR('',#3379,10.);
#404=VECTOR('',#3384,2.);
#405=VECTOR('',#3389,2.);
#406=VECTOR('',#3392,10.);
#407=VECTOR('',#3393,10.);
#408=VECTOR('',#3394,10.);
#409=VECTOR('',#3397,10.);
#410=VECTOR('',#3400,10.);
#411=VECTOR('',#3405,10.);
#412=VECTOR('',#3408,10.);
#413=VECTOR('',#3413,10.);
#414=VECTOR('',#3418,10.);
#415=B_SPLINE_CURVE_WITH_KNOTS('',3,(#3589,#3590,#3591,#3592,#3593,#3594,
#3595,#3596,#3597,#3598),.UNSPECIFIED.,.F.,.F.,(4,2,2,2,4),(-0.378607659593123,
-0.229717205193466,-0.0419309518566284,0.,0.00298899103761744),
 .UNSPECIFIED.);
#416=B_SPLINE_CURVE_WITH_KNOTS('',3,(#3604,#3605,#3606,#3607,#3608,#3609,
#3610,#3611,#3612,#3613),.UNSPECIFIED.,.F.,.F.,(4,2,2,2,4),(-0.382037542698338,
-0.379045098217333,-0.337065699856296,-0.149062480596087,0.),
 .UNSPECIFIED.);
#417=B_SPLINE_CURVE_WITH_KNOTS('',3,(#3621,#3622,#3623,#3624,#3625,#3626),
 .UNSPECIFIED.,.F.,.F.,(4,2,4),(-0.350816889054419,0.,0.00233992225895914),
 .UNSPECIFIED.);
#418=B_SPLINE_CURVE_WITH_KNOTS('',3,(#3632,#3633,#3634,#3635,#3636,#3637,
#3638,#3639,#3640,#3641),.UNSPECIFIED.,.F.,.F.,(4,2,2,2,4),(-0.382046011454333,
-0.379704200066418,-0.266295456684648,-0.194637135395672,0.),
 .UNSPECIFIED.);
#419=B_SPLINE_CURVE_WITH_KNOTS('',3,(#3702,#3703,#3704,#3705,#3706,#3707),
 .UNSPECIFIED.,.F.,.F.,(4,2,4),(0.,0.029390704783226,0.0485065114238943),
 .UNSPECIFIED.);
#420=B_SPLINE_CURVE_WITH_KNOTS('',3,(#3711,#3712,#3713,#3714,#3715,#3716),
 .UNSPECIFIED.,.F.,.F.,(4,2,4),(0.126383060009628,0.145498866650295,0.174889571433522),
 .UNSPECIFIED.);
#421=B_SPLINE_CURVE_WITH_KNOTS('',3,(#3728,#3729,#3730,#3731,#3732,#3733,
#3734,#3735,#3736,#3737,#3738),.UNSPECIFIED.,.F.,.F.,(4,2,1,1,1,1,1,4),
(-0.000159183475385925,0.,0.0109761631904368,0.0219523263808737,0.0329284895713105,
0.038416571166529,0.0439046527617474,0.0548808159521842),.UNSPECIFIED.);
#422=B_SPLINE_CURVE_WITH_KNOTS('',3,(#3742,#3743,#3744,#3745,#3746,#3747,
#3748,#3749,#3750,#3751,#3752),.UNSPECIFIED.,.F.,.F.,(4,1,1,1,1,1,2,4),
(0.,0.0279176053999578,0.0837528161998735,0.0977116188998525,0.111670421599831,
0.12562922429981,0.139588026999789,0.139746503513427),.UNSPECIFIED.);
#423=B_SPLINE_CURVE_WITH_KNOTS('',3,(#3827,#3828,#3829,#3830,#3831,#3832,
#3833,#3834,#3835,#3836,#3837),.UNSPECIFIED.,.F.,.F.,(4,1,1,1,1,1,2,4),
(-0.0548808159521842,-0.0439046527617474,-0.038416571166529,-0.0329284895713105,
-0.0219523263808737,-0.0109761631904368,0.,0.000159183475385925),
 .UNSPECIFIED.);
#424=B_SPLINE_CURVE_WITH_KNOTS('',3,(#3980,#3981,#3982,#3983,#3984,#3985,
#3986,#3987,#3988,#3989,#3990),.UNSPECIFIED.,.F.,.F.,(4,2,1,1,1,1,1,4),
(-0.139746503513427,-0.139588026999789,-0.12562922429981,-0.111670421599831,
-0.0977116188998525,-0.0837528161998735,-0.0279176053999578,0.),
 .UNSPECIFIED.);
#425=B_SPLINE_CURVE_WITH_KNOTS('',3,(#4074,#4075,#4076,#4077,#4078,#4079,
#4080,#4081,#4082,#4083,#4084,#4085,#4086,#4087),.UNSPECIFIED.,.F.,.F.,
(4,2,2,2,2,2,4),(-0.0398402458829645,-0.0396097533967633,-0.0343592834703587,
-0.0291175517387962,-0.0192011354498682,-0.00953721122540803,0.),
 .UNSPECIFIED.);
#426=B_SPLINE_CURVE_WITH_KNOTS('',3,(#4090,#4091,#4092,#4093,#4094,#4095,
#4096,#4097,#4098,#4099,#4100,#4101,#4102,#4103),.UNSPECIFIED.,.F.,.F.,
(4,2,2,2,2,2,4),(-0.000230692775050146,0.,0.00525503237680077,0.0105013189656313,
0.0204263522275562,0.0300986740194102,0.0396441727036593),.UNSPECIFIED.);
#427=B_SPLINE_CURVE_WITH_KNOTS('',3,(#4110,#4111,#4112,#4113,#4114,#4115,
#4116,#4117,#4118,#4119,#4120,#4121,#4122,#4123),.UNSPECIFIED.,.F.,.F.,
(4,2,2,2,2,2,4),(-0.0398402458828971,-0.0396097533966882,-0.0343592834703148,
-0.0291175517387594,-0.0192011354498456,-0.00953721122540244,0.),
 .UNSPECIFIED.);
#428=B_SPLINE_CURVE_WITH_KNOTS('',3,(#4133,#4134,#4135,#4136,#4137,#4138,
#4139,#4140,#4141,#4142,#4143,#4144,#4145,#4146),.UNSPECIFIED.,.F.,.F.,
(4,2,2,2,2,2,4),(-0.000230692775030913,0.,0.00525503237658459,0.0105013189651762,
0.0204263522266602,0.0300986740180786,0.0396441727018411),.UNSPECIFIED.);
#429=B_SPLINE_CURVE_WITH_KNOTS('',3,(#4175,#4176,#4177,#4178,#4179,#4180,
#4181,#4182,#4183,#4184,#4185,#4186,#4187,#4188),.UNSPECIFIED.,.F.,.F.,
(4,2,2,2,2,2,4),(-0.000231593762344865,0.,0.00527792748274512,0.0105429883140799,
0.0204670236293446,0.0301366084310465,0.0396828259006975),.UNSPECIFIED.);
#430=B_SPLINE_CURVE_WITH_KNOTS('',3,(#4191,#4192,#4193,#4194,#4195,#4196,
#4197,#4198,#4199,#4200,#4201,#4202,#4203,#4204),.UNSPECIFIED.,.F.,.F.,
(4,2,2,2,2,2,4),(-0.0398762592188225,-0.0396448868732222,-0.0343720053878549,
-0.0291119782526662,-0.0191974308768436,-0.00953709074548951,0.),
 .UNSPECIFIED.);
#431=B_SPLINE_CURVE_WITH_KNOTS('',3,(#4216,#4217,#4218,#4219,#4220,#4221,
#4222,#4223,#4224,#4225,#4226,#4227,#4228,#4229),.UNSPECIFIED.,.F.,.F.,
(4,2,2,2,2,2,4),(-0.0398762592190918,-0.0396448868734894,-0.0343720053880871,
-0.0291119782528549,-0.0191974308769519,-0.00953709074551674,0.),
 .UNSPECIFIED.);
#432=B_SPLINE_CURVE_WITH_KNOTS('',3,(#4233,#4234,#4235,#4236,#4237,#4238,
#4239,#4240,#4241,#4242,#4243,#4244,#4245,#4246),.UNSPECIFIED.,.F.,.F.,
(4,2,2,2,2,2,4),(-0.000231593762345626,0.,0.00527792748273532,0.0105429883140619,
0.0204670236293202,0.0301366084310185,0.0396828259006598),.UNSPECIFIED.);
#433=B_SPLINE_CURVE_WITH_KNOTS('',3,(#4323,#4324,#4325,#4326,#4327,#4328,
#4329,#4330,#4331,#4332,#4333,#4334,#4335,#4336),.UNSPECIFIED.,.F.,.F.,
(4,2,2,2,2,2,4),(-0.000265441339263663,0.,0.00526548593462302,0.0105201558944272,
0.0204382091825707,0.0301035267737183,0.0396487989359284),.UNSPECIFIED.);
#434=B_SPLINE_CURVE_WITH_KNOTS('',3,(#4364,#4365,#4366,#4367,#4368,#4369,
#4370,#4371,#4372,#4373,#4374,#4375,#4376,#4377),.UNSPECIFIED.,.F.,.F.,
(4,2,2,2,2,2,4),(0.0396487989363885,0.0491940710987215,0.0588593886899974,
0.0687774419782844,0.074032111938173,0.0792975978728758,0.0795630392121383),
 .UNSPECIFIED.);
#435=B_SPLINE_CURVE_WITH_KNOTS('',3,(#4413,#4414,#4415,#4416,#4417,#4418,
#4419,#4420,#4421,#4422,#4423,#4424,#4425,#4426,#4427,#4428,#4429,#4430,
#4431,#4432,#4433,#4434),.UNSPECIFIED.,.F.,.F.,(4,2,2,2,2,2,2,2,2,2,4),
(7.23088263471204,7.23702950834372,7.24216453300245,7.24873638862358,7.26089925746438,
7.33188441202695,7.45347069796732,7.62263473015498,8.15108358393617,8.67953243771737,
9.44132156689717),.UNSPECIFIED.);
#436=B_SPLINE_CURVE_WITH_KNOTS('',3,(#4449,#4450,#4451,#4452,#4453,#4454,
#4455,#4456,#4457,#4458,#4459,#4460,#4461,#4462,#4463,#4464,#4465,#4466,
#4467,#4468,#4469,#4470),.UNSPECIFIED.,.F.,.F.,(4,2,2,2,2,2,2,2,2,2,4),
(4.15707366128601,4.91886279046546,5.4473116442465,5.97576049802754,6.14492453021514,
6.26651081615545,6.33749597071799,6.34965883955879,6.35623069517992,6.36136571983865,
6.36751259347033),.UNSPECIFIED.);
#437=B_SPLINE_CURVE_WITH_KNOTS('',3,(#4517,#4518,#4519,#4520,#4521,#4522,
#4523,#4524,#4525,#4526,#4527,#4528,#4529,#4530,#4531,#4532,#4533,#4534,
#4535,#4536,#4537,#4538),.UNSPECIFIED.,.F.,.F.,(4,2,2,2,2,2,2,2,2,2,4),
(7.23088263471171,7.23702950834338,7.24216453300212,7.24873638862324,7.26089925746405,
7.33188441202661,7.45347069796697,7.62263473015461,8.15108358393577,8.67953243771692,
9.44132156689652),.UNSPECIFIED.);
#438=B_SPLINE_CURVE_WITH_KNOTS('',3,(#4549,#4550,#4551,#4552,#4553,#4554,
#4555,#4556,#4557,#4558,#4559,#4560,#4561,#4562,#4563,#4564,#4565,#4566,
#4567,#4568,#4569,#4570),.UNSPECIFIED.,.F.,.F.,(4,2,2,2,2,2,2,2,2,2,4),
(4.15707366128611,4.91886279046595,5.44731164424712,5.97576049802828,6.14492453021594,
6.26651081615628,6.33749597071886,6.34965883955965,6.35623069518078,6.36136571983952,
6.36751259347119),.UNSPECIFIED.);
#439=B_SPLINE_CURVE_WITH_KNOTS('',3,(#4581,#4582,#4583,#4584,#4585,#4586),
 .UNSPECIFIED.,.F.,.F.,(4,1,1,4),(-1.19297967962959,-0.967461084693214,
-0.74194248975684,-0.403664597352278),.UNSPECIFIED.);
#440=B_SPLINE_CURVE_WITH_KNOTS('',3,(#4595,#4596,#4597,#4598,#4599,#4600),
 .UNSPECIFIED.,.F.,.F.,(4,1,1,4),(-0.789338189204558,-0.451050393831176,
-0.225525196915588,0.),.UNSPECIFIED.);
#441=B_SPLINE_CURVE_WITH_KNOTS('',3,(#4636,#4637,#4638,#4639),
 .UNSPECIFIED.,.F.,.F.,(4,4),(3.18559111040985,3.64460722501106),
 .UNSPECIFIED.);
#442=B_SPLINE_CURVE_WITH_KNOTS('',3,(#4650,#4651,#4652,#4653,#4654,#4655),
 .UNSPECIFIED.,.F.,.F.,(4,1,1,4),(0.403664597352278,0.74194248975684,0.967461084693214,
1.19297967962959),.UNSPECIFIED.);
#443=B_SPLINE_CURVE_WITH_KNOTS('',3,(#4678,#4679,#4680,#4681),
 .UNSPECIFIED.,.F.,.F.,(4,4),(0.,0.459016114601262),.UNSPECIFIED.);
#444=B_SPLINE_CURVE_WITH_KNOTS('',3,(#4717,#4718,#4719,#4720,#4721,#4722),
 .UNSPECIFIED.,.F.,.F.,(4,1,1,4),(0.,0.225525196915588,0.451050393831176,
0.789338189204558),.UNSPECIFIED.);
#445=B_SPLINE_CURVE_WITH_KNOTS('',3,(#4736,#4737,#4738,#4739,#4740,#4741,
#4742),.UNSPECIFIED.,.F.,.F.,(4,3,4),(-0.0335243662368157,0.,0.0335243662368164),
 .UNSPECIFIED.);
#446=B_SPLINE_CURVE_WITH_KNOTS('',3,(#4748,#4749,#4750,#4751),
 .UNSPECIFIED.,.F.,.F.,(4,4),(3.17733402474156,3.64460722501106),
 .UNSPECIFIED.);
#447=B_SPLINE_CURVE_WITH_KNOTS('',3,(#4823,#4824,#4825,#4826),
 .UNSPECIFIED.,.F.,.F.,(4,4),(0.,0.467273200269661),.UNSPECIFIED.);
#448=CYLINDRICAL_SURFACE('',#2403,8.5);
#449=CYLINDRICAL_SURFACE('',#2404,8.5);
#450=CYLINDRICAL_SURFACE('',#2405,8.5);
#451=CYLINDRICAL_SURFACE('',#2406,8.5);
#452=CYLINDRICAL_SURFACE('',#2411,2.5);
#453=CYLINDRICAL_SURFACE('',#2419,2.5);
#454=CYLINDRICAL_SURFACE('',#2430,2.5);
#455=CYLINDRICAL_SURFACE('',#2439,0.45);
#456=CYLINDRICAL_SURFACE('',#2445,0.45);
#457=CYLINDRICAL_SURFACE('',#2451,0.45);
#458=CYLINDRICAL_SURFACE('',#2456,0.45);
#459=CYLINDRICAL_SURFACE('',#2462,2.5);
#460=CYLINDRICAL_SURFACE('',#2469,2.5);
#461=CYLINDRICAL_SURFACE('',#2470,0.25);
#462=CYLINDRICAL_SURFACE('',#2474,0.25);
#463=CYLINDRICAL_SURFACE('',#2479,0.25);
#464=CYLINDRICAL_SURFACE('',#2485,0.25);
#465=CYLINDRICAL_SURFACE('',#2486,4.09999999999998);
#466=CYLINDRICAL_SURFACE('',#2489,1.99999999999998);
#467=CYLINDRICAL_SURFACE('',#2495,0.25);
#468=CYLINDRICAL_SURFACE('',#2500,0.25);
#469=CYLINDRICAL_SURFACE('',#2503,0.25);
#470=CYLINDRICAL_SURFACE('',#2509,0.25);
#471=CYLINDRICAL_SURFACE('',#2511,2.00000000000002);
#472=CYLINDRICAL_SURFACE('',#2513,4.09999999999998);
#473=CYLINDRICAL_SURFACE('',#2517,0.5);
#474=CYLINDRICAL_SURFACE('',#2523,0.5);
#475=CYLINDRICAL_SURFACE('',#2525,4.10000000000001);
#476=CYLINDRICAL_SURFACE('',#2527,0.5);
#477=CYLINDRICAL_SURFACE('',#2533,0.25);
#478=CYLINDRICAL_SURFACE('',#2540,4.09999999999998);
#479=CYLINDRICAL_SURFACE('',#2546,0.25);
#480=CYLINDRICAL_SURFACE('',#2551,0.25);
#481=CYLINDRICAL_SURFACE('',#2554,0.25);
#482=CYLINDRICAL_SURFACE('',#2559,0.25);
#483=CYLINDRICAL_SURFACE('',#2568,2.5);
#484=CYLINDRICAL_SURFACE('',#2580,2.5);
#485=CYLINDRICAL_SURFACE('',#2581,5.);
#486=CYLINDRICAL_SURFACE('',#2584,5.);
#487=CYLINDRICAL_SURFACE('',#2590,2.5);
#488=CYLINDRICAL_SURFACE('',#2595,2.5);
#489=CYLINDRICAL_SURFACE('',#2600,2.5);
#490=CYLINDRICAL_SURFACE('',#2606,15.);
#491=CYLINDRICAL_SURFACE('',#2609,12.5);
#492=CYLINDRICAL_SURFACE('',#2612,30.);
#493=CYLINDRICAL_SURFACE('',#2621,2.5);
#494=CYLINDRICAL_SURFACE('',#2626,2.5);
#495=CYLINDRICAL_SURFACE('',#2634,2.5);
#496=CYLINDRICAL_SURFACE('',#2638,2.5);
#497=CYLINDRICAL_SURFACE('',#2645,2.5);
#498=CYLINDRICAL_SURFACE('',#2646,2.00000000000002);
#499=CYLINDRICAL_SURFACE('',#2647,2.5);
#500=CYLINDRICAL_SURFACE('',#2652,2.5);
#501=CYLINDRICAL_SURFACE('',#2657,2.5);
#502=CYLINDRICAL_SURFACE('',#2661,30.);
#503=CYLINDRICAL_SURFACE('',#2663,12.5);
#504=CYLINDRICAL_SURFACE('',#2665,15.);
#505=CYLINDRICAL_SURFACE('',#2666,2.);
#506=CYLINDRICAL_SURFACE('',#2667,2.);
#507=CYLINDRICAL_SURFACE('',#2679,4.09999999999998);
#508=FACE_OUTER_BOUND('',#654,.T.);
#509=FACE_OUTER_BOUND('',#655,.T.);
#510=FACE_OUTER_BOUND('',#656,.T.);
#511=FACE_OUTER_BOUND('',#657,.T.);
#512=FACE_OUTER_BOUND('',#658,.T.);
#513=FACE_OUTER_BOUND('',#659,.T.);
#514=FACE_OUTER_BOUND('',#660,.T.);
#515=FACE_OUTER_BOUND('',#661,.T.);
#516=FACE_OUTER_BOUND('',#662,.T.);
#517=FACE_OUTER_BOUND('',#663,.T.);
#518=FACE_OUTER_BOUND('',#664,.T.);
#519=FACE_OUTER_BOUND('',#665,.T.);
#520=FACE_OUTER_BOUND('',#666,.T.);
#521=FACE_OUTER_BOUND('',#667,.T.);
#522=FACE_OUTER_BOUND('',#668,.T.);
#523=FACE_OUTER_BOUND('',#669,.T.);
#524=FACE_OUTER_BOUND('',#670,.T.);
#525=FACE_OUTER_BOUND('',#671,.T.);
#526=FACE_OUTER_BOUND('',#673,.T.);
#527=FACE_OUTER_BOUND('',#674,.T.);
#528=FACE_OUTER_BOUND('',#675,.T.);
#529=FACE_OUTER_BOUND('',#676,.T.);
#530=FACE_OUTER_BOUND('',#677,.T.);
#531=FACE_OUTER_BOUND('',#678,.T.);
#532=FACE_OUTER_BOUND('',#679,.T.);
#533=FACE_OUTER_BOUND('',#680,.T.);
#534=FACE_OUTER_BOUND('',#681,.T.);
#535=FACE_OUTER_BOUND('',#682,.T.);
#536=FACE_OUTER_BOUND('',#683,.T.);
#537=FACE_OUTER_BOUND('',#684,.T.);
#538=FACE_OUTER_BOUND('',#685,.T.);
#539=FACE_OUTER_BOUND('',#686,.T.);
#540=FACE_OUTER_BOUND('',#687,.T.);
#541=FACE_OUTER_BOUND('',#688,.T.);
#542=FACE_OUTER_BOUND('',#689,.T.);
#543=FACE_OUTER_BOUND('',#690,.T.);
#544=FACE_OUTER_BOUND('',#691,.T.);
#545=FACE_OUTER_BOUND('',#692,.T.);
#546=FACE_OUTER_BOUND('',#693,.T.);
#547=FACE_OUTER_BOUND('',#694,.T.);
#548=FACE_OUTER_BOUND('',#695,.T.);
#549=FACE_OUTER_BOUND('',#696,.T.);
#550=FACE_OUTER_BOUND('',#697,.T.);
#551=FACE_OUTER_BOUND('',#698,.T.);
#552=FACE_OUTER_BOUND('',#699,.T.);
#553=FACE_OUTER_BOUND('',#700,.T.);
#554=FACE_OUTER_BOUND('',#701,.T.);
#555=FACE_OUTER_BOUND('',#702,.T.);
#556=FACE_OUTER_BOUND('',#703,.T.);
#557=FACE_OUTER_BOUND('',#704,.T.);
#558=FACE_OUTER_BOUND('',#705,.T.);
#559=FACE_OUTER_BOUND('',#706,.T.);
#560=FACE_OUTER_BOUND('',#707,.T.);
#561=FACE_OUTER_BOUND('',#708,.T.);
#562=FACE_OUTER_BOUND('',#709,.T.);
#563=FACE_OUTER_BOUND('',#710,.T.);
#564=FACE_OUTER_BOUND('',#711,.T.);
#565=FACE_OUTER_BOUND('',#712,.T.);
#566=FACE_OUTER_BOUND('',#713,.T.);
#567=FACE_OUTER_BOUND('',#714,.T.);
#568=FACE_OUTER_BOUND('',#715,.T.);
#569=FACE_OUTER_BOUND('',#716,.T.);
#570=FACE_OUTER_BOUND('',#717,.T.);
#571=FACE_OUTER_BOUND('',#718,.T.);
#572=FACE_OUTER_BOUND('',#719,.T.);
#573=FACE_OUTER_BOUND('',#720,.T.);
#574=FACE_OUTER_BOUND('',#721,.T.);
#575=FACE_OUTER_BOUND('',#722,.T.);
#576=FACE_OUTER_BOUND('',#723,.T.);
#577=FACE_OUTER_BOUND('',#724,.T.);
#578=FACE_OUTER_BOUND('',#725,.T.);
#579=FACE_OUTER_BOUND('',#726,.T.);
#580=FACE_OUTER_BOUND('',#727,.T.);
#581=FACE_OUTER_BOUND('',#728,.T.);
#582=FACE_OUTER_BOUND('',#729,.T.);
#583=FACE_OUTER_BOUND('',#730,.T.);
#584=FACE_OUTER_BOUND('',#731,.T.);
#585=FACE_OUTER_BOUND('',#732,.T.);
#586=FACE_OUTER_BOUND('',#733,.T.);
#587=FACE_OUTER_BOUND('',#734,.T.);
#588=FACE_OUTER_BOUND('',#735,.T.);
#589=FACE_OUTER_BOUND('',#737,.T.);
#590=FACE_OUTER_BOUND('',#738,.T.);
#591=FACE_OUTER_BOUND('',#739,.T.);
#592=FACE_OUTER_BOUND('',#740,.T.);
#593=FACE_OUTER_BOUND('',#741,.T.);
#594=FACE_OUTER_BOUND('',#742,.T.);
#595=FACE_OUTER_BOUND('',#744,.T.);
#596=FACE_OUTER_BOUND('',#745,.T.);
#597=FACE_OUTER_BOUND('',#746,.T.);
#598=FACE_OUTER_BOUND('',#747,.T.);
#599=FACE_OUTER_BOUND('',#748,.T.);
#600=FACE_OUTER_BOUND('',#749,.T.);
#601=FACE_OUTER_BOUND('',#750,.T.);
#602=FACE_OUTER_BOUND('',#751,.T.);
#603=FACE_OUTER_BOUND('',#752,.T.);
#604=FACE_OUTER_BOUND('',#753,.T.);
#605=FACE_OUTER_BOUND('',#754,.T.);
#606=FACE_OUTER_BOUND('',#755,.T.);
#607=FACE_OUTER_BOUND('',#756,.T.);
#608=FACE_OUTER_BOUND('',#757,.T.);
#609=FACE_OUTER_BOUND('',#758,.T.);
#610=FACE_OUTER_BOUND('',#759,.T.);
#611=FACE_OUTER_BOUND('',#760,.T.);
#612=FACE_OUTER_BOUND('',#761,.T.);
#613=FACE_OUTER_BOUND('',#762,.T.);
#614=FACE_OUTER_BOUND('',#764,.T.);
#615=FACE_OUTER_BOUND('',#765,.T.);
#616=FACE_OUTER_BOUND('',#766,.T.);
#617=FACE_OUTER_BOUND('',#767,.T.);
#618=FACE_OUTER_BOUND('',#768,.T.);
#619=FACE_OUTER_BOUND('',#769,.T.);
#620=FACE_OUTER_BOUND('',#770,.T.);
#621=FACE_OUTER_BOUND('',#771,.T.);
#622=FACE_OUTER_BOUND('',#772,.T.);
#623=FACE_OUTER_BOUND('',#773,.T.);
#624=FACE_OUTER_BOUND('',#774,.T.);
#625=FACE_OUTER_BOUND('',#775,.T.);
#626=FACE_OUTER_BOUND('',#776,.T.);
#627=FACE_OUTER_BOUND('',#777,.T.);
#628=FACE_OUTER_BOUND('',#778,.T.);
#629=FACE_OUTER_BOUND('',#779,.T.);
#630=FACE_OUTER_BOUND('',#780,.T.);
#631=FACE_OUTER_BOUND('',#781,.T.);
#632=FACE_OUTER_BOUND('',#782,.T.);
#633=FACE_OUTER_BOUND('',#783,.T.);
#634=FACE_OUTER_BOUND('',#784,.T.);
#635=FACE_OUTER_BOUND('',#785,.T.);
#636=FACE_OUTER_BOUND('',#786,.T.);
#637=FACE_OUTER_BOUND('',#787,.T.);
#638=FACE_OUTER_BOUND('',#788,.T.);
#639=FACE_OUTER_BOUND('',#789,.T.);
#640=FACE_OUTER_BOUND('',#790,.T.);
#641=FACE_OUTER_BOUND('',#791,.T.);
#642=FACE_OUTER_BOUND('',#792,.T.);
#643=FACE_OUTER_BOUND('',#793,.T.);
#644=FACE_OUTER_BOUND('',#795,.T.);
#645=FACE_OUTER_BOUND('',#796,.T.);
#646=FACE_OUTER_BOUND('',#797,.T.);
#647=FACE_OUTER_BOUND('',#798,.T.);
#648=FACE_OUTER_BOUND('',#799,.T.);
#649=FACE_OUTER_BOUND('',#800,.T.);
#650=FACE_OUTER_BOUND('',#801,.T.);
#651=FACE_OUTER_BOUND('',#802,.T.);
#652=FACE_OUTER_BOUND('',#803,.T.);
#653=FACE_OUTER_BOUND('',#804,.T.);
#654=EDGE_LOOP('',(#1518,#1519,#1520));
#655=EDGE_LOOP('',(#1521,#1522,#1523));
#656=EDGE_LOOP('',(#1524,#1525,#1526));
#657=EDGE_LOOP('',(#1527,#1528,#1529));
#658=EDGE_LOOP('',(#1530,#1531,#1532,#1533,#1534,#1535,#1536,#1537));
#659=EDGE_LOOP('',(#1538,#1539,#1540,#1541));
#660=EDGE_LOOP('',(#1542,#1543,#1544,#1545,#1546,#1547,#1548,#1549));
#661=EDGE_LOOP('',(#1550,#1551,#1552,#1553));
#662=EDGE_LOOP('',(#1554,#1555,#1556,#1557,#1558,#1559,#1560,#1561,#1562));
#663=EDGE_LOOP('',(#1563,#1564,#1565,#1566,#1567));
#664=EDGE_LOOP('',(#1568,#1569,#1570,#1571,#1572));
#665=EDGE_LOOP('',(#1573,#1574,#1575,#1576));
#666=EDGE_LOOP('',(#1577,#1578,#1579,#1580));
#667=EDGE_LOOP('',(#1581,#1582,#1583,#1584,#1585));
#668=EDGE_LOOP('',(#1586,#1587,#1588,#1589,#1590,#1591,#1592,#1593,#1594,
#1595,#1596));
#669=EDGE_LOOP('',(#1597,#1598,#1599,#1600,#1601,#1602,#1603,#1604,#1605,
#1606,#1607,#1608));
#670=EDGE_LOOP('',(#1609,#1610,#1611,#1612,#1613));
#671=EDGE_LOOP('',(#1614,#1615,#1616,#1617));
#672=EDGE_LOOP('',(#1618,#1619,#1620,#1621,#1622,#1623,#1624,#1625));
#673=EDGE_LOOP('',(#1626,#1627,#1628));
#674=EDGE_LOOP('',(#1629,#1630,#1631,#1632));
#675=EDGE_LOOP('',(#1633,#1634,#1635,#1636));
#676=EDGE_LOOP('',(#1637,#1638,#1639,#1640));
#677=EDGE_LOOP('',(#1641,#1642,#1643,#1644));
#678=EDGE_LOOP('',(#1645,#1646,#1647,#1648));
#679=EDGE_LOOP('',(#1649,#1650,#1651,#1652));
#680=EDGE_LOOP('',(#1653,#1654,#1655,#1656));
#681=EDGE_LOOP('',(#1657,#1658,#1659));
#682=EDGE_LOOP('',(#1660,#1661,#1662,#1663));
#683=EDGE_LOOP('',(#1664,#1665,#1666,#1667));
#684=EDGE_LOOP('',(#1668,#1669,#1670,#1671,#1672));
#685=EDGE_LOOP('',(#1673,#1674,#1675,#1676,#1677,#1678,#1679,#1680,#1681,
#1682,#1683,#1684));
#686=EDGE_LOOP('',(#1685,#1686,#1687,#1688));
#687=EDGE_LOOP('',(#1689,#1690,#1691,#1692));
#688=EDGE_LOOP('',(#1693,#1694,#1695,#1696));
#689=EDGE_LOOP('',(#1697,#1698,#1699,#1700));
#690=EDGE_LOOP('',(#1701,#1702,#1703,#1704));
#691=EDGE_LOOP('',(#1705,#1706,#1707,#1708));
#692=EDGE_LOOP('',(#1709,#1710,#1711,#1712));
#693=EDGE_LOOP('',(#1713,#1714,#1715,#1716));
#694=EDGE_LOOP('',(#1717,#1718,#1719,#1720));
#695=EDGE_LOOP('',(#1721,#1722,#1723,#1724));
#696=EDGE_LOOP('',(#1725,#1726,#1727,#1728));
#697=EDGE_LOOP('',(#1729,#1730,#1731,#1732));
#698=EDGE_LOOP('',(#1733,#1734,#1735,#1736));
#699=EDGE_LOOP('',(#1737,#1738,#1739,#1740));
#700=EDGE_LOOP('',(#1741,#1742,#1743,#1744));
#701=EDGE_LOOP('',(#1745,#1746,#1747,#1748));
#702=EDGE_LOOP('',(#1749,#1750,#1751,#1752));
#703=EDGE_LOOP('',(#1753,#1754,#1755,#1756));
#704=EDGE_LOOP('',(#1757,#1758,#1759,#1760));
#705=EDGE_LOOP('',(#1761,#1762,#1763,#1764));
#706=EDGE_LOOP('',(#1765,#1766,#1767,#1768));
#707=EDGE_LOOP('',(#1769,#1770,#1771,#1772));
#708=EDGE_LOOP('',(#1773,#1774,#1775,#1776));
#709=EDGE_LOOP('',(#1777,#1778,#1779,#1780));
#710=EDGE_LOOP('',(#1781,#1782,#1783,#1784));
#711=EDGE_LOOP('',(#1785,#1786,#1787,#1788,#1789,#1790,#1791,#1792));
#712=EDGE_LOOP('',(#1793,#1794,#1795));
#713=EDGE_LOOP('',(#1796,#1797,#1798,#1799,#1800));
#714=EDGE_LOOP('',(#1801,#1802,#1803,#1804));
#715=EDGE_LOOP('',(#1805,#1806,#1807,#1808));
#716=EDGE_LOOP('',(#1809,#1810,#1811,#1812,#1813,#1814));
#717=EDGE_LOOP('',(#1815,#1816,#1817,#1818));
#718=EDGE_LOOP('',(#1819,#1820,#1821,#1822,#1823));
#719=EDGE_LOOP('',(#1824,#1825,#1826,#1827));
#720=EDGE_LOOP('',(#1828,#1829,#1830,#1831));
#721=EDGE_LOOP('',(#1832,#1833,#1834,#1835));
#722=EDGE_LOOP('',(#1836,#1837,#1838,#1839));
#723=EDGE_LOOP('',(#1840,#1841,#1842,#1843));
#724=EDGE_LOOP('',(#1844,#1845,#1846,#1847,#1848,#1849));
#725=EDGE_LOOP('',(#1850,#1851,#1852,#1853));
#726=EDGE_LOOP('',(#1854,#1855,#1856,#1857));
#727=EDGE_LOOP('',(#1858,#1859,#1860,#1861));
#728=EDGE_LOOP('',(#1862,#1863,#1864,#1865));
#729=EDGE_LOOP('',(#1866,#1867,#1868,#1869));
#730=EDGE_LOOP('',(#1870,#1871,#1872,#1873,#1874,#1875,#1876,#1877));
#731=EDGE_LOOP('',(#1878,#1879,#1880,#1881));
#732=EDGE_LOOP('',(#1882,#1883,#1884,#1885));
#733=EDGE_LOOP('',(#1886,#1887,#1888,#1889));
#734=EDGE_LOOP('',(#1890,#1891,#1892,#1893,#1894,#1895));
#735=EDGE_LOOP('',(#1896,#1897,#1898,#1899,#1900,#1901,#1902,#1903));
#736=EDGE_LOOP('',(#1904));
#737=EDGE_LOOP('',(#1905,#1906,#1907,#1908,#1909,#1910));
#738=EDGE_LOOP('',(#1911,#1912,#1913,#1914,#1915,#1916,#1917,#1918,#1919));
#739=EDGE_LOOP('',(#1920,#1921,#1922,#1923,#1924));
#740=EDGE_LOOP('',(#1925,#1926,#1927,#1928,#1929,#1930,#1931,#1932));
#741=EDGE_LOOP('',(#1933,#1934,#1935,#1936,#1937,#1938));
#742=EDGE_LOOP('',(#1939,#1940,#1941,#1942,#1943,#1944,#1945,#1946));
#743=EDGE_LOOP('',(#1947));
#744=EDGE_LOOP('',(#1948,#1949,#1950,#1951,#1952,#1953));
#745=EDGE_LOOP('',(#1954,#1955,#1956,#1957));
#746=EDGE_LOOP('',(#1958,#1959,#1960,#1961,#1962));
#747=EDGE_LOOP('',(#1963,#1964,#1965,#1966));
#748=EDGE_LOOP('',(#1967,#1968,#1969,#1970,#1971));
#749=EDGE_LOOP('',(#1972,#1973,#1974,#1975,#1976,#1977,#1978,#1979,#1980,
#1981));
#750=EDGE_LOOP('',(#1982,#1983,#1984,#1985));
#751=EDGE_LOOP('',(#1986,#1987,#1988,#1989));
#752=EDGE_LOOP('',(#1990,#1991,#1992,#1993));
#753=EDGE_LOOP('',(#1994,#1995,#1996,#1997));
#754=EDGE_LOOP('',(#1998,#1999,#2000,#2001));
#755=EDGE_LOOP('',(#2002,#2003,#2004,#2005,#2006));
#756=EDGE_LOOP('',(#2007,#2008,#2009,#2010));
#757=EDGE_LOOP('',(#2011,#2012,#2013,#2014,#2015));
#758=EDGE_LOOP('',(#2016,#2017,#2018,#2019));
#759=EDGE_LOOP('',(#2020,#2021,#2022,#2023));
#760=EDGE_LOOP('',(#2024,#2025,#2026,#2027));
#761=EDGE_LOOP('',(#2028,#2029,#2030,#2031));
#762=EDGE_LOOP('',(#2032,#2033,#2034,#2035,#2036,#2037,#2038,#2039));
#763=EDGE_LOOP('',(#2040));
#764=EDGE_LOOP('',(#2041,#2042,#2043,#2044));
#765=EDGE_LOOP('',(#2045,#2046,#2047,#2048));
#766=EDGE_LOOP('',(#2049,#2050,#2051,#2052));
#767=EDGE_LOOP('',(#2053,#2054,#2055,#2056));
#768=EDGE_LOOP('',(#2057,#2058,#2059,#2060,#2061,#2062));
#769=EDGE_LOOP('',(#2063,#2064,#2065,#2066,#2067));
#770=EDGE_LOOP('',(#2068,#2069,#2070,#2071,#2072));
#771=EDGE_LOOP('',(#2073,#2074,#2075,#2076,#2077));
#772=EDGE_LOOP('',(#2078,#2079,#2080,#2081));
#773=EDGE_LOOP('',(#2082,#2083,#2084,#2085));
#774=EDGE_LOOP('',(#2086,#2087,#2088,#2089));
#775=EDGE_LOOP('',(#2090,#2091,#2092,#2093));
#776=EDGE_LOOP('',(#2094,#2095,#2096,#2097));
#777=EDGE_LOOP('',(#2098,#2099,#2100,#2101,#2102));
#778=EDGE_LOOP('',(#2103,#2104,#2105,#2106));
#779=EDGE_LOOP('',(#2107,#2108,#2109,#2110,#2111,#2112));
#780=EDGE_LOOP('',(#2113,#2114,#2115,#2116));
#781=EDGE_LOOP('',(#2117,#2118,#2119,#2120));
#782=EDGE_LOOP('',(#2121,#2122,#2123,#2124));
#783=EDGE_LOOP('',(#2125,#2126,#2127,#2128));
#784=EDGE_LOOP('',(#2129,#2130,#2131,#2132));
#785=EDGE_LOOP('',(#2133,#2134,#2135,#2136,#2137));
#786=EDGE_LOOP('',(#2138,#2139,#2140,#2141));
#787=EDGE_LOOP('',(#2142,#2143,#2144,#2145));
#788=EDGE_LOOP('',(#2146,#2147,#2148,#2149));
#789=EDGE_LOOP('',(#2150,#2151,#2152,#2153));
#790=EDGE_LOOP('',(#2154,#2155,#2156,#2157,#2158));
#791=EDGE_LOOP('',(#2159,#2160,#2161,#2162));
#792=EDGE_LOOP('',(#2163,#2164,#2165,#2166));
#793=EDGE_LOOP('',(#2167,#2168,#2169,#2170,#2171,#2172,#2173,#2174));
#794=EDGE_LOOP('',(#2175));
#795=EDGE_LOOP('',(#2176,#2177,#2178,#2179));
#796=EDGE_LOOP('',(#2180,#2181,#2182,#2183));
#797=EDGE_LOOP('',(#2184,#2185,#2186,#2187));
#798=EDGE_LOOP('',(#2188,#2189,#2190,#2191));
#799=EDGE_LOOP('',(#2192,#2193,#2194,#2195));
#800=EDGE_LOOP('',(#2196,#2197,#2198,#2199));
#801=EDGE_LOOP('',(#2200,#2201,#2202,#2203));
#802=EDGE_LOOP('',(#2204,#2205,#2206,#2207));
#803=EDGE_LOOP('',(#2208,#2209,#2210,#2211,#2212,#2213));
#804=EDGE_LOOP('',(#2214,#2215,#2216,#2217));
#805=ELLIPSE('',#2392,10.4043260233424,8.5);
#806=ELLIPSE('',#2393,10.4043260233424,8.5);
#807=ELLIPSE('',#2395,10.4043260233424,8.5);
#808=ELLIPSE('',#2396,10.4043260233424,8.5);
#809=ELLIPSE('',#2398,10.4043260233424,8.5);
#810=ELLIPSE('',#2399,10.4043260233424,8.5);
#811=ELLIPSE('',#2401,10.4043260233424,8.5);
#812=ELLIPSE('',#2402,10.4043260233424,8.5);
#813=ELLIPSE('',#2412,47.7683065232435,2.5);
#814=ELLIPSE('',#2413,47.7683065232442,2.5);
#815=ELLIPSE('',#2429,0.957134334185906,0.95);
#816=ELLIPSE('',#2431,47.7683065232456,2.5);
#817=ELLIPSE('',#2432,47.7683065232435,2.5);
#818=ELLIPSE('',#2443,2.06539514219064,2.05);
#819=ELLIPSE('',#2444,2.51263946744946,2.5);
#820=ELLIPSE('',#2454,2.06539514219064,2.05);
#821=ELLIPSE('',#2455,2.51263946744946,2.5);
#822=ELLIPSE('',#2458,0.51342587943879,0.499999999999998);
#823=ELLIPSE('',#2459,0.514855366482779,0.499999999999998);
#824=ELLIPSE('',#2461,1.00750982545885,1.);
#825=ELLIPSE('',#2463,47.768306523249,2.5);
#826=ELLIPSE('',#2464,47.7683065232434,2.5);
#827=ELLIPSE('',#2516,0.514855366482779,0.499999999999998);
#828=ELLIPSE('',#2562,2.01101655912703,2.);
#829=ELLIPSE('',#2569,47.7683065232376,2.5);
#830=ELLIPSE('',#2571,47.7683065232435,2.5);
#831=ELLIPSE('',#2578,2.01101655912703,2.);
#832=CIRCLE('',#2391,2.5);
#833=CIRCLE('',#2394,2.5);
#834=CIRCLE('',#2397,2.5);
#835=CIRCLE('',#2400,2.5);
#836=CIRCLE('',#2408,32.5);
#837=CIRCLE('',#2409,10.);
#838=CIRCLE('',#2410,17.5);
#839=CIRCLE('',#2415,2.5);
#840=CIRCLE('',#2416,5.);
#841=CIRCLE('',#2417,2.5);
#842=CIRCLE('',#2418,7.5);
#843=CIRCLE('',#2420,2.5);
#844=CIRCLE('',#2422,7.5);
#845=CIRCLE('',#2424,7.5);
#846=CIRCLE('',#2425,2.5);
#847=CIRCLE('',#2426,5.);
#848=CIRCLE('',#2434,2.24999999999998);
#849=CIRCLE('',#2435,4.34999999999998);
#850=CIRCLE('',#2436,2.25000000000002);
#851=CIRCLE('',#2437,4.34999999999998);
#852=CIRCLE('',#2438,0.450000000000004);
#853=CIRCLE('',#2440,0.449999999999999);
#854=CIRCLE('',#2441,0.450000000000004);
#855=CIRCLE('',#2442,0.449999999999999);
#856=CIRCLE('',#2446,0.449999999999995);
#857=CIRCLE('',#2448,0.44999999999995);
#858=CIRCLE('',#2449,4.10000000000001);
#859=CIRCLE('',#2450,4.55000000000001);
#860=CIRCLE('',#2452,0.450000000000004);
#861=CIRCLE('',#2453,0.449999999999999);
#862=CIRCLE('',#2457,0.449999999999999);
#863=CIRCLE('',#2460,0.499999999999995);
#864=CIRCLE('',#2466,17.5);
#865=CIRCLE('',#2467,10.);
#866=CIRCLE('',#2468,32.5);
#867=CIRCLE('',#2471,0.249999999999948);
#868=CIRCLE('',#2473,4.09999999999998);
#869=CIRCLE('',#2475,0.249999999999999);
#870=CIRCLE('',#2477,0.25);
#871=CIRCLE('',#2478,1.99999999999998);
#872=CIRCLE('',#2481,4.09999999999998);
#873=CIRCLE('',#2483,0.25);
#874=CIRCLE('',#2484,2.00000000000002);
#875=CIRCLE('',#2487,4.09999999999998);
#876=CIRCLE('',#2490,1.99999999999998);
#877=CIRCLE('',#2493,3.84999999999998);
#878=CIRCLE('',#2494,4.09999999999998);
#879=CIRCLE('',#2496,0.25);
#880=CIRCLE('',#2498,0.25);
#881=CIRCLE('',#2499,1.74999999999998);
#882=CIRCLE('',#2502,3.84999999999998);
#883=CIRCLE('',#2504,0.25);
#884=CIRCLE('',#2506,0.25);
#885=CIRCLE('',#2507,2.00000000000002);
#886=CIRCLE('',#2508,1.75000000000002);
#887=CIRCLE('',#2515,0.499999999999996);
#888=CIRCLE('',#2518,0.499999999999987);
#889=CIRCLE('',#2520,0.499999999999996);
#890=CIRCLE('',#2521,3.60000000000001);
#891=CIRCLE('',#2522,4.10000000000001);
#892=CIRCLE('',#2530,0.250000000000004);
#893=CIRCLE('',#2531,3.84999999999998);
#894=CIRCLE('',#2532,4.09999999999998);
#895=CIRCLE('',#2534,0.250000000000012);
#896=CIRCLE('',#2536,0.25);
#897=CIRCLE('',#2537,0.5);
#898=CIRCLE('',#2539,2.5);
#899=CIRCLE('',#2541,4.09999999999998);
#900=CIRCLE('',#2543,0.249999999999999);
#901=CIRCLE('',#2544,4.09999999999998);
#902=CIRCLE('',#2545,3.84999999999998);
#903=CIRCLE('',#2547,0.249999999999999);
#904=CIRCLE('',#2549,0.5);
#905=CIRCLE('',#2550,0.25);
#906=CIRCLE('',#2553,1.75000000000002);
#907=CIRCLE('',#2555,0.249999999999999);
#908=CIRCLE('',#2557,0.249999999999999);
#909=CIRCLE('',#2558,2.00000000000002);
#910=CIRCLE('',#2565,17.5);
#911=CIRCLE('',#2566,10.);
#912=CIRCLE('',#2567,32.5);
#913=CIRCLE('',#2570,2.5);
#914=CIRCLE('',#2573,32.5);
#915=CIRCLE('',#2574,2.00000000000002);
#916=CIRCLE('',#2575,4.09999999999998);
#917=CIRCLE('',#2582,5.);
#918=CIRCLE('',#2585,5.);
#919=CIRCLE('',#2587,2.00000000000002);
#920=CIRCLE('',#2588,10.);
#921=CIRCLE('',#2589,17.5);
#922=CIRCLE('',#2591,2.5);
#923=CIRCLE('',#2593,2.50000000000036);
#924=CIRCLE('',#2594,15.);
#925=CIRCLE('',#2596,2.5);
#926=CIRCLE('',#2598,2.50000000000019);
#927=CIRCLE('',#2599,12.5);
#928=CIRCLE('',#2601,2.5);
#929=CIRCLE('',#2603,30.);
#930=CIRCLE('',#2605,7.5);
#931=CIRCLE('',#2607,15.);
#932=CIRCLE('',#2610,12.5);
#933=CIRCLE('',#2613,30.);
#934=CIRCLE('',#2615,2.);
#935=CIRCLE('',#2616,2.5);
#936=CIRCLE('',#2617,2.5);
#937=CIRCLE('',#2619,2.49999999999993);
#938=CIRCLE('',#2620,15.);
#939=CIRCLE('',#2622,2.5);
#940=CIRCLE('',#2624,2.49999999999996);
#941=CIRCLE('',#2625,12.5);
#942=CIRCLE('',#2627,2.5);
#943=CIRCLE('',#2629,30.);
#944=CIRCLE('',#2631,2.5);
#945=CIRCLE('',#2633,2.49999999999991);
#946=CIRCLE('',#2635,2.5);
#947=CIRCLE('',#2637,2.49999999999997);
#948=CIRCLE('',#2639,2.5);
#949=CIRCLE('',#2641,2.5);
#950=CIRCLE('',#2642,2.5);
#951=CIRCLE('',#2644,2.5);
#952=CIRCLE('',#2648,2.5);
#953=CIRCLE('',#2650,2.5);
#954=CIRCLE('',#2651,15.);
#955=CIRCLE('',#2653,2.50000000000004);
#956=CIRCLE('',#2655,2.5);
#957=CIRCLE('',#2656,12.5);
#958=CIRCLE('',#2658,2.49999999999999);
#959=CIRCLE('',#2660,30.);
#960=CIRCLE('',#2668,2.);
#961=VERTEX_POINT('',#3457);
#962=VERTEX_POINT('',#3458);
#963=VERTEX_POINT('',#3460);
#964=VERTEX_POINT('',#3498);
#965=VERTEX_POINT('',#3499);
#966=VERTEX_POINT('',#3501);
#967=VERTEX_POINT('',#3539);
#968=VERTEX_POINT('',#3540);
#969=VERTEX_POINT('',#3542);
#970=VERTEX_POINT('',#3580);
#971=VERTEX_POINT('',#3581);
#972=VERTEX_POINT('',#3583);
#973=VERTEX_POINT('',#3587);
#974=VERTEX_POINT('',#3588);
#975=VERTEX_POINT('',#3601);
#976=VERTEX_POINT('',#3603);
#977=VERTEX_POINT('',#3619);
#978=VERTEX_POINT('',#3620);
#979=VERTEX_POINT('',#3629);
#980=VERTEX_POINT('',#3631);
#981=VERTEX_POINT('',#3647);
#982=VERTEX_POINT('',#3649);
#983=VERTEX_POINT('',#3651);
#984=VERTEX_POINT('',#3653);
#985=VERTEX_POINT('',#3655);
#986=VERTEX_POINT('',#3657);
#987=VERTEX_POINT('',#3659);
#988=VERTEX_POINT('',#3663);
#989=VERTEX_POINT('',#3665);
#990=VERTEX_POINT('',#3669);
#991=VERTEX_POINT('',#3671);
#992=VERTEX_POINT('',#3673);
#993=VERTEX_POINT('',#3677);
#994=VERTEX_POINT('',#3681);
#995=VERTEX_POINT('',#3683);
#996=VERTEX_POINT('',#3687);
#997=VERTEX_POINT('',#3689);
#998=VERTEX_POINT('',#3693);
#999=VERTEX_POINT('',#3695);
#1000=VERTEX_POINT('',#3697);
#1001=VERTEX_POINT('',#3699);
#1002=VERTEX_POINT('',#3701);
#1003=VERTEX_POINT('',#3708);
#1004=VERTEX_POINT('',#3710);
#1005=VERTEX_POINT('',#3717);
#1006=VERTEX_POINT('',#3721);
#1007=VERTEX_POINT('',#3723);
#1008=VERTEX_POINT('',#3725);
#1009=VERTEX_POINT('',#3727);
#1010=VERTEX_POINT('',#3739);
#1011=VERTEX_POINT('',#3741);
#1012=VERTEX_POINT('',#3753);
#1013=VERTEX_POINT('',#3755);
#1014=VERTEX_POINT('',#3759);
#1015=VERTEX_POINT('',#3761);
#1016=VERTEX_POINT('',#3765);
#1017=VERTEX_POINT('',#3766);
#1018=VERTEX_POINT('',#3768);
#1019=VERTEX_POINT('',#3770);
#1020=VERTEX_POINT('',#3772);
#1021=VERTEX_POINT('',#3774);
#1022=VERTEX_POINT('',#3776);
#1023=VERTEX_POINT('',#3778);
#1024=VERTEX_POINT('',#3825);
#1025=VERTEX_POINT('',#3839);
#1026=VERTEX_POINT('',#3841);
#1027=VERTEX_POINT('',#3869);
#1028=VERTEX_POINT('',#3870);
#1029=VERTEX_POINT('',#3875);
#1030=VERTEX_POINT('',#3876);
#1031=VERTEX_POINT('',#3881);
#1032=VERTEX_POINT('',#3882);
#1033=VERTEX_POINT('',#3887);
#1034=VERTEX_POINT('',#3888);
#1035=VERTEX_POINT('',#3917);
#1036=VERTEX_POINT('',#3922);
#1037=VERTEX_POINT('',#4042);
#1038=VERTEX_POINT('',#4044);
#1039=VERTEX_POINT('',#4048);
#1040=VERTEX_POINT('',#4050);
#1041=VERTEX_POINT('',#4055);
#1042=VERTEX_POINT('',#4057);
#1043=VERTEX_POINT('',#4059);
#1044=VERTEX_POINT('',#4061);
#1045=VERTEX_POINT('',#4063);
#1046=VERTEX_POINT('',#4065);
#1047=VERTEX_POINT('',#4070);
#1048=VERTEX_POINT('',#4071);
#1049=VERTEX_POINT('',#4089);
#1050=VERTEX_POINT('',#4106);
#1051=VERTEX_POINT('',#4107);
#1052=VERTEX_POINT('',#4125);
#1053=VERTEX_POINT('',#4131);
#1054=VERTEX_POINT('',#4148);
#1055=VERTEX_POINT('',#4154);
#1056=VERTEX_POINT('',#4156);
#1057=VERTEX_POINT('',#4160);
#1058=VERTEX_POINT('',#4164);
#1059=VERTEX_POINT('',#4168);
#1060=VERTEX_POINT('',#4172);
#1061=VERTEX_POINT('',#4173);
#1062=VERTEX_POINT('',#4189);
#1063=VERTEX_POINT('',#4206);
#1064=VERTEX_POINT('',#4210);
#1065=VERTEX_POINT('',#4214);
#1066=VERTEX_POINT('',#4231);
#1067=VERTEX_POINT('',#4248);
#1068=VERTEX_POINT('',#4250);
#1069=VERTEX_POINT('',#4254);
#1070=VERTEX_POINT('',#4255);
#1071=VERTEX_POINT('',#4290);
#1072=VERTEX_POINT('',#4294);
#1073=VERTEX_POINT('',#4296);
#1074=VERTEX_POINT('',#4300);
#1075=VERTEX_POINT('',#4301);
#1076=VERTEX_POINT('',#4317);
#1077=VERTEX_POINT('',#4318);
#1078=VERTEX_POINT('',#4320);
#1079=VERTEX_POINT('',#4322);
#1080=VERTEX_POINT('',#4339);
#1081=VERTEX_POINT('',#4340);
#1082=VERTEX_POINT('',#4348);
#1083=VERTEX_POINT('',#4350);
#1084=VERTEX_POINT('',#4354);
#1085=VERTEX_POINT('',#4358);
#1086=VERTEX_POINT('',#4359);
#1087=VERTEX_POINT('',#4361);
#1088=VERTEX_POINT('',#4363);
#1089=VERTEX_POINT('',#4380);
#1090=VERTEX_POINT('',#4381);
#1091=VERTEX_POINT('',#4391);
#1092=VERTEX_POINT('',#4393);
#1093=VERTEX_POINT('',#4397);
#1094=VERTEX_POINT('',#4401);
#1095=VERTEX_POINT('',#4407);
#1096=VERTEX_POINT('',#4409);
#1097=VERTEX_POINT('',#4411);
#1098=VERTEX_POINT('',#4436);
#1099=VERTEX_POINT('',#4438);
#1100=VERTEX_POINT('',#4440);
#1101=VERTEX_POINT('',#4443);
#1102=VERTEX_POINT('',#4446);
#1103=VERTEX_POINT('',#4448);
#1104=VERTEX_POINT('',#4471);
#1105=VERTEX_POINT('',#4473);
#1106=VERTEX_POINT('',#4477);
#1107=VERTEX_POINT('',#4479);
#1108=VERTEX_POINT('',#4481);
#1109=VERTEX_POINT('',#4483);
#1110=VERTEX_POINT('',#4485);
#1111=VERTEX_POINT('',#4489);
#1112=VERTEX_POINT('',#4490);
#1113=VERTEX_POINT('',#4492);
#1114=VERTEX_POINT('',#4497);
#1115=VERTEX_POINT('',#4499);
#1116=VERTEX_POINT('',#4501);
#1117=VERTEX_POINT('',#4503);
#1118=VERTEX_POINT('',#4505);
#1119=VERTEX_POINT('',#4507);
#1120=VERTEX_POINT('',#4511);
#1121=VERTEX_POINT('',#4513);
#1122=VERTEX_POINT('',#4515);
#1123=VERTEX_POINT('',#4540);
#1124=VERTEX_POINT('',#4542);
#1125=VERTEX_POINT('',#4545);
#1126=VERTEX_POINT('',#4548);
#1127=VERTEX_POINT('',#4571);
#1128=VERTEX_POINT('',#4577);
#1129=VERTEX_POINT('',#4579);
#1130=VERTEX_POINT('',#4588);
#1131=VERTEX_POINT('',#4592);
#1132=VERTEX_POINT('',#4594);
#1133=VERTEX_POINT('',#4603);
#1134=VERTEX_POINT('',#4605);
#1135=VERTEX_POINT('',#4607);
#1136=VERTEX_POINT('',#4609);
#1137=VERTEX_POINT('',#4611);
#1138=VERTEX_POINT('',#4615);
#1139=VERTEX_POINT('',#4619);
#1140=VERTEX_POINT('',#4623);
#1141=VERTEX_POINT('',#4627);
#1142=VERTEX_POINT('',#4631);
#1143=VERTEX_POINT('',#4635);
#1144=VERTEX_POINT('',#4642);
#1145=VERTEX_POINT('',#4646);
#1146=VERTEX_POINT('',#4648);
#1147=VERTEX_POINT('',#4657);
#1148=VERTEX_POINT('',#4661);
#1149=VERTEX_POINT('',#4665);
#1150=VERTEX_POINT('',#4669);
#1151=VERTEX_POINT('',#4673);
#1152=VERTEX_POINT('',#4675);
#1153=VERTEX_POINT('',#4682);
#1154=VERTEX_POINT('',#4715);
#1155=VERTEX_POINT('',#4724);
#1156=VERTEX_POINT('',#4728);
#1157=VERTEX_POINT('',#4732);
#1158=VERTEX_POINT('',#4743);
#1159=VERTEX_POINT('',#4747);
#1160=VERTEX_POINT('',#4805);
#1161=VERTEX_POINT('',#4809);
#1162=VERTEX_POINT('',#4813);
#1163=VERTEX_POINT('',#4817);
#1164=VERTEX_POINT('',#4821);
#1165=VERTEX_POINT('',#4840);
#1166=VERTEX_POINT('',#4844);
#1167=VERTEX_POINT('',#4846);
#1168=EDGE_CURVE('',#961,#962,#832,.T.);
#1169=EDGE_CURVE('',#962,#963,#805,.T.);
#1170=EDGE_CURVE('',#963,#961,#806,.T.);
#1171=EDGE_CURVE('',#964,#965,#833,.T.);
#1172=EDGE_CURVE('',#965,#966,#807,.T.);
#1173=EDGE_CURVE('',#966,#964,#808,.T.);
#1174=EDGE_CURVE('',#967,#968,#834,.T.);
#1175=EDGE_CURVE('',#968,#969,#809,.T.);
#1176=EDGE_CURVE('',#969,#967,#810,.T.);
#1177=EDGE_CURVE('',#970,#971,#835,.T.);
#1178=EDGE_CURVE('',#971,#972,#811,.T.);
#1179=EDGE_CURVE('',#972,#970,#812,.T.);
#1180=EDGE_CURVE('',#973,#974,#415,.T.);
#1181=EDGE_CURVE('',#974,#961,#93,.T.);
#1182=EDGE_CURVE('',#963,#972,#94,.T.);
#1183=EDGE_CURVE('',#971,#975,#95,.T.);
#1184=EDGE_CURVE('',#975,#976,#416,.T.);
#1185=EDGE_CURVE('',#976,#973,#96,.T.);
#1186=EDGE_CURVE('',#968,#970,#97,.T.);
#1187=EDGE_CURVE('',#972,#969,#98,.T.);
#1188=EDGE_CURVE('',#977,#978,#417,.T.);
#1189=EDGE_CURVE('',#978,#967,#99,.T.);
#1190=EDGE_CURVE('',#969,#966,#100,.T.);
#1191=EDGE_CURVE('',#965,#979,#101,.T.);
#1192=EDGE_CURVE('',#979,#980,#418,.T.);
#1193=EDGE_CURVE('',#980,#977,#102,.T.);
#1194=EDGE_CURVE('',#962,#964,#103,.T.);
#1195=EDGE_CURVE('',#966,#963,#104,.T.);
#1196=EDGE_CURVE('',#981,#962,#105,.T.);
#1197=EDGE_CURVE('',#982,#981,#106,.T.);
#1198=EDGE_CURVE('',#983,#982,#836,.T.);
#1199=EDGE_CURVE('',#984,#983,#107,.T.);
#1200=EDGE_CURVE('',#985,#984,#837,.T.);
#1201=EDGE_CURVE('',#986,#985,#108,.T.);
#1202=EDGE_CURVE('',#987,#986,#838,.T.);
#1203=EDGE_CURVE('',#964,#987,#109,.T.);
#1204=EDGE_CURVE('',#961,#988,#110,.T.);
#1205=EDGE_CURVE('',#988,#989,#813,.T.);
#1206=EDGE_CURVE('',#989,#981,#814,.T.);
#1207=EDGE_CURVE('',#990,#973,#839,.T.);
#1208=EDGE_CURVE('',#990,#991,#840,.T.);
#1209=EDGE_CURVE('',#991,#992,#841,.T.);
#1210=EDGE_CURVE('',#992,#974,#842,.T.);
#1211=EDGE_CURVE('',#993,#976,#843,.T.);
#1212=EDGE_CURVE('',#993,#990,#111,.T.);
#1213=EDGE_CURVE('',#994,#978,#844,.T.);
#1214=EDGE_CURVE('',#994,#995,#112,.T.);
#1215=EDGE_CURVE('',#967,#995,#113,.T.);
#1216=EDGE_CURVE('',#975,#996,#845,.T.);
#1217=EDGE_CURVE('',#997,#996,#846,.T.);
#1218=EDGE_CURVE('',#997,#993,#847,.T.);
#1219=EDGE_CURVE('',#998,#971,#114,.T.);
#1220=EDGE_CURVE('',#998,#999,#115,.T.);
#1221=EDGE_CURVE('',#1000,#999,#116,.T.);
#1222=EDGE_CURVE('',#1000,#1001,#117,.T.);
#1223=EDGE_CURVE('',#1002,#1001,#419,.T.);
#1224=EDGE_CURVE('',#1003,#1002,#118,.T.);
#1225=EDGE_CURVE('',#1004,#1003,#420,.T.);
#1226=EDGE_CURVE('',#1004,#1005,#119,.T.);
#1227=EDGE_CURVE('',#996,#1005,#120,.T.);
#1228=EDGE_CURVE('',#1006,#992,#121,.T.);
#1229=EDGE_CURVE('',#1007,#1006,#122,.T.);
#1230=EDGE_CURVE('',#1008,#1007,#815,.T.);
#1231=EDGE_CURVE('',#1009,#1008,#421,.T.);
#1232=EDGE_CURVE('',#1010,#1009,#123,.T.);
#1233=EDGE_CURVE('',#1011,#1010,#422,.T.);
#1234=EDGE_CURVE('',#1012,#1011,#124,.T.);
#1235=EDGE_CURVE('',#1013,#1012,#125,.T.);
#1236=EDGE_CURVE('',#1013,#988,#126,.T.);
#1237=EDGE_CURVE('',#970,#1014,#127,.T.);
#1238=EDGE_CURVE('',#1014,#1015,#816,.T.);
#1239=EDGE_CURVE('',#1015,#998,#817,.T.);
#1240=EDGE_CURVE('',#1016,#1017,#128,.T.);
#1241=EDGE_CURVE('',#1018,#1016,#848,.T.);
#1242=EDGE_CURVE('',#1019,#1018,#129,.T.);
#1243=EDGE_CURVE('',#1020,#1019,#849,.T.);
#1244=EDGE_CURVE('',#1021,#1020,#130,.T.);
#1245=EDGE_CURVE('',#1022,#1021,#850,.T.);
#1246=EDGE_CURVE('',#1023,#1022,#131,.T.);
#1247=EDGE_CURVE('',#1017,#1023,#851,.T.);
#1248=EDGE_CURVE('',#1008,#1024,#852,.T.);
#1249=EDGE_CURVE('',#1024,#1009,#423,.T.);
#1250=EDGE_CURVE('',#1006,#1025,#853,.T.);
#1251=EDGE_CURVE('',#1025,#1026,#132,.T.);
#1252=EDGE_CURVE('',#1026,#1007,#854,.T.);
#1253=EDGE_CURVE('',#1027,#1028,#855,.T.);
#1254=EDGE_CURVE('',#1028,#1025,#818,.T.);
#1255=EDGE_CURVE('',#1006,#1027,#819,.T.);
#1256=EDGE_CURVE('',#1029,#1030,#856,.T.);
#1257=EDGE_CURVE('',#1030,#1028,#133,.T.);
#1258=EDGE_CURVE('',#1027,#1029,#134,.T.);
#1259=EDGE_CURVE('',#1031,#1032,#857,.T.);
#1260=EDGE_CURVE('',#1032,#1030,#858,.T.);
#1261=EDGE_CURVE('',#1029,#1031,#859,.T.);
#1262=EDGE_CURVE('',#1033,#1034,#860,.T.);
#1263=EDGE_CURVE('',#1034,#1032,#135,.T.);
#1264=EDGE_CURVE('',#1031,#1033,#136,.T.);
#1265=EDGE_CURVE('',#1012,#1035,#861,.T.);
#1266=EDGE_CURVE('',#1035,#1034,#820,.T.);
#1267=EDGE_CURVE('',#1033,#1012,#821,.T.);
#1268=EDGE_CURVE('',#1011,#1036,#862,.T.);
#1269=EDGE_CURVE('',#1036,#1035,#137,.T.);
#1270=EDGE_CURVE('',#1010,#1036,#424,.T.);
#1271=EDGE_CURVE('',#1026,#1024,#822,.T.);
#1272=EDGE_CURVE('',#1010,#1037,#823,.T.);
#1273=EDGE_CURVE('',#1038,#1037,#863,.T.);
#1274=EDGE_CURVE('',#1038,#1036,#824,.T.);
#1275=EDGE_CURVE('',#1033,#1039,#138,.T.);
#1276=EDGE_CURVE('',#1039,#1040,#825,.T.);
#1277=EDGE_CURVE('',#1040,#1013,#826,.T.);
#1278=EDGE_CURVE('',#991,#1027,#139,.T.);
#1279=EDGE_CURVE('',#1041,#991,#140,.T.);
#1280=EDGE_CURVE('',#1042,#1041,#864,.T.);
#1281=EDGE_CURVE('',#1043,#1042,#141,.T.);
#1282=EDGE_CURVE('',#1044,#1043,#865,.T.);
#1283=EDGE_CURVE('',#1045,#1044,#142,.T.);
#1284=EDGE_CURVE('',#1046,#1045,#866,.T.);
#1285=EDGE_CURVE('',#1039,#1046,#143,.T.);
#1286=EDGE_CURVE('',#1047,#1048,#144,.T.);
#1287=EDGE_CURVE('',#1048,#1021,#867,.T.);
#1288=EDGE_CURVE('',#1020,#1047,#425,.T.);
#1289=EDGE_CURVE('',#1019,#1049,#426,.T.);
#1290=EDGE_CURVE('',#1049,#1047,#868,.T.);
#1291=EDGE_CURVE('',#1050,#1051,#145,.T.);
#1292=EDGE_CURVE('',#1051,#1016,#869,.T.);
#1293=EDGE_CURVE('',#1017,#1050,#427,.T.);
#1294=EDGE_CURVE('',#1052,#1018,#870,.T.);
#1295=EDGE_CURVE('',#1051,#1052,#871,.T.);
#1296=EDGE_CURVE('',#1052,#1049,#146,.T.);
#1297=EDGE_CURVE('',#1053,#1050,#872,.T.);
#1298=EDGE_CURVE('',#1023,#1053,#428,.T.);
#1299=EDGE_CURVE('',#1054,#1022,#873,.T.);
#1300=EDGE_CURVE('',#1048,#1054,#874,.T.);
#1301=EDGE_CURVE('',#1054,#1053,#147,.T.);
#1302=EDGE_CURVE('',#1049,#1055,#148,.T.);
#1303=EDGE_CURVE('',#1056,#1055,#875,.T.);
#1304=EDGE_CURVE('',#1047,#1056,#149,.T.);
#1305=EDGE_CURVE('',#1052,#1057,#150,.T.);
#1306=EDGE_CURVE('',#1055,#1057,#151,.T.);
#1307=EDGE_CURVE('',#1051,#1058,#152,.T.);
#1308=EDGE_CURVE('',#1057,#1058,#876,.T.);
#1309=EDGE_CURVE('',#1050,#1059,#153,.T.);
#1310=EDGE_CURVE('',#1058,#1059,#154,.T.);
#1311=EDGE_CURVE('',#1060,#1061,#877,.T.);
#1312=EDGE_CURVE('',#1061,#1059,#429,.T.);
#1313=EDGE_CURVE('',#1059,#1062,#878,.T.);
#1314=EDGE_CURVE('',#1060,#1062,#430,.T.);
#1315=EDGE_CURVE('',#1061,#1063,#155,.T.);
#1316=EDGE_CURVE('',#1063,#1058,#879,.T.);
#1317=EDGE_CURVE('',#1064,#1057,#880,.T.);
#1318=EDGE_CURVE('',#1063,#1064,#881,.T.);
#1319=EDGE_CURVE('',#1064,#1065,#156,.T.);
#1320=EDGE_CURVE('',#1065,#1055,#431,.T.);
#1321=EDGE_CURVE('',#1065,#1066,#882,.T.);
#1322=EDGE_CURVE('',#1066,#1056,#432,.T.);
#1323=EDGE_CURVE('',#1066,#1067,#157,.T.);
#1324=EDGE_CURVE('',#1067,#1068,#883,.T.);
#1325=EDGE_CURVE('',#1068,#1056,#158,.T.);
#1326=EDGE_CURVE('',#1069,#1070,#884,.T.);
#1327=EDGE_CURVE('',#1070,#1068,#885,.T.);
#1328=EDGE_CURVE('',#1067,#1069,#886,.T.);
#1329=EDGE_CURVE('',#1062,#1070,#159,.T.);
#1330=EDGE_CURVE('',#1069,#1060,#160,.T.);
#1331=EDGE_CURVE('',#1048,#1068,#161,.T.);
#1332=EDGE_CURVE('',#1054,#1070,#162,.T.);
#1333=EDGE_CURVE('',#1053,#1062,#163,.T.);
#1334=EDGE_CURVE('',#1024,#1071,#887,.T.);
#1335=EDGE_CURVE('',#1071,#1009,#827,.T.);
#1336=EDGE_CURVE('',#1026,#1072,#164,.T.);
#1337=EDGE_CURVE('',#1072,#1073,#888,.T.);
#1338=EDGE_CURVE('',#1073,#1071,#165,.T.);
#1339=EDGE_CURVE('',#1074,#1075,#889,.T.);
#1340=EDGE_CURVE('',#1075,#1073,#890,.T.);
#1341=EDGE_CURVE('',#1072,#1074,#891,.T.);
#1342=EDGE_CURVE('',#1037,#1075,#166,.T.);
#1343=EDGE_CURVE('',#1074,#1038,#167,.T.);
#1344=EDGE_CURVE('',#1032,#1074,#168,.T.);
#1345=EDGE_CURVE('',#1030,#1072,#169,.T.);
#1346=EDGE_CURVE('',#1071,#1037,#170,.T.);
#1347=EDGE_CURVE('',#1076,#1077,#892,.T.);
#1348=EDGE_CURVE('',#1077,#1078,#893,.T.);
#1349=EDGE_CURVE('',#1078,#1079,#433,.T.);
#1350=EDGE_CURVE('',#1079,#1076,#894,.T.);
#1351=EDGE_CURVE('',#1080,#1081,#895,.T.);
#1352=EDGE_CURVE('',#1081,#1077,#171,.T.);
#1353=EDGE_CURVE('',#1076,#1080,#172,.T.);
#1354=EDGE_CURVE('',#1003,#1081,#896,.T.);
#1355=EDGE_CURVE('',#1080,#1004,#897,.T.);
#1356=EDGE_CURVE('',#1082,#1076,#173,.T.);
#1357=EDGE_CURVE('',#1083,#1082,#174,.T.);
#1358=EDGE_CURVE('',#1005,#1083,#898,.T.);
#1359=EDGE_CURVE('',#1084,#1079,#175,.T.);
#1360=EDGE_CURVE('',#1082,#1084,#899,.T.);
#1361=EDGE_CURVE('',#1085,#1086,#900,.T.);
#1362=EDGE_CURVE('',#1086,#1087,#901,.T.);
#1363=EDGE_CURVE('',#1087,#1088,#434,.T.);
#1364=EDGE_CURVE('',#1088,#1085,#902,.T.);
#1365=EDGE_CURVE('',#1089,#1090,#903,.T.);
#1366=EDGE_CURVE('',#1090,#1086,#176,.T.);
#1367=EDGE_CURVE('',#1085,#1089,#177,.T.);
#1368=EDGE_CURVE('',#1001,#1090,#904,.T.);
#1369=EDGE_CURVE('',#1089,#1002,#905,.T.);
#1370=EDGE_CURVE('',#1089,#1081,#178,.T.);
#1371=EDGE_CURVE('',#1091,#1088,#179,.T.);
#1372=EDGE_CURVE('',#1092,#1091,#906,.T.);
#1373=EDGE_CURVE('',#1078,#1092,#180,.T.);
#1374=EDGE_CURVE('',#1092,#1093,#907,.T.);
#1375=EDGE_CURVE('',#1093,#1079,#181,.T.);
#1376=EDGE_CURVE('',#1091,#1094,#908,.T.);
#1377=EDGE_CURVE('',#1094,#1093,#909,.T.);
#1378=EDGE_CURVE('',#1087,#1094,#182,.T.);
#1379=EDGE_CURVE('',#989,#1095,#183,.T.);
#1380=EDGE_CURVE('',#1096,#1095,#184,.T.);
#1381=EDGE_CURVE('',#1097,#1096,#185,.T.);
#1382=EDGE_CURVE('',#982,#1097,#435,.T.);
#1383=EDGE_CURVE('',#1040,#1098,#186,.T.);
#1384=EDGE_CURVE('',#1099,#1098,#187,.T.);
#1385=EDGE_CURVE('',#1099,#1100,#188,.T.);
#1386=EDGE_CURVE('',#1095,#1100,#189,.T.);
#1387=EDGE_CURVE('',#1101,#1101,#828,.T.);
#1388=EDGE_CURVE('',#1102,#1014,#190,.T.);
#1389=EDGE_CURVE('',#1103,#1102,#436,.T.);
#1390=EDGE_CURVE('',#1103,#1104,#191,.T.);
#1391=EDGE_CURVE('',#1105,#1104,#192,.T.);
#1392=EDGE_CURVE('',#1015,#1105,#193,.T.);
#1393=EDGE_CURVE('',#1106,#968,#194,.T.);
#1394=EDGE_CURVE('',#1107,#1106,#910,.T.);
#1395=EDGE_CURVE('',#1108,#1107,#195,.T.);
#1396=EDGE_CURVE('',#1109,#1108,#911,.T.);
#1397=EDGE_CURVE('',#1110,#1109,#196,.T.);
#1398=EDGE_CURVE('',#1102,#1110,#912,.T.);
#1399=EDGE_CURVE('',#1111,#1112,#829,.T.);
#1400=EDGE_CURVE('',#1112,#1113,#197,.T.);
#1401=EDGE_CURVE('',#1113,#1000,#913,.T.);
#1402=EDGE_CURVE('',#999,#1111,#830,.T.);
#1403=EDGE_CURVE('',#1114,#1112,#198,.T.);
#1404=EDGE_CURVE('',#1115,#1114,#914,.T.);
#1405=EDGE_CURVE('',#1116,#1115,#199,.T.);
#1406=EDGE_CURVE('',#1116,#1117,#915,.T.);
#1407=EDGE_CURVE('',#1117,#1118,#200,.T.);
#1408=EDGE_CURVE('',#1118,#1119,#916,.T.);
#1409=EDGE_CURVE('',#1119,#1113,#201,.T.);
#1410=EDGE_CURVE('',#1111,#1120,#202,.T.);
#1411=EDGE_CURVE('',#1121,#1120,#203,.T.);
#1412=EDGE_CURVE('',#1122,#1121,#204,.T.);
#1413=EDGE_CURVE('',#1114,#1122,#437,.T.);
#1414=EDGE_CURVE('',#1123,#1105,#205,.T.);
#1415=EDGE_CURVE('',#1123,#1124,#206,.T.);
#1416=EDGE_CURVE('',#1120,#1124,#207,.T.);
#1417=EDGE_CURVE('',#1125,#1125,#831,.T.);
#1418=EDGE_CURVE('',#1126,#1046,#438,.T.);
#1419=EDGE_CURVE('',#1126,#1127,#208,.T.);
#1420=EDGE_CURVE('',#1098,#1127,#209,.T.);
#1421=EDGE_CURVE('',#1083,#997,#210,.T.);
#1422=EDGE_CURVE('',#990,#1128,#211,.T.);
#1423=EDGE_CURVE('',#1129,#1128,#917,.T.);
#1424=EDGE_CURVE('',#1041,#1129,#439,.T.);
#1425=EDGE_CURVE('',#1130,#993,#212,.T.);
#1426=EDGE_CURVE('',#1128,#1130,#213,.T.);
#1427=EDGE_CURVE('',#997,#1131,#214,.T.);
#1428=EDGE_CURVE('',#1132,#1131,#440,.T.);
#1429=EDGE_CURVE('',#1130,#1132,#918,.T.);
#1430=EDGE_CURVE('',#1084,#1133,#215,.T.);
#1431=EDGE_CURVE('',#1133,#1134,#919,.T.);
#1432=EDGE_CURVE('',#1135,#1134,#216,.T.);
#1433=EDGE_CURVE('',#1136,#1135,#920,.T.);
#1434=EDGE_CURVE('',#1137,#1136,#217,.T.);
#1435=EDGE_CURVE('',#1131,#1137,#921,.T.);
#1436=EDGE_CURVE('',#987,#1138,#922,.T.);
#1437=EDGE_CURVE('',#1138,#965,#218,.T.);
#1438=EDGE_CURVE('',#986,#1139,#923,.T.);
#1439=EDGE_CURVE('',#1139,#1138,#924,.T.);
#1440=EDGE_CURVE('',#985,#1140,#925,.T.);
#1441=EDGE_CURVE('',#1140,#1139,#219,.T.);
#1442=EDGE_CURVE('',#984,#1141,#926,.T.);
#1443=EDGE_CURVE('',#1141,#1140,#927,.T.);
#1444=EDGE_CURVE('',#983,#1142,#928,.T.);
#1445=EDGE_CURVE('',#1142,#1141,#220,.T.);
#1446=EDGE_CURVE('',#1097,#1143,#441,.T.);
#1447=EDGE_CURVE('',#1143,#1142,#929,.T.);
#1448=EDGE_CURVE('',#1138,#1144,#221,.T.);
#1449=EDGE_CURVE('',#979,#1144,#930,.T.);
#1450=EDGE_CURVE('',#1139,#1145,#222,.T.);
#1451=EDGE_CURVE('',#1146,#1145,#931,.T.);
#1452=EDGE_CURVE('',#1144,#1146,#442,.T.);
#1453=EDGE_CURVE('',#1140,#1147,#223,.T.);
#1454=EDGE_CURVE('',#1145,#1147,#224,.T.);
#1455=EDGE_CURVE('',#1141,#1148,#225,.T.);
#1456=EDGE_CURVE('',#1147,#1148,#932,.T.);
#1457=EDGE_CURVE('',#1149,#1142,#226,.T.);
#1458=EDGE_CURVE('',#1148,#1149,#227,.T.);
#1459=EDGE_CURVE('',#1143,#1150,#228,.T.);
#1460=EDGE_CURVE('',#1149,#1150,#933,.T.);
#1461=EDGE_CURVE('',#1151,#1096,#229,.T.);
#1462=EDGE_CURVE('',#1151,#1152,#230,.T.);
#1463=EDGE_CURVE('',#1127,#1152,#231,.T.);
#1464=EDGE_CURVE('',#1150,#1126,#443,.T.);
#1465=EDGE_CURVE('',#1153,#1153,#934,.T.);
#1466=EDGE_CURVE('',#994,#1132,#935,.T.);
#1467=EDGE_CURVE('',#1131,#1154,#936,.T.);
#1468=EDGE_CURVE('',#1154,#994,#444,.T.);
#1469=EDGE_CURVE('',#1137,#1155,#937,.T.);
#1470=EDGE_CURVE('',#1155,#1154,#938,.T.);
#1471=EDGE_CURVE('',#1136,#1156,#939,.T.);
#1472=EDGE_CURVE('',#1156,#1155,#232,.T.);
#1473=EDGE_CURVE('',#1135,#1157,#940,.T.);
#1474=EDGE_CURVE('',#1157,#1156,#941,.T.);
#1475=EDGE_CURVE('',#1134,#1116,#445,.T.);
#1476=EDGE_CURVE('',#1115,#1158,#942,.T.);
#1477=EDGE_CURVE('',#1158,#1157,#233,.T.);
#1478=EDGE_CURVE('',#1122,#1159,#446,.T.);
#1479=EDGE_CURVE('',#1159,#1158,#943,.T.);
#1480=EDGE_CURVE('',#977,#1130,#944,.T.);
#1481=EDGE_CURVE('',#1045,#1149,#945,.T.);
#1482=EDGE_CURVE('',#1044,#1148,#946,.T.);
#1483=EDGE_CURVE('',#1043,#1147,#947,.T.);
#1484=EDGE_CURVE('',#1042,#1145,#948,.T.);
#1485=EDGE_CURVE('',#1041,#1146,#949,.T.);
#1486=EDGE_CURVE('',#1129,#1144,#950,.T.);
#1487=EDGE_CURVE('',#1128,#980,#951,.T.);
#1488=EDGE_CURVE('',#1117,#1094,#234,.T.);
#1489=EDGE_CURVE('',#1133,#1093,#235,.T.);
#1490=EDGE_CURVE('',#995,#1106,#952,.T.);
#1491=EDGE_CURVE('',#1160,#1107,#953,.T.);
#1492=EDGE_CURVE('',#995,#1160,#954,.T.);
#1493=EDGE_CURVE('',#1161,#1108,#955,.T.);
#1494=EDGE_CURVE('',#1160,#1161,#236,.T.);
#1495=EDGE_CURVE('',#1162,#1109,#956,.T.);
#1496=EDGE_CURVE('',#1161,#1162,#957,.T.);
#1497=EDGE_CURVE('',#1163,#1110,#958,.T.);
#1498=EDGE_CURVE('',#1162,#1163,#237,.T.);
#1499=EDGE_CURVE('',#1163,#1164,#959,.T.);
#1500=EDGE_CURVE('',#1164,#1103,#447,.T.);
#1501=EDGE_CURVE('',#1159,#1164,#238,.T.);
#1502=EDGE_CURVE('',#1163,#1158,#239,.T.);
#1503=EDGE_CURVE('',#1157,#1162,#240,.T.);
#1504=EDGE_CURVE('',#1156,#1161,#241,.T.);
#1505=EDGE_CURVE('',#1155,#1160,#242,.T.);
#1506=EDGE_CURVE('',#1153,#1101,#243,.T.);
#1507=EDGE_CURVE('',#1165,#1165,#960,.T.);
#1508=EDGE_CURVE('',#1165,#1125,#244,.T.);
#1509=EDGE_CURVE('',#1166,#1121,#245,.T.);
#1510=EDGE_CURVE('',#1166,#1167,#246,.T.);
#1511=EDGE_CURVE('',#1104,#1167,#247,.T.);
#1512=EDGE_CURVE('',#1100,#1151,#248,.T.);
#1513=EDGE_CURVE('',#1152,#1099,#249,.T.);
#1514=EDGE_CURVE('',#1167,#1123,#250,.T.);
#1515=EDGE_CURVE('',#1124,#1166,#251,.T.);
#1516=EDGE_CURVE('',#1118,#1087,#252,.T.);
#1517=EDGE_CURVE('',#1119,#1086,#253,.T.);
#1518=ORIENTED_EDGE('',*,*,#1168,.T.);
#1519=ORIENTED_EDGE('',*,*,#1169,.T.);
#1520=ORIENTED_EDGE('',*,*,#1170,.T.);
#1521=ORIENTED_EDGE('',*,*,#1171,.T.);
#1522=ORIENTED_EDGE('',*,*,#1172,.T.);
#1523=ORIENTED_EDGE('',*,*,#1173,.T.);
#1524=ORIENTED_EDGE('',*,*,#1174,.T.);
#1525=ORIENTED_EDGE('',*,*,#1175,.T.);
#1526=ORIENTED_EDGE('',*,*,#1176,.T.);
#1527=ORIENTED_EDGE('',*,*,#1177,.T.);
#1528=ORIENTED_EDGE('',*,*,#1178,.T.);
#1529=ORIENTED_EDGE('',*,*,#1179,.T.);
#1530=ORIENTED_EDGE('',*,*,#1180,.T.);
#1531=ORIENTED_EDGE('',*,*,#1181,.T.);
#1532=ORIENTED_EDGE('',*,*,#1170,.F.);
#1533=ORIENTED_EDGE('',*,*,#1182,.T.);
#1534=ORIENTED_EDGE('',*,*,#1178,.F.);
#1535=ORIENTED_EDGE('',*,*,#1183,.T.);
#1536=ORIENTED_EDGE('',*,*,#1184,.T.);
#1537=ORIENTED_EDGE('',*,*,#1185,.T.);
#1538=ORIENTED_EDGE('',*,*,#1175,.F.);
#1539=ORIENTED_EDGE('',*,*,#1186,.T.);
#1540=ORIENTED_EDGE('',*,*,#1179,.F.);
#1541=ORIENTED_EDGE('',*,*,#1187,.T.);
#1542=ORIENTED_EDGE('',*,*,#1188,.T.);
#1543=ORIENTED_EDGE('',*,*,#1189,.T.);
#1544=ORIENTED_EDGE('',*,*,#1176,.F.);
#1545=ORIENTED_EDGE('',*,*,#1190,.T.);
#1546=ORIENTED_EDGE('',*,*,#1172,.F.);
#1547=ORIENTED_EDGE('',*,*,#1191,.T.);
#1548=ORIENTED_EDGE('',*,*,#1192,.T.);
#1549=ORIENTED_EDGE('',*,*,#1193,.T.);
#1550=ORIENTED_EDGE('',*,*,#1169,.F.);
#1551=ORIENTED_EDGE('',*,*,#1194,.T.);
#1552=ORIENTED_EDGE('',*,*,#1173,.F.);
#1553=ORIENTED_EDGE('',*,*,#1195,.T.);
#1554=ORIENTED_EDGE('',*,*,#1194,.F.);
#1555=ORIENTED_EDGE('',*,*,#1196,.F.);
#1556=ORIENTED_EDGE('',*,*,#1197,.F.);
#1557=ORIENTED_EDGE('',*,*,#1198,.F.);
#1558=ORIENTED_EDGE('',*,*,#1199,.F.);
#1559=ORIENTED_EDGE('',*,*,#1200,.F.);
#1560=ORIENTED_EDGE('',*,*,#1201,.F.);
#1561=ORIENTED_EDGE('',*,*,#1202,.F.);
#1562=ORIENTED_EDGE('',*,*,#1203,.F.);
#1563=ORIENTED_EDGE('',*,*,#1168,.F.);
#1564=ORIENTED_EDGE('',*,*,#1204,.T.);
#1565=ORIENTED_EDGE('',*,*,#1205,.T.);
#1566=ORIENTED_EDGE('',*,*,#1206,.T.);
#1567=ORIENTED_EDGE('',*,*,#1196,.T.);
#1568=ORIENTED_EDGE('',*,*,#1180,.F.);
#1569=ORIENTED_EDGE('',*,*,#1207,.F.);
#1570=ORIENTED_EDGE('',*,*,#1208,.T.);
#1571=ORIENTED_EDGE('',*,*,#1209,.T.);
#1572=ORIENTED_EDGE('',*,*,#1210,.T.);
#1573=ORIENTED_EDGE('',*,*,#1185,.F.);
#1574=ORIENTED_EDGE('',*,*,#1211,.F.);
#1575=ORIENTED_EDGE('',*,*,#1212,.T.);
#1576=ORIENTED_EDGE('',*,*,#1207,.T.);
#1577=ORIENTED_EDGE('',*,*,#1189,.F.);
#1578=ORIENTED_EDGE('',*,*,#1213,.F.);
#1579=ORIENTED_EDGE('',*,*,#1214,.T.);
#1580=ORIENTED_EDGE('',*,*,#1215,.F.);
#1581=ORIENTED_EDGE('',*,*,#1184,.F.);
#1582=ORIENTED_EDGE('',*,*,#1216,.T.);
#1583=ORIENTED_EDGE('',*,*,#1217,.F.);
#1584=ORIENTED_EDGE('',*,*,#1218,.T.);
#1585=ORIENTED_EDGE('',*,*,#1211,.T.);
#1586=ORIENTED_EDGE('',*,*,#1183,.F.);
#1587=ORIENTED_EDGE('',*,*,#1219,.F.);
#1588=ORIENTED_EDGE('',*,*,#1220,.T.);
#1589=ORIENTED_EDGE('',*,*,#1221,.F.);
#1590=ORIENTED_EDGE('',*,*,#1222,.T.);
#1591=ORIENTED_EDGE('',*,*,#1223,.F.);
#1592=ORIENTED_EDGE('',*,*,#1224,.F.);
#1593=ORIENTED_EDGE('',*,*,#1225,.F.);
#1594=ORIENTED_EDGE('',*,*,#1226,.T.);
#1595=ORIENTED_EDGE('',*,*,#1227,.F.);
#1596=ORIENTED_EDGE('',*,*,#1216,.F.);
#1597=ORIENTED_EDGE('',*,*,#1181,.F.);
#1598=ORIENTED_EDGE('',*,*,#1210,.F.);
#1599=ORIENTED_EDGE('',*,*,#1228,.F.);
#1600=ORIENTED_EDGE('',*,*,#1229,.F.);
#1601=ORIENTED_EDGE('',*,*,#1230,.F.);
#1602=ORIENTED_EDGE('',*,*,#1231,.F.);
#1603=ORIENTED_EDGE('',*,*,#1232,.F.);
#1604=ORIENTED_EDGE('',*,*,#1233,.F.);
#1605=ORIENTED_EDGE('',*,*,#1234,.F.);
#1606=ORIENTED_EDGE('',*,*,#1235,.F.);
#1607=ORIENTED_EDGE('',*,*,#1236,.T.);
#1608=ORIENTED_EDGE('',*,*,#1204,.F.);
#1609=ORIENTED_EDGE('',*,*,#1177,.F.);
#1610=ORIENTED_EDGE('',*,*,#1237,.T.);
#1611=ORIENTED_EDGE('',*,*,#1238,.T.);
#1612=ORIENTED_EDGE('',*,*,#1239,.T.);
#1613=ORIENTED_EDGE('',*,*,#1219,.T.);
#1614=ORIENTED_EDGE('',*,*,#1182,.F.);
#1615=ORIENTED_EDGE('',*,*,#1195,.F.);
#1616=ORIENTED_EDGE('',*,*,#1190,.F.);
#1617=ORIENTED_EDGE('',*,*,#1187,.F.);
#1618=ORIENTED_EDGE('',*,*,#1240,.F.);
#1619=ORIENTED_EDGE('',*,*,#1241,.F.);
#1620=ORIENTED_EDGE('',*,*,#1242,.F.);
#1621=ORIENTED_EDGE('',*,*,#1243,.F.);
#1622=ORIENTED_EDGE('',*,*,#1244,.F.);
#1623=ORIENTED_EDGE('',*,*,#1245,.F.);
#1624=ORIENTED_EDGE('',*,*,#1246,.F.);
#1625=ORIENTED_EDGE('',*,*,#1247,.F.);
#1626=ORIENTED_EDGE('',*,*,#1248,.T.);
#1627=ORIENTED_EDGE('',*,*,#1249,.T.);
#1628=ORIENTED_EDGE('',*,*,#1231,.T.);
#1629=ORIENTED_EDGE('',*,*,#1250,.T.);
#1630=ORIENTED_EDGE('',*,*,#1251,.T.);
#1631=ORIENTED_EDGE('',*,*,#1252,.T.);
#1632=ORIENTED_EDGE('',*,*,#1229,.T.);
#1633=ORIENTED_EDGE('',*,*,#1253,.T.);
#1634=ORIENTED_EDGE('',*,*,#1254,.T.);
#1635=ORIENTED_EDGE('',*,*,#1250,.F.);
#1636=ORIENTED_EDGE('',*,*,#1255,.T.);
#1637=ORIENTED_EDGE('',*,*,#1256,.T.);
#1638=ORIENTED_EDGE('',*,*,#1257,.T.);
#1639=ORIENTED_EDGE('',*,*,#1253,.F.);
#1640=ORIENTED_EDGE('',*,*,#1258,.T.);
#1641=ORIENTED_EDGE('',*,*,#1259,.T.);
#1642=ORIENTED_EDGE('',*,*,#1260,.T.);
#1643=ORIENTED_EDGE('',*,*,#1256,.F.);
#1644=ORIENTED_EDGE('',*,*,#1261,.T.);
#1645=ORIENTED_EDGE('',*,*,#1262,.T.);
#1646=ORIENTED_EDGE('',*,*,#1263,.T.);
#1647=ORIENTED_EDGE('',*,*,#1259,.F.);
#1648=ORIENTED_EDGE('',*,*,#1264,.T.);
#1649=ORIENTED_EDGE('',*,*,#1265,.T.);
#1650=ORIENTED_EDGE('',*,*,#1266,.T.);
#1651=ORIENTED_EDGE('',*,*,#1262,.F.);
#1652=ORIENTED_EDGE('',*,*,#1267,.T.);
#1653=ORIENTED_EDGE('',*,*,#1268,.T.);
#1654=ORIENTED_EDGE('',*,*,#1269,.T.);
#1655=ORIENTED_EDGE('',*,*,#1265,.F.);
#1656=ORIENTED_EDGE('',*,*,#1234,.T.);
#1657=ORIENTED_EDGE('',*,*,#1233,.T.);
#1658=ORIENTED_EDGE('',*,*,#1270,.T.);
#1659=ORIENTED_EDGE('',*,*,#1268,.F.);
#1660=ORIENTED_EDGE('',*,*,#1252,.F.);
#1661=ORIENTED_EDGE('',*,*,#1271,.T.);
#1662=ORIENTED_EDGE('',*,*,#1248,.F.);
#1663=ORIENTED_EDGE('',*,*,#1230,.T.);
#1664=ORIENTED_EDGE('',*,*,#1270,.F.);
#1665=ORIENTED_EDGE('',*,*,#1272,.T.);
#1666=ORIENTED_EDGE('',*,*,#1273,.F.);
#1667=ORIENTED_EDGE('',*,*,#1274,.T.);
#1668=ORIENTED_EDGE('',*,*,#1267,.F.);
#1669=ORIENTED_EDGE('',*,*,#1275,.T.);
#1670=ORIENTED_EDGE('',*,*,#1276,.T.);
#1671=ORIENTED_EDGE('',*,*,#1277,.T.);
#1672=ORIENTED_EDGE('',*,*,#1235,.T.);
#1673=ORIENTED_EDGE('',*,*,#1264,.F.);
#1674=ORIENTED_EDGE('',*,*,#1261,.F.);
#1675=ORIENTED_EDGE('',*,*,#1258,.F.);
#1676=ORIENTED_EDGE('',*,*,#1278,.F.);
#1677=ORIENTED_EDGE('',*,*,#1279,.F.);
#1678=ORIENTED_EDGE('',*,*,#1280,.F.);
#1679=ORIENTED_EDGE('',*,*,#1281,.F.);
#1680=ORIENTED_EDGE('',*,*,#1282,.F.);
#1681=ORIENTED_EDGE('',*,*,#1283,.F.);
#1682=ORIENTED_EDGE('',*,*,#1284,.F.);
#1683=ORIENTED_EDGE('',*,*,#1285,.F.);
#1684=ORIENTED_EDGE('',*,*,#1275,.F.);
#1685=ORIENTED_EDGE('',*,*,#1255,.F.);
#1686=ORIENTED_EDGE('',*,*,#1228,.T.);
#1687=ORIENTED_EDGE('',*,*,#1209,.F.);
#1688=ORIENTED_EDGE('',*,*,#1278,.T.);
#1689=ORIENTED_EDGE('',*,*,#1286,.T.);
#1690=ORIENTED_EDGE('',*,*,#1287,.T.);
#1691=ORIENTED_EDGE('',*,*,#1244,.T.);
#1692=ORIENTED_EDGE('',*,*,#1288,.T.);
#1693=ORIENTED_EDGE('',*,*,#1243,.T.);
#1694=ORIENTED_EDGE('',*,*,#1289,.T.);
#1695=ORIENTED_EDGE('',*,*,#1290,.T.);
#1696=ORIENTED_EDGE('',*,*,#1288,.F.);
#1697=ORIENTED_EDGE('',*,*,#1291,.T.);
#1698=ORIENTED_EDGE('',*,*,#1292,.T.);
#1699=ORIENTED_EDGE('',*,*,#1240,.T.);
#1700=ORIENTED_EDGE('',*,*,#1293,.T.);
#1701=ORIENTED_EDGE('',*,*,#1294,.T.);
#1702=ORIENTED_EDGE('',*,*,#1241,.T.);
#1703=ORIENTED_EDGE('',*,*,#1292,.F.);
#1704=ORIENTED_EDGE('',*,*,#1295,.T.);
#1705=ORIENTED_EDGE('',*,*,#1242,.T.);
#1706=ORIENTED_EDGE('',*,*,#1294,.F.);
#1707=ORIENTED_EDGE('',*,*,#1296,.T.);
#1708=ORIENTED_EDGE('',*,*,#1289,.F.);
#1709=ORIENTED_EDGE('',*,*,#1297,.T.);
#1710=ORIENTED_EDGE('',*,*,#1293,.F.);
#1711=ORIENTED_EDGE('',*,*,#1247,.T.);
#1712=ORIENTED_EDGE('',*,*,#1298,.T.);
#1713=ORIENTED_EDGE('',*,*,#1299,.T.);
#1714=ORIENTED_EDGE('',*,*,#1245,.T.);
#1715=ORIENTED_EDGE('',*,*,#1287,.F.);
#1716=ORIENTED_EDGE('',*,*,#1300,.T.);
#1717=ORIENTED_EDGE('',*,*,#1246,.T.);
#1718=ORIENTED_EDGE('',*,*,#1299,.F.);
#1719=ORIENTED_EDGE('',*,*,#1301,.T.);
#1720=ORIENTED_EDGE('',*,*,#1298,.F.);
#1721=ORIENTED_EDGE('',*,*,#1290,.F.);
#1722=ORIENTED_EDGE('',*,*,#1302,.T.);
#1723=ORIENTED_EDGE('',*,*,#1303,.F.);
#1724=ORIENTED_EDGE('',*,*,#1304,.F.);
#1725=ORIENTED_EDGE('',*,*,#1296,.F.);
#1726=ORIENTED_EDGE('',*,*,#1305,.T.);
#1727=ORIENTED_EDGE('',*,*,#1306,.F.);
#1728=ORIENTED_EDGE('',*,*,#1302,.F.);
#1729=ORIENTED_EDGE('',*,*,#1295,.F.);
#1730=ORIENTED_EDGE('',*,*,#1307,.T.);
#1731=ORIENTED_EDGE('',*,*,#1308,.F.);
#1732=ORIENTED_EDGE('',*,*,#1305,.F.);
#1733=ORIENTED_EDGE('',*,*,#1291,.F.);
#1734=ORIENTED_EDGE('',*,*,#1309,.T.);
#1735=ORIENTED_EDGE('',*,*,#1310,.F.);
#1736=ORIENTED_EDGE('',*,*,#1307,.F.);
#1737=ORIENTED_EDGE('',*,*,#1311,.T.);
#1738=ORIENTED_EDGE('',*,*,#1312,.T.);
#1739=ORIENTED_EDGE('',*,*,#1313,.T.);
#1740=ORIENTED_EDGE('',*,*,#1314,.F.);
#1741=ORIENTED_EDGE('',*,*,#1315,.T.);
#1742=ORIENTED_EDGE('',*,*,#1316,.T.);
#1743=ORIENTED_EDGE('',*,*,#1310,.T.);
#1744=ORIENTED_EDGE('',*,*,#1312,.F.);
#1745=ORIENTED_EDGE('',*,*,#1317,.T.);
#1746=ORIENTED_EDGE('',*,*,#1308,.T.);
#1747=ORIENTED_EDGE('',*,*,#1316,.F.);
#1748=ORIENTED_EDGE('',*,*,#1318,.T.);
#1749=ORIENTED_EDGE('',*,*,#1306,.T.);
#1750=ORIENTED_EDGE('',*,*,#1317,.F.);
#1751=ORIENTED_EDGE('',*,*,#1319,.T.);
#1752=ORIENTED_EDGE('',*,*,#1320,.T.);
#1753=ORIENTED_EDGE('',*,*,#1303,.T.);
#1754=ORIENTED_EDGE('',*,*,#1320,.F.);
#1755=ORIENTED_EDGE('',*,*,#1321,.T.);
#1756=ORIENTED_EDGE('',*,*,#1322,.T.);
#1757=ORIENTED_EDGE('',*,*,#1323,.T.);
#1758=ORIENTED_EDGE('',*,*,#1324,.T.);
#1759=ORIENTED_EDGE('',*,*,#1325,.T.);
#1760=ORIENTED_EDGE('',*,*,#1322,.F.);
#1761=ORIENTED_EDGE('',*,*,#1326,.T.);
#1762=ORIENTED_EDGE('',*,*,#1327,.T.);
#1763=ORIENTED_EDGE('',*,*,#1324,.F.);
#1764=ORIENTED_EDGE('',*,*,#1328,.T.);
#1765=ORIENTED_EDGE('',*,*,#1329,.T.);
#1766=ORIENTED_EDGE('',*,*,#1326,.F.);
#1767=ORIENTED_EDGE('',*,*,#1330,.T.);
#1768=ORIENTED_EDGE('',*,*,#1314,.T.);
#1769=ORIENTED_EDGE('',*,*,#1286,.F.);
#1770=ORIENTED_EDGE('',*,*,#1304,.T.);
#1771=ORIENTED_EDGE('',*,*,#1325,.F.);
#1772=ORIENTED_EDGE('',*,*,#1331,.F.);
#1773=ORIENTED_EDGE('',*,*,#1300,.F.);
#1774=ORIENTED_EDGE('',*,*,#1331,.T.);
#1775=ORIENTED_EDGE('',*,*,#1327,.F.);
#1776=ORIENTED_EDGE('',*,*,#1332,.F.);
#1777=ORIENTED_EDGE('',*,*,#1301,.F.);
#1778=ORIENTED_EDGE('',*,*,#1332,.T.);
#1779=ORIENTED_EDGE('',*,*,#1329,.F.);
#1780=ORIENTED_EDGE('',*,*,#1333,.F.);
#1781=ORIENTED_EDGE('',*,*,#1297,.F.);
#1782=ORIENTED_EDGE('',*,*,#1333,.T.);
#1783=ORIENTED_EDGE('',*,*,#1313,.F.);
#1784=ORIENTED_EDGE('',*,*,#1309,.F.);
#1785=ORIENTED_EDGE('',*,*,#1311,.F.);
#1786=ORIENTED_EDGE('',*,*,#1330,.F.);
#1787=ORIENTED_EDGE('',*,*,#1328,.F.);
#1788=ORIENTED_EDGE('',*,*,#1323,.F.);
#1789=ORIENTED_EDGE('',*,*,#1321,.F.);
#1790=ORIENTED_EDGE('',*,*,#1319,.F.);
#1791=ORIENTED_EDGE('',*,*,#1318,.F.);
#1792=ORIENTED_EDGE('',*,*,#1315,.F.);
#1793=ORIENTED_EDGE('',*,*,#1249,.F.);
#1794=ORIENTED_EDGE('',*,*,#1334,.T.);
#1795=ORIENTED_EDGE('',*,*,#1335,.T.);
#1796=ORIENTED_EDGE('',*,*,#1271,.F.);
#1797=ORIENTED_EDGE('',*,*,#1336,.T.);
#1798=ORIENTED_EDGE('',*,*,#1337,.T.);
#1799=ORIENTED_EDGE('',*,*,#1338,.T.);
#1800=ORIENTED_EDGE('',*,*,#1334,.F.);
#1801=ORIENTED_EDGE('',*,*,#1339,.T.);
#1802=ORIENTED_EDGE('',*,*,#1340,.T.);
#1803=ORIENTED_EDGE('',*,*,#1337,.F.);
#1804=ORIENTED_EDGE('',*,*,#1341,.T.);
#1805=ORIENTED_EDGE('',*,*,#1273,.T.);
#1806=ORIENTED_EDGE('',*,*,#1342,.T.);
#1807=ORIENTED_EDGE('',*,*,#1339,.F.);
#1808=ORIENTED_EDGE('',*,*,#1343,.T.);
#1809=ORIENTED_EDGE('',*,*,#1269,.F.);
#1810=ORIENTED_EDGE('',*,*,#1274,.F.);
#1811=ORIENTED_EDGE('',*,*,#1343,.F.);
#1812=ORIENTED_EDGE('',*,*,#1344,.F.);
#1813=ORIENTED_EDGE('',*,*,#1263,.F.);
#1814=ORIENTED_EDGE('',*,*,#1266,.F.);
#1815=ORIENTED_EDGE('',*,*,#1260,.F.);
#1816=ORIENTED_EDGE('',*,*,#1344,.T.);
#1817=ORIENTED_EDGE('',*,*,#1341,.F.);
#1818=ORIENTED_EDGE('',*,*,#1345,.F.);
#1819=ORIENTED_EDGE('',*,*,#1257,.F.);
#1820=ORIENTED_EDGE('',*,*,#1345,.T.);
#1821=ORIENTED_EDGE('',*,*,#1336,.F.);
#1822=ORIENTED_EDGE('',*,*,#1251,.F.);
#1823=ORIENTED_EDGE('',*,*,#1254,.F.);
#1824=ORIENTED_EDGE('',*,*,#1272,.F.);
#1825=ORIENTED_EDGE('',*,*,#1232,.T.);
#1826=ORIENTED_EDGE('',*,*,#1335,.F.);
#1827=ORIENTED_EDGE('',*,*,#1346,.T.);
#1828=ORIENTED_EDGE('',*,*,#1342,.F.);
#1829=ORIENTED_EDGE('',*,*,#1346,.F.);
#1830=ORIENTED_EDGE('',*,*,#1338,.F.);
#1831=ORIENTED_EDGE('',*,*,#1340,.F.);
#1832=ORIENTED_EDGE('',*,*,#1347,.T.);
#1833=ORIENTED_EDGE('',*,*,#1348,.T.);
#1834=ORIENTED_EDGE('',*,*,#1349,.T.);
#1835=ORIENTED_EDGE('',*,*,#1350,.T.);
#1836=ORIENTED_EDGE('',*,*,#1351,.T.);
#1837=ORIENTED_EDGE('',*,*,#1352,.T.);
#1838=ORIENTED_EDGE('',*,*,#1347,.F.);
#1839=ORIENTED_EDGE('',*,*,#1353,.T.);
#1840=ORIENTED_EDGE('',*,*,#1225,.T.);
#1841=ORIENTED_EDGE('',*,*,#1354,.T.);
#1842=ORIENTED_EDGE('',*,*,#1351,.F.);
#1843=ORIENTED_EDGE('',*,*,#1355,.T.);
#1844=ORIENTED_EDGE('',*,*,#1355,.F.);
#1845=ORIENTED_EDGE('',*,*,#1353,.F.);
#1846=ORIENTED_EDGE('',*,*,#1356,.F.);
#1847=ORIENTED_EDGE('',*,*,#1357,.F.);
#1848=ORIENTED_EDGE('',*,*,#1358,.F.);
#1849=ORIENTED_EDGE('',*,*,#1226,.F.);
#1850=ORIENTED_EDGE('',*,*,#1350,.F.);
#1851=ORIENTED_EDGE('',*,*,#1359,.F.);
#1852=ORIENTED_EDGE('',*,*,#1360,.F.);
#1853=ORIENTED_EDGE('',*,*,#1356,.T.);
#1854=ORIENTED_EDGE('',*,*,#1361,.T.);
#1855=ORIENTED_EDGE('',*,*,#1362,.T.);
#1856=ORIENTED_EDGE('',*,*,#1363,.T.);
#1857=ORIENTED_EDGE('',*,*,#1364,.T.);
#1858=ORIENTED_EDGE('',*,*,#1365,.T.);
#1859=ORIENTED_EDGE('',*,*,#1366,.T.);
#1860=ORIENTED_EDGE('',*,*,#1361,.F.);
#1861=ORIENTED_EDGE('',*,*,#1367,.T.);
#1862=ORIENTED_EDGE('',*,*,#1223,.T.);
#1863=ORIENTED_EDGE('',*,*,#1368,.T.);
#1864=ORIENTED_EDGE('',*,*,#1365,.F.);
#1865=ORIENTED_EDGE('',*,*,#1369,.T.);
#1866=ORIENTED_EDGE('',*,*,#1354,.F.);
#1867=ORIENTED_EDGE('',*,*,#1224,.T.);
#1868=ORIENTED_EDGE('',*,*,#1369,.F.);
#1869=ORIENTED_EDGE('',*,*,#1370,.T.);
#1870=ORIENTED_EDGE('',*,*,#1352,.F.);
#1871=ORIENTED_EDGE('',*,*,#1370,.F.);
#1872=ORIENTED_EDGE('',*,*,#1367,.F.);
#1873=ORIENTED_EDGE('',*,*,#1364,.F.);
#1874=ORIENTED_EDGE('',*,*,#1371,.F.);
#1875=ORIENTED_EDGE('',*,*,#1372,.F.);
#1876=ORIENTED_EDGE('',*,*,#1373,.F.);
#1877=ORIENTED_EDGE('',*,*,#1348,.F.);
#1878=ORIENTED_EDGE('',*,*,#1374,.T.);
#1879=ORIENTED_EDGE('',*,*,#1375,.T.);
#1880=ORIENTED_EDGE('',*,*,#1349,.F.);
#1881=ORIENTED_EDGE('',*,*,#1373,.T.);
#1882=ORIENTED_EDGE('',*,*,#1376,.T.);
#1883=ORIENTED_EDGE('',*,*,#1377,.T.);
#1884=ORIENTED_EDGE('',*,*,#1374,.F.);
#1885=ORIENTED_EDGE('',*,*,#1372,.T.);
#1886=ORIENTED_EDGE('',*,*,#1378,.T.);
#1887=ORIENTED_EDGE('',*,*,#1376,.F.);
#1888=ORIENTED_EDGE('',*,*,#1371,.T.);
#1889=ORIENTED_EDGE('',*,*,#1363,.F.);
#1890=ORIENTED_EDGE('',*,*,#1206,.F.);
#1891=ORIENTED_EDGE('',*,*,#1379,.T.);
#1892=ORIENTED_EDGE('',*,*,#1380,.F.);
#1893=ORIENTED_EDGE('',*,*,#1381,.F.);
#1894=ORIENTED_EDGE('',*,*,#1382,.F.);
#1895=ORIENTED_EDGE('',*,*,#1197,.T.);
#1896=ORIENTED_EDGE('',*,*,#1205,.F.);
#1897=ORIENTED_EDGE('',*,*,#1236,.F.);
#1898=ORIENTED_EDGE('',*,*,#1277,.F.);
#1899=ORIENTED_EDGE('',*,*,#1383,.T.);
#1900=ORIENTED_EDGE('',*,*,#1384,.F.);
#1901=ORIENTED_EDGE('',*,*,#1385,.T.);
#1902=ORIENTED_EDGE('',*,*,#1386,.F.);
#1903=ORIENTED_EDGE('',*,*,#1379,.F.);
#1904=ORIENTED_EDGE('',*,*,#1387,.T.);
#1905=ORIENTED_EDGE('',*,*,#1238,.F.);
#1906=ORIENTED_EDGE('',*,*,#1388,.F.);
#1907=ORIENTED_EDGE('',*,*,#1389,.F.);
#1908=ORIENTED_EDGE('',*,*,#1390,.T.);
#1909=ORIENTED_EDGE('',*,*,#1391,.F.);
#1910=ORIENTED_EDGE('',*,*,#1392,.F.);
#1911=ORIENTED_EDGE('',*,*,#1186,.F.);
#1912=ORIENTED_EDGE('',*,*,#1393,.F.);
#1913=ORIENTED_EDGE('',*,*,#1394,.F.);
#1914=ORIENTED_EDGE('',*,*,#1395,.F.);
#1915=ORIENTED_EDGE('',*,*,#1396,.F.);
#1916=ORIENTED_EDGE('',*,*,#1397,.F.);
#1917=ORIENTED_EDGE('',*,*,#1398,.F.);
#1918=ORIENTED_EDGE('',*,*,#1388,.T.);
#1919=ORIENTED_EDGE('',*,*,#1237,.F.);
#1920=ORIENTED_EDGE('',*,*,#1399,.T.);
#1921=ORIENTED_EDGE('',*,*,#1400,.T.);
#1922=ORIENTED_EDGE('',*,*,#1401,.T.);
#1923=ORIENTED_EDGE('',*,*,#1221,.T.);
#1924=ORIENTED_EDGE('',*,*,#1402,.T.);
#1925=ORIENTED_EDGE('',*,*,#1400,.F.);
#1926=ORIENTED_EDGE('',*,*,#1403,.F.);
#1927=ORIENTED_EDGE('',*,*,#1404,.F.);
#1928=ORIENTED_EDGE('',*,*,#1405,.F.);
#1929=ORIENTED_EDGE('',*,*,#1406,.T.);
#1930=ORIENTED_EDGE('',*,*,#1407,.T.);
#1931=ORIENTED_EDGE('',*,*,#1408,.T.);
#1932=ORIENTED_EDGE('',*,*,#1409,.T.);
#1933=ORIENTED_EDGE('',*,*,#1399,.F.);
#1934=ORIENTED_EDGE('',*,*,#1410,.T.);
#1935=ORIENTED_EDGE('',*,*,#1411,.F.);
#1936=ORIENTED_EDGE('',*,*,#1412,.F.);
#1937=ORIENTED_EDGE('',*,*,#1413,.F.);
#1938=ORIENTED_EDGE('',*,*,#1403,.T.);
#1939=ORIENTED_EDGE('',*,*,#1239,.F.);
#1940=ORIENTED_EDGE('',*,*,#1392,.T.);
#1941=ORIENTED_EDGE('',*,*,#1414,.F.);
#1942=ORIENTED_EDGE('',*,*,#1415,.T.);
#1943=ORIENTED_EDGE('',*,*,#1416,.F.);
#1944=ORIENTED_EDGE('',*,*,#1410,.F.);
#1945=ORIENTED_EDGE('',*,*,#1402,.F.);
#1946=ORIENTED_EDGE('',*,*,#1220,.F.);
#1947=ORIENTED_EDGE('',*,*,#1417,.T.);
#1948=ORIENTED_EDGE('',*,*,#1276,.F.);
#1949=ORIENTED_EDGE('',*,*,#1285,.T.);
#1950=ORIENTED_EDGE('',*,*,#1418,.F.);
#1951=ORIENTED_EDGE('',*,*,#1419,.T.);
#1952=ORIENTED_EDGE('',*,*,#1420,.F.);
#1953=ORIENTED_EDGE('',*,*,#1383,.F.);
#1954=ORIENTED_EDGE('',*,*,#1358,.T.);
#1955=ORIENTED_EDGE('',*,*,#1421,.T.);
#1956=ORIENTED_EDGE('',*,*,#1217,.T.);
#1957=ORIENTED_EDGE('',*,*,#1227,.T.);
#1958=ORIENTED_EDGE('',*,*,#1208,.F.);
#1959=ORIENTED_EDGE('',*,*,#1422,.T.);
#1960=ORIENTED_EDGE('',*,*,#1423,.F.);
#1961=ORIENTED_EDGE('',*,*,#1424,.F.);
#1962=ORIENTED_EDGE('',*,*,#1279,.T.);
#1963=ORIENTED_EDGE('',*,*,#1212,.F.);
#1964=ORIENTED_EDGE('',*,*,#1425,.F.);
#1965=ORIENTED_EDGE('',*,*,#1426,.F.);
#1966=ORIENTED_EDGE('',*,*,#1422,.F.);
#1967=ORIENTED_EDGE('',*,*,#1218,.F.);
#1968=ORIENTED_EDGE('',*,*,#1427,.T.);
#1969=ORIENTED_EDGE('',*,*,#1428,.F.);
#1970=ORIENTED_EDGE('',*,*,#1429,.F.);
#1971=ORIENTED_EDGE('',*,*,#1425,.T.);
#1972=ORIENTED_EDGE('',*,*,#1421,.F.);
#1973=ORIENTED_EDGE('',*,*,#1357,.T.);
#1974=ORIENTED_EDGE('',*,*,#1360,.T.);
#1975=ORIENTED_EDGE('',*,*,#1430,.T.);
#1976=ORIENTED_EDGE('',*,*,#1431,.T.);
#1977=ORIENTED_EDGE('',*,*,#1432,.F.);
#1978=ORIENTED_EDGE('',*,*,#1433,.F.);
#1979=ORIENTED_EDGE('',*,*,#1434,.F.);
#1980=ORIENTED_EDGE('',*,*,#1435,.F.);
#1981=ORIENTED_EDGE('',*,*,#1427,.F.);
#1982=ORIENTED_EDGE('',*,*,#1171,.F.);
#1983=ORIENTED_EDGE('',*,*,#1203,.T.);
#1984=ORIENTED_EDGE('',*,*,#1436,.T.);
#1985=ORIENTED_EDGE('',*,*,#1437,.T.);
#1986=ORIENTED_EDGE('',*,*,#1438,.T.);
#1987=ORIENTED_EDGE('',*,*,#1439,.T.);
#1988=ORIENTED_EDGE('',*,*,#1436,.F.);
#1989=ORIENTED_EDGE('',*,*,#1202,.T.);
#1990=ORIENTED_EDGE('',*,*,#1440,.T.);
#1991=ORIENTED_EDGE('',*,*,#1441,.T.);
#1992=ORIENTED_EDGE('',*,*,#1438,.F.);
#1993=ORIENTED_EDGE('',*,*,#1201,.T.);
#1994=ORIENTED_EDGE('',*,*,#1442,.T.);
#1995=ORIENTED_EDGE('',*,*,#1443,.T.);
#1996=ORIENTED_EDGE('',*,*,#1440,.F.);
#1997=ORIENTED_EDGE('',*,*,#1200,.T.);
#1998=ORIENTED_EDGE('',*,*,#1444,.T.);
#1999=ORIENTED_EDGE('',*,*,#1445,.T.);
#2000=ORIENTED_EDGE('',*,*,#1442,.F.);
#2001=ORIENTED_EDGE('',*,*,#1199,.T.);
#2002=ORIENTED_EDGE('',*,*,#1446,.T.);
#2003=ORIENTED_EDGE('',*,*,#1447,.T.);
#2004=ORIENTED_EDGE('',*,*,#1444,.F.);
#2005=ORIENTED_EDGE('',*,*,#1198,.T.);
#2006=ORIENTED_EDGE('',*,*,#1382,.T.);
#2007=ORIENTED_EDGE('',*,*,#1191,.F.);
#2008=ORIENTED_EDGE('',*,*,#1437,.F.);
#2009=ORIENTED_EDGE('',*,*,#1448,.T.);
#2010=ORIENTED_EDGE('',*,*,#1449,.F.);
#2011=ORIENTED_EDGE('',*,*,#1439,.F.);
#2012=ORIENTED_EDGE('',*,*,#1450,.T.);
#2013=ORIENTED_EDGE('',*,*,#1451,.F.);
#2014=ORIENTED_EDGE('',*,*,#1452,.F.);
#2015=ORIENTED_EDGE('',*,*,#1448,.F.);
#2016=ORIENTED_EDGE('',*,*,#1441,.F.);
#2017=ORIENTED_EDGE('',*,*,#1453,.T.);
#2018=ORIENTED_EDGE('',*,*,#1454,.F.);
#2019=ORIENTED_EDGE('',*,*,#1450,.F.);
#2020=ORIENTED_EDGE('',*,*,#1443,.F.);
#2021=ORIENTED_EDGE('',*,*,#1455,.T.);
#2022=ORIENTED_EDGE('',*,*,#1456,.F.);
#2023=ORIENTED_EDGE('',*,*,#1453,.F.);
#2024=ORIENTED_EDGE('',*,*,#1445,.F.);
#2025=ORIENTED_EDGE('',*,*,#1457,.F.);
#2026=ORIENTED_EDGE('',*,*,#1458,.F.);
#2027=ORIENTED_EDGE('',*,*,#1455,.F.);
#2028=ORIENTED_EDGE('',*,*,#1447,.F.);
#2029=ORIENTED_EDGE('',*,*,#1459,.T.);
#2030=ORIENTED_EDGE('',*,*,#1460,.F.);
#2031=ORIENTED_EDGE('',*,*,#1457,.T.);
#2032=ORIENTED_EDGE('',*,*,#1446,.F.);
#2033=ORIENTED_EDGE('',*,*,#1381,.T.);
#2034=ORIENTED_EDGE('',*,*,#1461,.F.);
#2035=ORIENTED_EDGE('',*,*,#1462,.T.);
#2036=ORIENTED_EDGE('',*,*,#1463,.F.);
#2037=ORIENTED_EDGE('',*,*,#1419,.F.);
#2038=ORIENTED_EDGE('',*,*,#1464,.F.);
#2039=ORIENTED_EDGE('',*,*,#1459,.F.);
#2040=ORIENTED_EDGE('',*,*,#1465,.T.);
#2041=ORIENTED_EDGE('',*,*,#1466,.T.);
#2042=ORIENTED_EDGE('',*,*,#1428,.T.);
#2043=ORIENTED_EDGE('',*,*,#1467,.T.);
#2044=ORIENTED_EDGE('',*,*,#1468,.T.);
#2045=ORIENTED_EDGE('',*,*,#1469,.T.);
#2046=ORIENTED_EDGE('',*,*,#1470,.T.);
#2047=ORIENTED_EDGE('',*,*,#1467,.F.);
#2048=ORIENTED_EDGE('',*,*,#1435,.T.);
#2049=ORIENTED_EDGE('',*,*,#1471,.T.);
#2050=ORIENTED_EDGE('',*,*,#1472,.T.);
#2051=ORIENTED_EDGE('',*,*,#1469,.F.);
#2052=ORIENTED_EDGE('',*,*,#1434,.T.);
#2053=ORIENTED_EDGE('',*,*,#1473,.T.);
#2054=ORIENTED_EDGE('',*,*,#1474,.T.);
#2055=ORIENTED_EDGE('',*,*,#1471,.F.);
#2056=ORIENTED_EDGE('',*,*,#1433,.T.);
#2057=ORIENTED_EDGE('',*,*,#1475,.T.);
#2058=ORIENTED_EDGE('',*,*,#1405,.T.);
#2059=ORIENTED_EDGE('',*,*,#1476,.T.);
#2060=ORIENTED_EDGE('',*,*,#1477,.T.);
#2061=ORIENTED_EDGE('',*,*,#1473,.F.);
#2062=ORIENTED_EDGE('',*,*,#1432,.T.);
#2063=ORIENTED_EDGE('',*,*,#1478,.T.);
#2064=ORIENTED_EDGE('',*,*,#1479,.T.);
#2065=ORIENTED_EDGE('',*,*,#1476,.F.);
#2066=ORIENTED_EDGE('',*,*,#1404,.T.);
#2067=ORIENTED_EDGE('',*,*,#1413,.T.);
#2068=ORIENTED_EDGE('',*,*,#1188,.F.);
#2069=ORIENTED_EDGE('',*,*,#1480,.T.);
#2070=ORIENTED_EDGE('',*,*,#1429,.T.);
#2071=ORIENTED_EDGE('',*,*,#1466,.F.);
#2072=ORIENTED_EDGE('',*,*,#1213,.T.);
#2073=ORIENTED_EDGE('',*,*,#1418,.T.);
#2074=ORIENTED_EDGE('',*,*,#1284,.T.);
#2075=ORIENTED_EDGE('',*,*,#1481,.T.);
#2076=ORIENTED_EDGE('',*,*,#1460,.T.);
#2077=ORIENTED_EDGE('',*,*,#1464,.T.);
#2078=ORIENTED_EDGE('',*,*,#1482,.T.);
#2079=ORIENTED_EDGE('',*,*,#1458,.T.);
#2080=ORIENTED_EDGE('',*,*,#1481,.F.);
#2081=ORIENTED_EDGE('',*,*,#1283,.T.);
#2082=ORIENTED_EDGE('',*,*,#1483,.T.);
#2083=ORIENTED_EDGE('',*,*,#1456,.T.);
#2084=ORIENTED_EDGE('',*,*,#1482,.F.);
#2085=ORIENTED_EDGE('',*,*,#1282,.T.);
#2086=ORIENTED_EDGE('',*,*,#1484,.T.);
#2087=ORIENTED_EDGE('',*,*,#1454,.T.);
#2088=ORIENTED_EDGE('',*,*,#1483,.F.);
#2089=ORIENTED_EDGE('',*,*,#1281,.T.);
#2090=ORIENTED_EDGE('',*,*,#1485,.T.);
#2091=ORIENTED_EDGE('',*,*,#1451,.T.);
#2092=ORIENTED_EDGE('',*,*,#1484,.F.);
#2093=ORIENTED_EDGE('',*,*,#1280,.T.);
#2094=ORIENTED_EDGE('',*,*,#1486,.T.);
#2095=ORIENTED_EDGE('',*,*,#1452,.T.);
#2096=ORIENTED_EDGE('',*,*,#1485,.F.);
#2097=ORIENTED_EDGE('',*,*,#1424,.T.);
#2098=ORIENTED_EDGE('',*,*,#1192,.F.);
#2099=ORIENTED_EDGE('',*,*,#1449,.T.);
#2100=ORIENTED_EDGE('',*,*,#1486,.F.);
#2101=ORIENTED_EDGE('',*,*,#1423,.T.);
#2102=ORIENTED_EDGE('',*,*,#1487,.T.);
#2103=ORIENTED_EDGE('',*,*,#1193,.F.);
#2104=ORIENTED_EDGE('',*,*,#1487,.F.);
#2105=ORIENTED_EDGE('',*,*,#1426,.T.);
#2106=ORIENTED_EDGE('',*,*,#1480,.F.);
#2107=ORIENTED_EDGE('',*,*,#1377,.F.);
#2108=ORIENTED_EDGE('',*,*,#1488,.F.);
#2109=ORIENTED_EDGE('',*,*,#1406,.F.);
#2110=ORIENTED_EDGE('',*,*,#1475,.F.);
#2111=ORIENTED_EDGE('',*,*,#1431,.F.);
#2112=ORIENTED_EDGE('',*,*,#1489,.T.);
#2113=ORIENTED_EDGE('',*,*,#1174,.F.);
#2114=ORIENTED_EDGE('',*,*,#1215,.T.);
#2115=ORIENTED_EDGE('',*,*,#1490,.T.);
#2116=ORIENTED_EDGE('',*,*,#1393,.T.);
#2117=ORIENTED_EDGE('',*,*,#1491,.T.);
#2118=ORIENTED_EDGE('',*,*,#1394,.T.);
#2119=ORIENTED_EDGE('',*,*,#1490,.F.);
#2120=ORIENTED_EDGE('',*,*,#1492,.T.);
#2121=ORIENTED_EDGE('',*,*,#1493,.T.);
#2122=ORIENTED_EDGE('',*,*,#1395,.T.);
#2123=ORIENTED_EDGE('',*,*,#1491,.F.);
#2124=ORIENTED_EDGE('',*,*,#1494,.T.);
#2125=ORIENTED_EDGE('',*,*,#1495,.T.);
#2126=ORIENTED_EDGE('',*,*,#1396,.T.);
#2127=ORIENTED_EDGE('',*,*,#1493,.F.);
#2128=ORIENTED_EDGE('',*,*,#1496,.T.);
#2129=ORIENTED_EDGE('',*,*,#1497,.T.);
#2130=ORIENTED_EDGE('',*,*,#1397,.T.);
#2131=ORIENTED_EDGE('',*,*,#1495,.F.);
#2132=ORIENTED_EDGE('',*,*,#1498,.T.);
#2133=ORIENTED_EDGE('',*,*,#1389,.T.);
#2134=ORIENTED_EDGE('',*,*,#1398,.T.);
#2135=ORIENTED_EDGE('',*,*,#1497,.F.);
#2136=ORIENTED_EDGE('',*,*,#1499,.T.);
#2137=ORIENTED_EDGE('',*,*,#1500,.T.);
#2138=ORIENTED_EDGE('',*,*,#1479,.F.);
#2139=ORIENTED_EDGE('',*,*,#1501,.T.);
#2140=ORIENTED_EDGE('',*,*,#1499,.F.);
#2141=ORIENTED_EDGE('',*,*,#1502,.T.);
#2142=ORIENTED_EDGE('',*,*,#1477,.F.);
#2143=ORIENTED_EDGE('',*,*,#1502,.F.);
#2144=ORIENTED_EDGE('',*,*,#1498,.F.);
#2145=ORIENTED_EDGE('',*,*,#1503,.F.);
#2146=ORIENTED_EDGE('',*,*,#1474,.F.);
#2147=ORIENTED_EDGE('',*,*,#1503,.T.);
#2148=ORIENTED_EDGE('',*,*,#1496,.F.);
#2149=ORIENTED_EDGE('',*,*,#1504,.F.);
#2150=ORIENTED_EDGE('',*,*,#1472,.F.);
#2151=ORIENTED_EDGE('',*,*,#1504,.T.);
#2152=ORIENTED_EDGE('',*,*,#1494,.F.);
#2153=ORIENTED_EDGE('',*,*,#1505,.F.);
#2154=ORIENTED_EDGE('',*,*,#1470,.F.);
#2155=ORIENTED_EDGE('',*,*,#1505,.T.);
#2156=ORIENTED_EDGE('',*,*,#1492,.F.);
#2157=ORIENTED_EDGE('',*,*,#1214,.F.);
#2158=ORIENTED_EDGE('',*,*,#1468,.F.);
#2159=ORIENTED_EDGE('',*,*,#1465,.F.);
#2160=ORIENTED_EDGE('',*,*,#1506,.T.);
#2161=ORIENTED_EDGE('',*,*,#1387,.F.);
#2162=ORIENTED_EDGE('',*,*,#1506,.F.);
#2163=ORIENTED_EDGE('',*,*,#1507,.F.);
#2164=ORIENTED_EDGE('',*,*,#1508,.T.);
#2165=ORIENTED_EDGE('',*,*,#1417,.F.);
#2166=ORIENTED_EDGE('',*,*,#1508,.F.);
#2167=ORIENTED_EDGE('',*,*,#1478,.F.);
#2168=ORIENTED_EDGE('',*,*,#1412,.T.);
#2169=ORIENTED_EDGE('',*,*,#1509,.F.);
#2170=ORIENTED_EDGE('',*,*,#1510,.T.);
#2171=ORIENTED_EDGE('',*,*,#1511,.F.);
#2172=ORIENTED_EDGE('',*,*,#1390,.F.);
#2173=ORIENTED_EDGE('',*,*,#1500,.F.);
#2174=ORIENTED_EDGE('',*,*,#1501,.F.);
#2175=ORIENTED_EDGE('',*,*,#1507,.T.);
#2176=ORIENTED_EDGE('',*,*,#1461,.T.);
#2177=ORIENTED_EDGE('',*,*,#1380,.T.);
#2178=ORIENTED_EDGE('',*,*,#1386,.T.);
#2179=ORIENTED_EDGE('',*,*,#1512,.T.);
#2180=ORIENTED_EDGE('',*,*,#1512,.F.);
#2181=ORIENTED_EDGE('',*,*,#1385,.F.);
#2182=ORIENTED_EDGE('',*,*,#1513,.F.);
#2183=ORIENTED_EDGE('',*,*,#1462,.F.);
#2184=ORIENTED_EDGE('',*,*,#1384,.T.);
#2185=ORIENTED_EDGE('',*,*,#1420,.T.);
#2186=ORIENTED_EDGE('',*,*,#1463,.T.);
#2187=ORIENTED_EDGE('',*,*,#1513,.T.);
#2188=ORIENTED_EDGE('',*,*,#1414,.T.);
#2189=ORIENTED_EDGE('',*,*,#1391,.T.);
#2190=ORIENTED_EDGE('',*,*,#1511,.T.);
#2191=ORIENTED_EDGE('',*,*,#1514,.T.);
#2192=ORIENTED_EDGE('',*,*,#1514,.F.);
#2193=ORIENTED_EDGE('',*,*,#1510,.F.);
#2194=ORIENTED_EDGE('',*,*,#1515,.F.);
#2195=ORIENTED_EDGE('',*,*,#1415,.F.);
#2196=ORIENTED_EDGE('',*,*,#1509,.T.);
#2197=ORIENTED_EDGE('',*,*,#1411,.T.);
#2198=ORIENTED_EDGE('',*,*,#1416,.T.);
#2199=ORIENTED_EDGE('',*,*,#1515,.T.);
#2200=ORIENTED_EDGE('',*,*,#1378,.F.);
#2201=ORIENTED_EDGE('',*,*,#1516,.F.);
#2202=ORIENTED_EDGE('',*,*,#1407,.F.);
#2203=ORIENTED_EDGE('',*,*,#1488,.T.);
#2204=ORIENTED_EDGE('',*,*,#1375,.F.);
#2205=ORIENTED_EDGE('',*,*,#1489,.F.);
#2206=ORIENTED_EDGE('',*,*,#1430,.F.);
#2207=ORIENTED_EDGE('',*,*,#1359,.T.);
#2208=ORIENTED_EDGE('',*,*,#1368,.F.);
#2209=ORIENTED_EDGE('',*,*,#1222,.F.);
#2210=ORIENTED_EDGE('',*,*,#1401,.F.);
#2211=ORIENTED_EDGE('',*,*,#1409,.F.);
#2212=ORIENTED_EDGE('',*,*,#1517,.T.);
#2213=ORIENTED_EDGE('',*,*,#1366,.F.);
#2214=ORIENTED_EDGE('',*,*,#1362,.F.);
#2215=ORIENTED_EDGE('',*,*,#1517,.F.);
#2216=ORIENTED_EDGE('',*,*,#1408,.F.);
#2217=ORIENTED_EDGE('',*,*,#1516,.T.);
#2218=B_SPLINE_SURFACE_WITH_KNOTS('',3,3,((#3422,#3423,#3424,#3425,#3426,
#3427,#3428),(#3429,#3430,#3431,#3432,#3433,#3434,#3435),(#3436,#3437,#3438,
#3439,#3440,#3441,#3442),(#3443,#3444,#3445,#3446,#3447,#3448,#3449),(#3450,
#3451,#3452,#3453,#3454,#3455,#3456)),.UNSPECIFIED.,.F.,.F.,.F.,(4,1,4),
(4,1,1,1,4),(0.,0.571428571428571,1.),(-1.5707963267949,-0.897597901025653,
-0.448798950512823,-0.224399475256409,6.10622663543836E-15),
 .UNSPECIFIED.);
#2219=B_SPLINE_SURFACE_WITH_KNOTS('',3,3,((#3463,#3464,#3465,#3466,#3467,
#3468,#3469),(#3470,#3471,#3472,#3473,#3474,#3475,#3476),(#3477,#3478,#3479,
#3480,#3481,#3482,#3483),(#3484,#3485,#3486,#3487,#3488,#3489,#3490),(#3491,
#3492,#3493,#3494,#3495,#3496,#3497)),.UNSPECIFIED.,.F.,.F.,.F.,(4,1,4),
(4,1,1,1,4),(0.,0.571428571428571,1.),(-1.5707963267949,-0.897597901025655,
-0.448798950512827,-0.224399475256413,1.01770443923973E-15),
 .UNSPECIFIED.);
#2220=B_SPLINE_SURFACE_WITH_KNOTS('',3,3,((#3504,#3505,#3506,#3507,#3508,
#3509,#3510),(#3511,#3512,#3513,#3514,#3515,#3516,#3517),(#3518,#3519,#3520,
#3521,#3522,#3523,#3524),(#3525,#3526,#3527,#3528,#3529,#3530,#3531),(#3532,
#3533,#3534,#3535,#3536,#3537,#3538)),.UNSPECIFIED.,.F.,.F.,.F.,(4,1,4),
(4,1,1,1,4),(0.,0.571428571428571,1.),(-1.5707963267949,-0.897597901025656,
-0.44879895051283,-0.224399475256416,-3.23815048849004E-15),
 .UNSPECIFIED.);
#2221=B_SPLINE_SURFACE_WITH_KNOTS('',3,3,((#3545,#3546,#3547,#3548,#3549,
#3550,#3551),(#3552,#3553,#3554,#3555,#3556,#3557,#3558),(#3559,#3560,#3561,
#3562,#3563,#3564,#3565),(#3566,#3567,#3568,#3569,#3570,#3571,#3572),(#3573,
#3574,#3575,#3576,#3577,#3578,#3579)),.UNSPECIFIED.,.F.,.F.,.F.,(4,1,4),
(4,1,1,1,4),(0.,0.571428571428571,1.),(-1.5707963267949,-0.897597901025656,
-0.448798950512828,-0.224399475256414,-4.62592926927148E-16),
 .UNSPECIFIED.);
#2222=B_SPLINE_SURFACE_WITH_KNOTS('',3,3,((#3781,#3782,#3783,#3784,#3785,
#3786,#3787,#3788,#3789,#3790,#3791),(#3792,#3793,#3794,#3795,#3796,#3797,
#3798,#3799,#3800,#3801,#3802),(#3803,#3804,#3805,#3806,#3807,#3808,#3809,
#3810,#3811,#3812,#3813),(#3814,#3815,#3816,#3817,#3818,#3819,#3820,#3821,
#3822,#3823,#3824)),.UNSPECIFIED.,.F.,.F.,.F.,(4,4),(4,2,1,1,1,1,1,4),(0.,
1.),(-0.000159183475385925,0.,0.0109761631904368,0.0219523263808737,0.0329284895713105,
0.038416571166529,0.0439046527617474,0.0548808159521842),.UNSPECIFIED.);
#2223=B_SPLINE_SURFACE_WITH_KNOTS('',3,3,((#3844,#3845,#3846,#3847,#3848),
(#3849,#3850,#3851,#3852,#3853),(#3854,#3855,#3856,#3857,#3858),(#3859,
#3860,#3861,#3862,#3863),(#3864,#3865,#3866,#3867,#3868)),.UNSPECIFIED.,
 .F.,.F.,.F.,(4,1,4),(4,1,4),(0.,0.5,1.),(-1.57079632679491,-0.897597901025667,
-1.10725497144952E-14),.UNSPECIFIED.);
#2224=B_SPLINE_SURFACE_WITH_KNOTS('',3,3,((#3892,#3893,#3894,#3895,#3896),
(#3897,#3898,#3899,#3900,#3901),(#3902,#3903,#3904,#3905,#3906),(#3907,
#3908,#3909,#3910,#3911),(#3912,#3913,#3914,#3915,#3916)),.UNSPECIFIED.,
 .F.,.F.,.F.,(4,1,4),(4,1,4),(0.,0.5,1.),(1.06581410364015E-14,0.673198425769252,
1.57079632679491),.UNSPECIFIED.);
#2225=B_SPLINE_SURFACE_WITH_KNOTS('',3,3,((#3925,#3926,#3927,#3928,#3929,
#3930,#3931,#3932,#3933,#3934,#3935),(#3936,#3937,#3938,#3939,#3940,#3941,
#3942,#3943,#3944,#3945,#3946),(#3947,#3948,#3949,#3950,#3951,#3952,#3953,
#3954,#3955,#3956,#3957),(#3958,#3959,#3960,#3961,#3962,#3963,#3964,#3965,
#3966,#3967,#3968),(#3969,#3970,#3971,#3972,#3973,#3974,#3975,#3976,#3977,
#3978,#3979)),.UNSPECIFIED.,.F.,.F.,.F.,(4,1,4),(4,1,1,1,1,1,2,4),(0.,0.5,
1.),(0.,0.0279176053999578,0.0837528161998735,0.0977116188998525,0.111670421599831,
0.12562922429981,0.139588026999789,0.139746503513427),.UNSPECIFIED.);
#2226=B_SPLINE_SURFACE_WITH_KNOTS('',3,3,((#3991,#3992,#3993,#3994,#3995),
(#3996,#3997,#3998,#3999,#4000),(#4001,#4002,#4003,#4004,#4005),(#4006,
#4007,#4008,#4009,#4010),(#4011,#4012,#4013,#4014,#4015)),.UNSPECIFIED.,
 .F.,.F.,.F.,(4,1,4),(4,1,4),(0.,0.5,1.),(-1.12423248099552,-0.562116240497764,
-5.03982820389051E-15),.UNSPECIFIED.);
#2227=B_SPLINE_SURFACE_WITH_KNOTS('',3,3,((#4017,#4018,#4019,#4020,#4021),
(#4022,#4023,#4024,#4025,#4026),(#4027,#4028,#4029,#4030,#4031),(#4032,
#4033,#4034,#4035,#4036),(#4037,#4038,#4039,#4040,#4041)),.UNSPECIFIED.,
 .F.,.F.,.F.,(4,1,4),(4,1,4),(0.,0.5,1.),(-1.5707963267949,-0.673198425769242,
0.),.UNSPECIFIED.);
#2228=B_SPLINE_SURFACE_WITH_KNOTS('',3,3,((#4270,#4271,#4272,#4273,#4274),
(#4275,#4276,#4277,#4278,#4279),(#4280,#4281,#4282,#4283,#4284),(#4285,
#4286,#4287,#4288,#4289)),.UNSPECIFIED.,.F.,.F.,.F.,(4,4),(4,1,4),(0.,0.284291373860949),
(-2.66453525910038E-15,0.785398163397447,1.5707963267949),.UNSPECIFIED.);
#2229=B_SPLINE_SURFACE_WITH_KNOTS('',3,3,((#4684,#4685,#4686,#4687,#4688,
#4689),(#4690,#4691,#4692,#4693,#4694,#4695),(#4696,#4697,#4698,#4699,#4700,
#4701),(#4702,#4703,#4704,#4705,#4706,#4707),(#4708,#4709,#4710,#4711,#4712,
#4713)),.UNSPECIFIED.,.F.,.F.,.F.,(4,1,4),(4,1,1,4),(0.,0.571428571428571,
1.),(0.,0.225525196915588,0.451050393831176,0.789338189204558),
 .UNSPECIFIED.);
#2230=B_SPLINE_SURFACE_WITH_KNOTS('',3,3,((#4765,#4766,#4767,#4768,#4769,
#4770),(#4771,#4772,#4773,#4774,#4775,#4776),(#4777,#4778,#4779,#4780,#4781,
#4782),(#4783,#4784,#4785,#4786,#4787,#4788),(#4789,#4790,#4791,#4792,#4793,
#4794)),.UNSPECIFIED.,.F.,.F.,.F.,(4,1,4),(4,1,1,4),(0.,0.571428571428571,
1.),(0.403664597352278,0.74194248975684,0.967461084693214,1.19297967962959),
 .UNSPECIFIED.);
#2231=ADVANCED_FACE('',(#508),#2218,.F.);
#2232=ADVANCED_FACE('',(#509),#2219,.F.);
#2233=ADVANCED_FACE('',(#510),#2220,.F.);
#2234=ADVANCED_FACE('',(#511),#2221,.F.);
#2235=ADVANCED_FACE('',(#512),#448,.T.);
#2236=ADVANCED_FACE('',(#513),#449,.T.);
#2237=ADVANCED_FACE('',(#514),#450,.T.);
#2238=ADVANCED_FACE('',(#515),#451,.T.);
#2239=ADVANCED_FACE('',(#516),#51,.T.);
#2240=ADVANCED_FACE('',(#517),#452,.T.);
#2241=ADVANCED_FACE('',(#518),#20,.T.);
#2242=ADVANCED_FACE('',(#519),#453,.T.);
#2243=ADVANCED_FACE('',(#520),#52,.F.);
#2244=ADVANCED_FACE('',(#521),#21,.T.);
#2245=ADVANCED_FACE('',(#522),#53,.T.);
#2246=ADVANCED_FACE('',(#523),#54,.T.);
#2247=ADVANCED_FACE('',(#524),#454,.T.);
#2248=ADVANCED_FACE('',(#525,#15),#55,.T.);
#2249=ADVANCED_FACE('',(#526),#2222,.F.);
#2250=ADVANCED_FACE('',(#527),#455,.T.);
#2251=ADVANCED_FACE('',(#528),#2223,.F.);
#2252=ADVANCED_FACE('',(#529),#456,.T.);
#2253=ADVANCED_FACE('',(#530),#22,.T.);
#2254=ADVANCED_FACE('',(#531),#457,.T.);
#2255=ADVANCED_FACE('',(#532),#2224,.F.);
#2256=ADVANCED_FACE('',(#533),#458,.T.);
#2257=ADVANCED_FACE('',(#534),#2225,.F.);
#2258=ADVANCED_FACE('',(#535),#2226,.F.);
#2259=ADVANCED_FACE('',(#536),#2227,.T.);
#2260=ADVANCED_FACE('',(#537),#459,.T.);
#2261=ADVANCED_FACE('',(#538),#56,.T.);
#2262=ADVANCED_FACE('',(#539),#460,.T.);
#2263=ADVANCED_FACE('',(#540),#461,.T.);
#2264=ADVANCED_FACE('',(#541),#23,.T.);
#2265=ADVANCED_FACE('',(#542),#462,.T.);
#2266=ADVANCED_FACE('',(#543),#24,.T.);
#2267=ADVANCED_FACE('',(#544),#463,.T.);
#2268=ADVANCED_FACE('',(#545),#25,.T.);
#2269=ADVANCED_FACE('',(#546),#26,.T.);
#2270=ADVANCED_FACE('',(#547),#464,.T.);
#2271=ADVANCED_FACE('',(#548),#465,.F.);
#2272=ADVANCED_FACE('',(#549),#57,.F.);
#2273=ADVANCED_FACE('',(#550),#466,.F.);
#2274=ADVANCED_FACE('',(#551),#58,.F.);
#2275=ADVANCED_FACE('',(#552),#27,.F.);
#2276=ADVANCED_FACE('',(#553),#467,.F.);
#2277=ADVANCED_FACE('',(#554),#28,.F.);
#2278=ADVANCED_FACE('',(#555),#468,.F.);
#2279=ADVANCED_FACE('',(#556),#29,.F.);
#2280=ADVANCED_FACE('',(#557),#469,.F.);
#2281=ADVANCED_FACE('',(#558),#30,.F.);
#2282=ADVANCED_FACE('',(#559),#470,.F.);
#2283=ADVANCED_FACE('',(#560),#59,.F.);
#2284=ADVANCED_FACE('',(#561),#471,.F.);
#2285=ADVANCED_FACE('',(#562),#60,.F.);
#2286=ADVANCED_FACE('',(#563),#472,.F.);
#2287=ADVANCED_FACE('',(#564),#61,.T.);
#2288=ADVANCED_FACE('',(#565),#2228,.T.);
#2289=ADVANCED_FACE('',(#566),#473,.F.);
#2290=ADVANCED_FACE('',(#567),#31,.F.);
#2291=ADVANCED_FACE('',(#568),#474,.F.);
#2292=ADVANCED_FACE('',(#569),#62,.F.);
#2293=ADVANCED_FACE('',(#570),#475,.F.);
#2294=ADVANCED_FACE('',(#571),#63,.F.);
#2295=ADVANCED_FACE('',(#572),#476,.T.);
#2296=ADVANCED_FACE('',(#573),#64,.T.);
#2297=ADVANCED_FACE('',(#574),#32,.F.);
#2298=ADVANCED_FACE('',(#575),#477,.F.);
#2299=ADVANCED_FACE('',(#576),#33,.F.);
#2300=ADVANCED_FACE('',(#577),#65,.F.);
#2301=ADVANCED_FACE('',(#578),#478,.F.);
#2302=ADVANCED_FACE('',(#579),#34,.F.);
#2303=ADVANCED_FACE('',(#580),#479,.F.);
#2304=ADVANCED_FACE('',(#581),#35,.F.);
#2305=ADVANCED_FACE('',(#582),#480,.T.);
#2306=ADVANCED_FACE('',(#583),#66,.T.);
#2307=ADVANCED_FACE('',(#584),#481,.F.);
#2308=ADVANCED_FACE('',(#585),#36,.F.);
#2309=ADVANCED_FACE('',(#586),#482,.F.);
#2310=ADVANCED_FACE('',(#587),#67,.T.);
#2311=ADVANCED_FACE('',(#588,#16),#68,.T.);
#2312=ADVANCED_FACE('',(#589),#69,.T.);
#2313=ADVANCED_FACE('',(#590),#70,.T.);
#2314=ADVANCED_FACE('',(#591),#483,.T.);
#2315=ADVANCED_FACE('',(#592),#71,.T.);
#2316=ADVANCED_FACE('',(#593),#72,.T.);
#2317=ADVANCED_FACE('',(#594,#17),#73,.T.);
#2318=ADVANCED_FACE('',(#595),#74,.T.);
#2319=ADVANCED_FACE('',(#596),#484,.T.);
#2320=ADVANCED_FACE('',(#597),#485,.F.);
#2321=ADVANCED_FACE('',(#598),#75,.T.);
#2322=ADVANCED_FACE('',(#599),#486,.F.);
#2323=ADVANCED_FACE('',(#600),#76,.T.);
#2324=ADVANCED_FACE('',(#601),#487,.T.);
#2325=ADVANCED_FACE('',(#602),#37,.T.);
#2326=ADVANCED_FACE('',(#603),#488,.T.);
#2327=ADVANCED_FACE('',(#604),#38,.T.);
#2328=ADVANCED_FACE('',(#605),#489,.T.);
#2329=ADVANCED_FACE('',(#606),#39,.T.);
#2330=ADVANCED_FACE('',(#607),#77,.F.);
#2331=ADVANCED_FACE('',(#608),#490,.F.);
#2332=ADVANCED_FACE('',(#609),#78,.F.);
#2333=ADVANCED_FACE('',(#610),#491,.T.);
#2334=ADVANCED_FACE('',(#611),#79,.F.);
#2335=ADVANCED_FACE('',(#612),#492,.F.);
#2336=ADVANCED_FACE('',(#613,#18),#80,.T.);
#2337=ADVANCED_FACE('',(#614),#2229,.F.);
#2338=ADVANCED_FACE('',(#615),#40,.T.);
#2339=ADVANCED_FACE('',(#616),#493,.T.);
#2340=ADVANCED_FACE('',(#617),#41,.T.);
#2341=ADVANCED_FACE('',(#618),#494,.T.);
#2342=ADVANCED_FACE('',(#619),#42,.T.);
#2343=ADVANCED_FACE('',(#620),#43,.T.);
#2344=ADVANCED_FACE('',(#621),#44,.T.);
#2345=ADVANCED_FACE('',(#622),#495,.T.);
#2346=ADVANCED_FACE('',(#623),#45,.T.);
#2347=ADVANCED_FACE('',(#624),#496,.T.);
#2348=ADVANCED_FACE('',(#625),#46,.T.);
#2349=ADVANCED_FACE('',(#626),#2230,.F.);
#2350=ADVANCED_FACE('',(#627),#47,.T.);
#2351=ADVANCED_FACE('',(#628),#497,.T.);
#2352=ADVANCED_FACE('',(#629),#498,.F.);
#2353=ADVANCED_FACE('',(#630),#499,.T.);
#2354=ADVANCED_FACE('',(#631),#48,.T.);
#2355=ADVANCED_FACE('',(#632),#500,.T.);
#2356=ADVANCED_FACE('',(#633),#49,.T.);
#2357=ADVANCED_FACE('',(#634),#501,.T.);
#2358=ADVANCED_FACE('',(#635),#50,.T.);
#2359=ADVANCED_FACE('',(#636),#502,.F.);
#2360=ADVANCED_FACE('',(#637),#81,.F.);
#2361=ADVANCED_FACE('',(#638),#503,.T.);
#2362=ADVANCED_FACE('',(#639),#82,.F.);
#2363=ADVANCED_FACE('',(#640),#504,.F.);
#2364=ADVANCED_FACE('',(#641),#505,.F.);
#2365=ADVANCED_FACE('',(#642),#506,.F.);
#2366=ADVANCED_FACE('',(#643,#19),#83,.T.);
#2367=ADVANCED_FACE('',(#644),#84,.T.);
#2368=ADVANCED_FACE('',(#645),#85,.T.);
#2369=ADVANCED_FACE('',(#646),#86,.T.);
#2370=ADVANCED_FACE('',(#647),#87,.T.);
#2371=ADVANCED_FACE('',(#648),#88,.T.);
#2372=ADVANCED_FACE('',(#649),#89,.T.);
#2373=ADVANCED_FACE('',(#650),#90,.F.);
#2374=ADVANCED_FACE('',(#651),#91,.F.);
#2375=ADVANCED_FACE('',(#652),#92,.F.);
#2376=ADVANCED_FACE('',(#653),#507,.F.);
#2377=CLOSED_SHELL('',(#2231,#2232,#2233,#2234,#2235,#2236,#2237,#2238,
#2239,#2240,#2241,#2242,#2243,#2244,#2245,#2246,#2247,#2248,#2249,#2250,
#2251,#2252,#2253,#2254,#2255,#2256,#2257,#2258,#2259,#2260,#2261,#2262,
#2263,#2264,#2265,#2266,#2267,#2268,#2269,#2270,#2271,#2272,#2273,#2274,
#2275,#2276,#2277,#2278,#2279,#2280,#2281,#2282,#2283,#2284,#2285,#2286,
#2287,#2288,#2289,#2290,#2291,#2292,#2293,#2294,#2295,#2296,#2297,#2298,
#2299,#2300,#2301,#2302,#2303,#2304,#2305,#2306,#2307,#2308,#2309,#2310,
#2311,#2312,#2313,#2314,#2315,#2316,#2317,#2318,#2319,#2320,#2321,#2322,
#2323,#2324,#2325,#2326,#2327,#2328,#2329,#2330,#2331,#2332,#2333,#2334,
#2335,#2336,#2337,#2338,#2339,#2340,#2341,#2342,#2343,#2344,#2345,#2346,
#2347,#2348,#2349,#2350,#2351,#2352,#2353,#2354,#2355,#2356,#2357,#2358,
#2359,#2360,#2361,#2362,#2363,#2364,#2365,#2366,#2367,#2368,#2369,#2370,
#2371,#2372,#2373,#2374,#2375,#2376));
#2378=DERIVED_UNIT_ELEMENT(#2380,1.);
#2379=DERIVED_UNIT_ELEMENT(#4870,-3.);
#2380=(
MASS_UNIT()
NAMED_UNIT(*)
SI_UNIT(.KILO.,.GRAM.)
);
#2381=DERIVED_UNIT((#2378,#2379));
#2382=MEASURE_REPRESENTATION_ITEM('density measure',
POSITIVE_RATIO_MEASURE(7850.),#2381);
#2383=PROPERTY_DEFINITION_REPRESENTATION(#2388,#2385);
#2384=PROPERTY_DEFINITION_REPRESENTATION(#2389,#2386);
#2385=REPRESENTATION('material name',(#2387),#4867);
#2386=REPRESENTATION('density',(#2382),#4867);
#2387=DESCRIPTIVE_REPRESENTATION_ITEM('Steel','Steel');
#2388=PROPERTY_DEFINITION('material property','material name',#4877);
#2389=PROPERTY_DEFINITION('material property','density of part',#4877);
#2390=AXIS2_PLACEMENT_3D('',#3421,#2680,#2681);
#2391=AXIS2_PLACEMENT_3D('',#3459,#2682,#2683);
#2392=AXIS2_PLACEMENT_3D('',#3461,#2684,#2685);
#2393=AXIS2_PLACEMENT_3D('',#3462,#2686,#2687);
#2394=AXIS2_PLACEMENT_3D('',#3500,#2688,#2689);
#2395=AXIS2_PLACEMENT_3D('',#3502,#2690,#2691);
#2396=AXIS2_PLACEMENT_3D('',#3503,#2692,#2693);
#2397=AXIS2_PLACEMENT_3D('',#3541,#2694,#2695);
#2398=AXIS2_PLACEMENT_3D('',#3543,#2696,#2697);
#2399=AXIS2_PLACEMENT_3D('',#3544,#2698,#2699);
#2400=AXIS2_PLACEMENT_3D('',#3582,#2700,#2701);
#2401=AXIS2_PLACEMENT_3D('',#3584,#2702,#2703);
#2402=AXIS2_PLACEMENT_3D('',#3585,#2704,#2705);
#2403=AXIS2_PLACEMENT_3D('',#3586,#2706,#2707);
#2404=AXIS2_PLACEMENT_3D('',#3615,#2712,#2713);
#2405=AXIS2_PLACEMENT_3D('',#3618,#2716,#2717);
#2406=AXIS2_PLACEMENT_3D('',#3643,#2722,#2723);
#2407=AXIS2_PLACEMENT_3D('',#3646,#2726,#2727);
#2408=AXIS2_PLACEMENT_3D('',#3652,#2730,#2731);
#2409=AXIS2_PLACEMENT_3D('',#3656,#2733,#2734);
#2410=AXIS2_PLACEMENT_3D('',#3660,#2736,#2737);
#2411=AXIS2_PLACEMENT_3D('',#3662,#2739,#2740);
#2412=AXIS2_PLACEMENT_3D('',#3666,#2742,#2743);
#2413=AXIS2_PLACEMENT_3D('',#3667,#2744,#2745);
#2414=AXIS2_PLACEMENT_3D('',#3668,#2746,#2747);
#2415=AXIS2_PLACEMENT_3D('',#3670,#2748,#2749);
#2416=AXIS2_PLACEMENT_3D('',#3672,#2750,#2751);
#2417=AXIS2_PLACEMENT_3D('',#3674,#2752,#2753);
#2418=AXIS2_PLACEMENT_3D('',#3675,#2754,#2755);
#2419=AXIS2_PLACEMENT_3D('',#3676,#2756,#2757);
#2420=AXIS2_PLACEMENT_3D('',#3678,#2758,#2759);
#2421=AXIS2_PLACEMENT_3D('',#3680,#2761,#2762);
#2422=AXIS2_PLACEMENT_3D('',#3682,#2763,#2764);
#2423=AXIS2_PLACEMENT_3D('',#3686,#2767,#2768);
#2424=AXIS2_PLACEMENT_3D('',#3688,#2769,#2770);
#2425=AXIS2_PLACEMENT_3D('',#3690,#2771,#2772);
#2426=AXIS2_PLACEMENT_3D('',#3691,#2773,#2774);
#2427=AXIS2_PLACEMENT_3D('',#3692,#2775,#2776);
#2428=AXIS2_PLACEMENT_3D('',#3720,#2784,#2785);
#2429=AXIS2_PLACEMENT_3D('',#3726,#2788,#2789);
#2430=AXIS2_PLACEMENT_3D('',#3758,#2794,#2795);
#2431=AXIS2_PLACEMENT_3D('',#3762,#2797,#2798);
#2432=AXIS2_PLACEMENT_3D('',#3763,#2799,#2800);
#2433=AXIS2_PLACEMENT_3D('',#3764,#2801,#2802);
#2434=AXIS2_PLACEMENT_3D('',#3769,#2804,#2805);
#2435=AXIS2_PLACEMENT_3D('',#3773,#2807,#2808);
#2436=AXIS2_PLACEMENT_3D('',#3777,#2810,#2811);
#2437=AXIS2_PLACEMENT_3D('',#3780,#2813,#2814);
#2438=AXIS2_PLACEMENT_3D('',#3826,#2815,#2816);
#2439=AXIS2_PLACEMENT_3D('',#3838,#2817,#2818);
#2440=AXIS2_PLACEMENT_3D('',#3840,#2819,#2820);
#2441=AXIS2_PLACEMENT_3D('',#3843,#2822,#2823);
#2442=AXIS2_PLACEMENT_3D('',#3871,#2824,#2825);
#2443=AXIS2_PLACEMENT_3D('',#3872,#2826,#2827);
#2444=AXIS2_PLACEMENT_3D('',#3873,#2828,#2829);
#2445=AXIS2_PLACEMENT_3D('',#3874,#2830,#2831);
#2446=AXIS2_PLACEMENT_3D('',#3877,#2832,#2833);
#2447=AXIS2_PLACEMENT_3D('',#3880,#2836,#2837);
#2448=AXIS2_PLACEMENT_3D('',#3883,#2838,#2839);
#2449=AXIS2_PLACEMENT_3D('',#3884,#2840,#2841);
#2450=AXIS2_PLACEMENT_3D('',#3885,#2842,#2843);
#2451=AXIS2_PLACEMENT_3D('',#3886,#2844,#2845);
#2452=AXIS2_PLACEMENT_3D('',#3889,#2846,#2847);
#2453=AXIS2_PLACEMENT_3D('',#3918,#2850,#2851);
#2454=AXIS2_PLACEMENT_3D('',#3919,#2852,#2853);
#2455=AXIS2_PLACEMENT_3D('',#3920,#2854,#2855);
#2456=AXIS2_PLACEMENT_3D('',#3921,#2856,#2857);
#2457=AXIS2_PLACEMENT_3D('',#3923,#2858,#2859);
#2458=AXIS2_PLACEMENT_3D('',#4016,#2861,#2862);
#2459=AXIS2_PLACEMENT_3D('',#4043,#2863,#2864);
#2460=AXIS2_PLACEMENT_3D('',#4045,#2865,#2866);
#2461=AXIS2_PLACEMENT_3D('',#4046,#2867,#2868);
#2462=AXIS2_PLACEMENT_3D('',#4047,#2869,#2870);
#2463=AXIS2_PLACEMENT_3D('',#4051,#2872,#2873);
#2464=AXIS2_PLACEMENT_3D('',#4052,#2874,#2875);
#2465=AXIS2_PLACEMENT_3D('',#4053,#2876,#2877);
#2466=AXIS2_PLACEMENT_3D('',#4058,#2880,#2881);
#2467=AXIS2_PLACEMENT_3D('',#4062,#2883,#2884);
#2468=AXIS2_PLACEMENT_3D('',#4066,#2886,#2887);
#2469=AXIS2_PLACEMENT_3D('',#4068,#2889,#2890);
#2470=AXIS2_PLACEMENT_3D('',#4069,#2891,#2892);
#2471=AXIS2_PLACEMENT_3D('',#4073,#2894,#2895);
#2472=AXIS2_PLACEMENT_3D('',#4088,#2896,#2897);
#2473=AXIS2_PLACEMENT_3D('',#4104,#2898,#2899);
#2474=AXIS2_PLACEMENT_3D('',#4105,#2900,#2901);
#2475=AXIS2_PLACEMENT_3D('',#4109,#2903,#2904);
#2476=AXIS2_PLACEMENT_3D('',#4124,#2905,#2906);
#2477=AXIS2_PLACEMENT_3D('',#4126,#2907,#2908);
#2478=AXIS2_PLACEMENT_3D('',#4127,#2909,#2910);
#2479=AXIS2_PLACEMENT_3D('',#4128,#2911,#2912);
#2480=AXIS2_PLACEMENT_3D('',#4130,#2914,#2915);
#2481=AXIS2_PLACEMENT_3D('',#4132,#2916,#2917);
#2482=AXIS2_PLACEMENT_3D('',#4147,#2918,#2919);
#2483=AXIS2_PLACEMENT_3D('',#4149,#2920,#2921);
#2484=AXIS2_PLACEMENT_3D('',#4150,#2922,#2923);
#2485=AXIS2_PLACEMENT_3D('',#4151,#2924,#2925);
#2486=AXIS2_PLACEMENT_3D('',#4153,#2927,#2928);
#2487=AXIS2_PLACEMENT_3D('',#4157,#2930,#2931);
#2488=AXIS2_PLACEMENT_3D('',#4159,#2933,#2934);
#2489=AXIS2_PLACEMENT_3D('',#4163,#2937,#2938);
#2490=AXIS2_PLACEMENT_3D('',#4166,#2940,#2941);
#2491=AXIS2_PLACEMENT_3D('',#4167,#2942,#2943);
#2492=AXIS2_PLACEMENT_3D('',#4171,#2946,#2947);
#2493=AXIS2_PLACEMENT_3D('',#4174,#2948,#2949);
#2494=AXIS2_PLACEMENT_3D('',#4190,#2950,#2951);
#2495=AXIS2_PLACEMENT_3D('',#4205,#2952,#2953);
#2496=AXIS2_PLACEMENT_3D('',#4208,#2955,#2956);
#2497=AXIS2_PLACEMENT_3D('',#4209,#2957,#2958);
#2498=AXIS2_PLACEMENT_3D('',#4211,#2959,#2960);
#2499=AXIS2_PLACEMENT_3D('',#4212,#2961,#2962);
#2500=AXIS2_PLACEMENT_3D('',#4213,#2963,#2964);
#2501=AXIS2_PLACEMENT_3D('',#4230,#2966,#2967);
#2502=AXIS2_PLACEMENT_3D('',#4232,#2968,#2969);
#2503=AXIS2_PLACEMENT_3D('',#4247,#2970,#2971);
#2504=AXIS2_PLACEMENT_3D('',#4251,#2973,#2974);
#2505=AXIS2_PLACEMENT_3D('',#4253,#2976,#2977);
#2506=AXIS2_PLACEMENT_3D('',#4256,#2978,#2979);
#2507=AXIS2_PLACEMENT_3D('',#4257,#2980,#2981);
#2508=AXIS2_PLACEMENT_3D('',#4258,#2982,#2983);
#2509=AXIS2_PLACEMENT_3D('',#4259,#2984,#2985);
#2510=AXIS2_PLACEMENT_3D('',#4262,#2988,#2989);
#2511=AXIS2_PLACEMENT_3D('',#4264,#2991,#2992);
#2512=AXIS2_PLACEMENT_3D('',#4266,#2994,#2995);
#2513=AXIS2_PLACEMENT_3D('',#4268,#2997,#2998);
#2514=AXIS2_PLACEMENT_3D('',#4269,#2999,#3000);
#2515=AXIS2_PLACEMENT_3D('',#4291,#3001,#3002);
#2516=AXIS2_PLACEMENT_3D('',#4292,#3003,#3004);
#2517=AXIS2_PLACEMENT_3D('',#4293,#3005,#3006);
#2518=AXIS2_PLACEMENT_3D('',#4297,#3008,#3009);
#2519=AXIS2_PLACEMENT_3D('',#4299,#3011,#3012);
#2520=AXIS2_PLACEMENT_3D('',#4302,#3013,#3014);
#2521=AXIS2_PLACEMENT_3D('',#4303,#3015,#3016);
#2522=AXIS2_PLACEMENT_3D('',#4304,#3017,#3018);
#2523=AXIS2_PLACEMENT_3D('',#4305,#3019,#3020);
#2524=AXIS2_PLACEMENT_3D('',#4308,#3023,#3024);
#2525=AXIS2_PLACEMENT_3D('',#4310,#3026,#3027);
#2526=AXIS2_PLACEMENT_3D('',#4312,#3029,#3030);
#2527=AXIS2_PLACEMENT_3D('',#4313,#3031,#3032);
#2528=AXIS2_PLACEMENT_3D('',#4315,#3034,#3035);
#2529=AXIS2_PLACEMENT_3D('',#4316,#3036,#3037);
#2530=AXIS2_PLACEMENT_3D('',#4319,#3038,#3039);
#2531=AXIS2_PLACEMENT_3D('',#4321,#3040,#3041);
#2532=AXIS2_PLACEMENT_3D('',#4337,#3042,#3043);
#2533=AXIS2_PLACEMENT_3D('',#4338,#3044,#3045);
#2534=AXIS2_PLACEMENT_3D('',#4341,#3046,#3047);
#2535=AXIS2_PLACEMENT_3D('',#4344,#3050,#3051);
#2536=AXIS2_PLACEMENT_3D('',#4345,#3052,#3053);
#2537=AXIS2_PLACEMENT_3D('',#4346,#3054,#3055);
#2538=AXIS2_PLACEMENT_3D('',#4347,#3056,#3057);
#2539=AXIS2_PLACEMENT_3D('',#4352,#3060,#3061);
#2540=AXIS2_PLACEMENT_3D('',#4353,#3062,#3063);
#2541=AXIS2_PLACEMENT_3D('',#4356,#3065,#3066);
#2542=AXIS2_PLACEMENT_3D('',#4357,#3067,#3068);
#2543=AXIS2_PLACEMENT_3D('',#4360,#3069,#3070);
#2544=AXIS2_PLACEMENT_3D('',#4362,#3071,#3072);
#2545=AXIS2_PLACEMENT_3D('',#4378,#3073,#3074);
#2546=AXIS2_PLACEMENT_3D('',#4379,#3075,#3076);
#2547=AXIS2_PLACEMENT_3D('',#4382,#3077,#3078);
#2548=AXIS2_PLACEMENT_3D('',#4385,#3081,#3082);
#2549=AXIS2_PLACEMENT_3D('',#4386,#3083,#3084);
#2550=AXIS2_PLACEMENT_3D('',#4387,#3085,#3086);
#2551=AXIS2_PLACEMENT_3D('',#4388,#3087,#3088);
#2552=AXIS2_PLACEMENT_3D('',#4390,#3090,#3091);
#2553=AXIS2_PLACEMENT_3D('',#4394,#3093,#3094);
#2554=AXIS2_PLACEMENT_3D('',#4396,#3096,#3097);
#2555=AXIS2_PLACEMENT_3D('',#4398,#3098,#3099);
#2556=AXIS2_PLACEMENT_3D('',#4400,#3101,#3102);
#2557=AXIS2_PLACEMENT_3D('',#4402,#3103,#3104);
#2558=AXIS2_PLACEMENT_3D('',#4403,#3105,#3106);
#2559=AXIS2_PLACEMENT_3D('',#4404,#3107,#3108);
#2560=AXIS2_PLACEMENT_3D('',#4406,#3110,#3111);
#2561=AXIS2_PLACEMENT_3D('',#4435,#3115,#3116);
#2562=AXIS2_PLACEMENT_3D('',#4444,#3121,#3122);
#2563=AXIS2_PLACEMENT_3D('',#4445,#3123,#3124);
#2564=AXIS2_PLACEMENT_3D('',#4476,#3129,#3130);
#2565=AXIS2_PLACEMENT_3D('',#4480,#3132,#3133);
#2566=AXIS2_PLACEMENT_3D('',#4484,#3135,#3136);
#2567=AXIS2_PLACEMENT_3D('',#4487,#3138,#3139);
#2568=AXIS2_PLACEMENT_3D('',#4488,#3140,#3141);
#2569=AXIS2_PLACEMENT_3D('',#4491,#3142,#3143);
#2570=AXIS2_PLACEMENT_3D('',#4494,#3145,#3146);
#2571=AXIS2_PLACEMENT_3D('',#4495,#3147,#3148);
#2572=AXIS2_PLACEMENT_3D('',#4496,#3149,#3150);
#2573=AXIS2_PLACEMENT_3D('',#4500,#3152,#3153);
#2574=AXIS2_PLACEMENT_3D('',#4504,#3155,#3156);
#2575=AXIS2_PLACEMENT_3D('',#4508,#3158,#3159);
#2576=AXIS2_PLACEMENT_3D('',#4510,#3161,#3162);
#2577=AXIS2_PLACEMENT_3D('',#4539,#3166,#3167);
#2578=AXIS2_PLACEMENT_3D('',#4546,#3171,#3172);
#2579=AXIS2_PLACEMENT_3D('',#4547,#3173,#3174);
#2580=AXIS2_PLACEMENT_3D('',#4574,#3177,#3178);
#2581=AXIS2_PLACEMENT_3D('',#4576,#3180,#3181);
#2582=AXIS2_PLACEMENT_3D('',#4580,#3183,#3184);
#2583=AXIS2_PLACEMENT_3D('',#4587,#3185,#3186);
#2584=AXIS2_PLACEMENT_3D('',#4591,#3189,#3190);
#2585=AXIS2_PLACEMENT_3D('',#4601,#3192,#3193);
#2586=AXIS2_PLACEMENT_3D('',#4602,#3194,#3195);
#2587=AXIS2_PLACEMENT_3D('',#4606,#3197,#3198);
#2588=AXIS2_PLACEMENT_3D('',#4610,#3200,#3201);
#2589=AXIS2_PLACEMENT_3D('',#4613,#3203,#3204);
#2590=AXIS2_PLACEMENT_3D('',#4614,#3205,#3206);
#2591=AXIS2_PLACEMENT_3D('',#4616,#3207,#3208);
#2592=AXIS2_PLACEMENT_3D('',#4618,#3210,#3211);
#2593=AXIS2_PLACEMENT_3D('',#4620,#3212,#3213);
#2594=AXIS2_PLACEMENT_3D('',#4621,#3214,#3215);
#2595=AXIS2_PLACEMENT_3D('',#4622,#3216,#3217);
#2596=AXIS2_PLACEMENT_3D('',#4624,#3218,#3219);
#2597=AXIS2_PLACEMENT_3D('',#4626,#3221,#3222);
#2598=AXIS2_PLACEMENT_3D('',#4628,#3223,#3224);
#2599=AXIS2_PLACEMENT_3D('',#4629,#3225,#3226);
#2600=AXIS2_PLACEMENT_3D('',#4630,#3227,#3228);
#2601=AXIS2_PLACEMENT_3D('',#4632,#3229,#3230);
#2602=AXIS2_PLACEMENT_3D('',#4634,#3232,#3233);
#2603=AXIS2_PLACEMENT_3D('',#4640,#3234,#3235);
#2604=AXIS2_PLACEMENT_3D('',#4641,#3236,#3237);
#2605=AXIS2_PLACEMENT_3D('',#4644,#3239,#3240);
#2606=AXIS2_PLACEMENT_3D('',#4645,#3241,#3242);
#2607=AXIS2_PLACEMENT_3D('',#4649,#3244,#3245);
#2608=AXIS2_PLACEMENT_3D('',#4656,#3246,#3247);
#2609=AXIS2_PLACEMENT_3D('',#4660,#3250,#3251);
#2610=AXIS2_PLACEMENT_3D('',#4663,#3253,#3254);
#2611=AXIS2_PLACEMENT_3D('',#4664,#3255,#3256);
#2612=AXIS2_PLACEMENT_3D('',#4668,#3259,#3260);
#2613=AXIS2_PLACEMENT_3D('',#4671,#3262,#3263);
#2614=AXIS2_PLACEMENT_3D('',#4672,#3264,#3265);
#2615=AXIS2_PLACEMENT_3D('',#4683,#3269,#3270);
#2616=AXIS2_PLACEMENT_3D('',#4714,#3271,#3272);
#2617=AXIS2_PLACEMENT_3D('',#4716,#3273,#3274);
#2618=AXIS2_PLACEMENT_3D('',#4723,#3275,#3276);
#2619=AXIS2_PLACEMENT_3D('',#4725,#3277,#3278);
#2620=AXIS2_PLACEMENT_3D('',#4726,#3279,#3280);
#2621=AXIS2_PLACEMENT_3D('',#4727,#3281,#3282);
#2622=AXIS2_PLACEMENT_3D('',#4729,#3283,#3284);
#2623=AXIS2_PLACEMENT_3D('',#4731,#3286,#3287);
#2624=AXIS2_PLACEMENT_3D('',#4733,#3288,#3289);
#2625=AXIS2_PLACEMENT_3D('',#4734,#3290,#3291);
#2626=AXIS2_PLACEMENT_3D('',#4735,#3292,#3293);
#2627=AXIS2_PLACEMENT_3D('',#4744,#3294,#3295);
#2628=AXIS2_PLACEMENT_3D('',#4746,#3297,#3298);
#2629=AXIS2_PLACEMENT_3D('',#4752,#3299,#3300);
#2630=AXIS2_PLACEMENT_3D('',#4753,#3301,#3302);
#2631=AXIS2_PLACEMENT_3D('',#4754,#3303,#3304);
#2632=AXIS2_PLACEMENT_3D('',#4755,#3305,#3306);
#2633=AXIS2_PLACEMENT_3D('',#4756,#3307,#3308);
#2634=AXIS2_PLACEMENT_3D('',#4757,#3309,#3310);
#2635=AXIS2_PLACEMENT_3D('',#4758,#3311,#3312);
#2636=AXIS2_PLACEMENT_3D('',#4759,#3313,#3314);
#2637=AXIS2_PLACEMENT_3D('',#4760,#3315,#3316);
#2638=AXIS2_PLACEMENT_3D('',#4761,#3317,#3318);
#2639=AXIS2_PLACEMENT_3D('',#4762,#3319,#3320);
#2640=AXIS2_PLACEMENT_3D('',#4763,#3321,#3322);
#2641=AXIS2_PLACEMENT_3D('',#4764,#3323,#3324);
#2642=AXIS2_PLACEMENT_3D('',#4795,#3325,#3326);
#2643=AXIS2_PLACEMENT_3D('',#4796,#3327,#3328);
#2644=AXIS2_PLACEMENT_3D('',#4797,#3329,#3330);
#2645=AXIS2_PLACEMENT_3D('',#4798,#3331,#3332);
#2646=AXIS2_PLACEMENT_3D('',#4799,#3333,#3334);
#2647=AXIS2_PLACEMENT_3D('',#4802,#3337,#3338);
#2648=AXIS2_PLACEMENT_3D('',#4803,#3339,#3340);
#2649=AXIS2_PLACEMENT_3D('',#4804,#3341,#3342);
#2650=AXIS2_PLACEMENT_3D('',#4806,#3343,#3344);
#2651=AXIS2_PLACEMENT_3D('',#4807,#3345,#3346);
#2652=AXIS2_PLACEMENT_3D('',#4808,#3347,#3348);
#2653=AXIS2_PLACEMENT_3D('',#4810,#3349,#3350);
#2654=AXIS2_PLACEMENT_3D('',#4812,#3352,#3353);
#2655=AXIS2_PLACEMENT_3D('',#4814,#3354,#3355);
#2656=AXIS2_PLACEMENT_3D('',#4815,#3356,#3357);
#2657=AXIS2_PLACEMENT_3D('',#4816,#3358,#3359);
#2658=AXIS2_PLACEMENT_3D('',#4818,#3360,#3361);
#2659=AXIS2_PLACEMENT_3D('',#4820,#3363,#3364);
#2660=AXIS2_PLACEMENT_3D('',#4822,#3365,#3366);
#2661=AXIS2_PLACEMENT_3D('',#4827,#3367,#3368);
#2662=AXIS2_PLACEMENT_3D('',#4830,#3371,#3372);
#2663=AXIS2_PLACEMENT_3D('',#4832,#3374,#3375);
#2664=AXIS2_PLACEMENT_3D('',#4834,#3377,#3378);
#2665=AXIS2_PLACEMENT_3D('',#4836,#3380,#3381);
#2666=AXIS2_PLACEMENT_3D('',#4837,#3382,#3383);
#2667=AXIS2_PLACEMENT_3D('',#4839,#3385,#3386);
#2668=AXIS2_PLACEMENT_3D('',#4841,#3387,#3388);
#2669=AXIS2_PLACEMENT_3D('',#4843,#3390,#3391);
#2670=AXIS2_PLACEMENT_3D('',#4849,#3395,#3396);
#2671=AXIS2_PLACEMENT_3D('',#4851,#3398,#3399);
#2672=AXIS2_PLACEMENT_3D('',#4853,#3401,#3402);
#2673=AXIS2_PLACEMENT_3D('',#4854,#3403,#3404);
#2674=AXIS2_PLACEMENT_3D('',#4856,#3406,#3407);
#2675=AXIS2_PLACEMENT_3D('',#4858,#3409,#3410);
#2676=AXIS2_PLACEMENT_3D('',#4859,#3411,#3412);
#2677=AXIS2_PLACEMENT_3D('',#4861,#3414,#3415);
#2678=AXIS2_PLACEMENT_3D('',#4862,#3416,#3417);
#2679=AXIS2_PLACEMENT_3D('',#4864,#3419,#3420);
#2680=DIRECTION('axis',(0.,0.,1.));
#2681=DIRECTION('refdir',(1.,0.,0.));
#2682=DIRECTION('center_axis',(7.105427357601E-15,6.66133814775094E-15,
-1.));
#2683=DIRECTION('ref_axis',(0.,1.,6.66133814775094E-15));
#2684=DIRECTION('center_axis',(-0.576683197598655,0.816967863264762,-3.01292688888699E-16));
#2685=DIRECTION('ref_axis',(0.816967863264762,0.576683197598655,7.46954791203234E-16));
#2686=DIRECTION('center_axis',(0.816967863264762,-0.576683197598655,8.53662618517981E-16));
#2687=DIRECTION('ref_axis',(0.576683197598655,0.816967863264762,6.40246963888486E-16));
#2688=DIRECTION('center_axis',(1.77635683940025E-15,-1.33226762955019E-15,
-1.));
#2689=DIRECTION('ref_axis',(1.,0.,1.77635683940025E-15));
#2690=DIRECTION('center_axis',(0.816967863264762,0.576683197598655,1.00430896296233E-15));
#2691=DIRECTION('ref_axis',(0.576683197598655,-0.816967863264762,1.06707827314748E-16));
#2692=DIRECTION('center_axis',(-0.576683197598655,-0.816967863264762,-5.14708343518195E-16));
#2693=DIRECTION('ref_axis',(0.816967863264762,-0.576683197598655,1.06707827314748E-16));
#2694=DIRECTION('center_axis',(4.44089209850063E-15,3.99680288865057E-15,
-1.));
#2695=DIRECTION('ref_axis',(0.,-1.,-3.99680288865057E-15));
#2696=DIRECTION('center_axis',(0.576683197598655,-0.816967863264762,3.01292688888699E-16));
#2697=DIRECTION('ref_axis',(-0.816967863264761,-0.576683197598655,-7.46954791203233E-16));
#2698=DIRECTION('center_axis',(-0.816967863264762,0.576683197598655,-8.53662618517981E-16));
#2699=DIRECTION('ref_axis',(-0.576683197598655,-0.816967863264762,-6.40246963888486E-16));
#2700=DIRECTION('center_axis',(4.44089209850063E-16,-7.88860905221012E-31,
-1.));
#2701=DIRECTION('ref_axis',(-1.,0.,-4.44089209850063E-16));
#2702=DIRECTION('center_axis',(-0.816967863264762,-0.576683197598655,-1.15495530740668E-15));
#2703=DIRECTION('ref_axis',(-0.576683197598655,0.816967863264762,2.13415654629495E-16));
#2704=DIRECTION('center_axis',(0.576683197598655,0.816967863264762,4.2683130925899E-16));
#2705=DIRECTION('ref_axis',(-0.816967863264762,0.576683197598655,1.06707827314748E-16));
#2706=DIRECTION('center_axis',(-1.,0.,-3.7528665621132E-16));
#2707=DIRECTION('ref_axis',(0.,0.707106781186548,-0.707106781186547));
#2708=DIRECTION('',(1.,0.,3.7528665621132E-16));
#2709=DIRECTION('',(-1.,0.,-3.7528665621132E-16));
#2710=DIRECTION('',(1.,0.,3.7528665621132E-16));
#2711=DIRECTION('',(1.,0.,3.7528665621132E-16));
#2712=DIRECTION('center_axis',(0.,1.,0.));
#2713=DIRECTION('ref_axis',(-0.707106781186546,0.,-0.707106781186549));
#2714=DIRECTION('',(0.,1.,0.));
#2715=DIRECTION('',(0.,-1.,0.));
#2716=DIRECTION('center_axis',(-1.,-1.94691095739774E-31,-3.7528665621132E-16));
#2717=DIRECTION('ref_axis',(0.,-0.707106781186548,-0.707106781186547));
#2718=DIRECTION('',(-1.,-1.94691095739774E-31,-3.7528665621132E-16));
#2719=DIRECTION('',(1.,1.94691095739774E-31,3.7528665621132E-16));
#2720=DIRECTION('',(-1.,-1.94691095739774E-31,-3.7528665621132E-16));
#2721=DIRECTION('',(-1.,-1.94691095739774E-31,-3.7528665621132E-16));
#2722=DIRECTION('center_axis',(0.,1.,0.));
#2723=DIRECTION('ref_axis',(0.70710678118655,0.,-0.707106781186545));
#2724=DIRECTION('',(0.,-1.,0.));
#2725=DIRECTION('',(0.,1.,0.));
#2726=DIRECTION('center_axis',(1.,0.,6.23758890171081E-15));
#2727=DIRECTION('ref_axis',(6.23758890171081E-15,0.,-1.));
#2728=DIRECTION('',(6.23758890171081E-15,0.,-1.));
#2729=DIRECTION('',(0.,1.,0.));
#2730=DIRECTION('center_axis',(1.,0.,6.23758890171081E-15));
#2731=DIRECTION('ref_axis',(4.48963952323421E-15,0.694210920723595,-0.719771628746297));
#2732=DIRECTION('',(-3.86350335285085E-15,0.785083052757189,0.619390507090198));
#2733=DIRECTION('center_axis',(-1.,0.,-6.23758890171081E-15));
#2734=DIRECTION('ref_axis',(-3.66035987953778E-16,-0.998276709676555,0.058682287935549));
#2735=DIRECTION('',(-4.41064141065366E-15,-0.707106781186547,0.707106781186548));
#2736=DIRECTION('center_axis',(1.,0.,6.23758890171081E-15));
#2737=DIRECTION('ref_axis',(-2.38702193058907E-15,0.923879532511287,0.382683432365089));
#2738=DIRECTION('',(-6.23758890171081E-15,5.18779691517051E-16,1.));
#2739=DIRECTION('center_axis',(6.23758890171081E-15,0.,-1.));
#2740=DIRECTION('ref_axis',(0.707106781186547,0.707106781186547,5.02429586778808E-15));
#2741=DIRECTION('',(-6.23758890171081E-15,0.,1.));
#2742=DIRECTION('center_axis',(3.71869335274822E-16,-0.998629534754574,
-0.0523359562429439));
#2743=DIRECTION('ref_axis',(6.22881136585327E-15,0.0523359562429439,-0.998629534754574));
#2744=DIRECTION('center_axis',(-0.998629534754574,0.,-0.0523359562429492));
#2745=DIRECTION('ref_axis',(0.0523359562429492,-5.810458363669E-18,-0.998629534754574));
#2746=DIRECTION('center_axis',(0.,1.,0.));
#2747=DIRECTION('ref_axis',(0.,0.,1.));
#2748=DIRECTION('center_axis',(-1.,0.,0.));
#2749=DIRECTION('ref_axis',(0.,0.,1.));
#2750=DIRECTION('center_axis',(0.,-1.,0.));
#2751=DIRECTION('ref_axis',(0.707106781186547,0.,-0.707106781186548));
#2752=DIRECTION('center_axis',(-1.77635683940025E-15,0.,-1.));
#2753=DIRECTION('ref_axis',(-1.,0.,1.77635683940025E-15));
#2754=DIRECTION('center_axis',(0.,1.,0.));
#2755=DIRECTION('ref_axis',(0.707106781186547,0.,-0.707106781186548));
#2756=DIRECTION('center_axis',(1.,0.,0.));
#2757=DIRECTION('ref_axis',(0.,0.707106781186547,0.707106781186547));
#2758=DIRECTION('center_axis',(-1.,0.,0.));
#2759=DIRECTION('ref_axis',(0.,0.,1.));
#2760=DIRECTION('',(1.,0.,0.));
#2761=DIRECTION('center_axis',(0.,1.,-5.18779691517051E-16));
#2762=DIRECTION('ref_axis',(-1.23159329497759E-16,-5.18779691517051E-16,
-1.));
#2763=DIRECTION('center_axis',(0.,-1.,5.18779691517051E-16));
#2764=DIRECTION('ref_axis',(0.,-5.1877969151705E-16,-1.));
#2765=DIRECTION('',(-1.,0.,0.));
#2766=DIRECTION('',(-3.93239300325247E-15,5.18779691517051E-16,1.));
#2767=DIRECTION('center_axis',(0.,1.,0.));
#2768=DIRECTION('ref_axis',(0.,0.,1.));
#2769=DIRECTION('center_axis',(0.,1.,0.));
#2770=DIRECTION('ref_axis',(-0.707106781186547,0.,-0.707106781186548));
#2771=DIRECTION('center_axis',(8.88178419700127E-16,0.,1.));
#2772=DIRECTION('ref_axis',(1.,0.,-8.88178419700127E-16));
#2773=DIRECTION('center_axis',(0.,-1.,0.));
#2774=DIRECTION('ref_axis',(-0.707106781186547,0.,-0.707106781186548));
#2775=DIRECTION('center_axis',(0.,1.,0.));
#2776=DIRECTION('ref_axis',(0.,0.,1.));
#2777=DIRECTION('',(3.93239300325247E-15,0.,-1.));
#2778=DIRECTION('',(1.,0.,5.32907051820075E-15));
#2779=DIRECTION('',(1.20024110770287E-15,0.,1.));
#2780=DIRECTION('',(-1.,0.,0.));
#2781=DIRECTION('',(5.28212196093938E-33,0.,1.));
#2782=DIRECTION('',(1.,0.,0.));
#2783=DIRECTION('',(1.20024110770287E-15,0.,1.));
#2784=DIRECTION('center_axis',(0.,1.,0.));
#2785=DIRECTION('ref_axis',(0.,0.,1.));
#2786=DIRECTION('',(-1.20024110770287E-15,0.,-1.));
#2787=DIRECTION('',(-1.,0.,0.));
#2788=DIRECTION('center_axis',(0.,1.,0.));
#2789=DIRECTION('ref_axis',(-5.00226208870492E-15,0.,-1.));
#2790=DIRECTION('',(0.,0.,-1.));
#2791=DIRECTION('',(1.,0.,0.));
#2792=DIRECTION('',(-1.20024110770287E-15,0.,-1.));
#2793=DIRECTION('',(1.,0.,7.105427357601E-15));
#2794=DIRECTION('center_axis',(-3.93239300325247E-15,0.,1.));
#2795=DIRECTION('ref_axis',(-0.707106781186547,0.707106781186547,-2.51214793389404E-15));
#2796=DIRECTION('',(-3.93239300325247E-15,0.,1.));
#2797=DIRECTION('center_axis',(0.998629534754574,0.,-0.0523359562429377));
#2798=DIRECTION('ref_axis',(-0.0523359562429376,-5.81045836366884E-18,-0.998629534754574));
#2799=DIRECTION('center_axis',(2.78902001456116E-16,-0.998629534754574,
-0.0523359562429438));
#2800=DIRECTION('ref_axis',(3.92786985384031E-15,0.0523359562429438,-0.998629534754574));
#2801=DIRECTION('center_axis',(3.7528665621132E-16,0.,-1.));
#2802=DIRECTION('ref_axis',(-1.,0.,-3.7528665621132E-16));
#2803=DIRECTION('',(-0.995013838633071,-0.0997369586897511,-3.73415416384595E-16));
#2804=DIRECTION('center_axis',(3.7528665621132E-16,0.,-1.));
#2805=DIRECTION('ref_axis',(1.,0.,3.7528665621132E-16));
#2806=DIRECTION('',(0.995013838633071,-0.099736958689753,3.73415416384595E-16));
#2807=DIRECTION('center_axis',(3.7528665621132E-16,0.,-1.));
#2808=DIRECTION('ref_axis',(-9.43270043165298E-15,1.,-3.53996660403812E-30));
#2809=DIRECTION('',(0.995013838633071,0.0997369586897516,3.73415416384595E-16));
#2810=DIRECTION('center_axis',(3.7528665621132E-16,0.,-1.));
#2811=DIRECTION('ref_axis',(-1.,-2.22044604925029E-15,-3.7528665621132E-16));
#2812=DIRECTION('',(-0.995013838633071,0.0997369586897512,-3.73415416384595E-16));
#2813=DIRECTION('center_axis',(3.7528665621132E-16,0.,-1.));
#2814=DIRECTION('ref_axis',(-2.59535131658338E-15,-1.,-9.74000717294223E-31));
#2815=DIRECTION('center_axis',(0.429244746084574,0.,0.903188212920646));
#2816=DIRECTION('ref_axis',(0.,1.,0.));
#2817=DIRECTION('center_axis',(1.,0.,0.));
#2818=DIRECTION('ref_axis',(0.,0.662620048215735,0.748955720789004));
#2819=DIRECTION('center_axis',(1.,0.,0.));
#2820=DIRECTION('ref_axis',(0.,1.,0.));
#2821=DIRECTION('',(1.,0.,0.));
#2822=DIRECTION('center_axis',(-1.,0.,0.));
#2823=DIRECTION('ref_axis',(0.,-0.121869343405152,0.992546151641321));
#2824=DIRECTION('center_axis',(0.,0.992546151641322,0.121869343405152));
#2825=DIRECTION('ref_axis',(-1.,0.,0.));
#2826=DIRECTION('center_axis',(0.,0.121869343405148,-0.992546151641322));
#2827=DIRECTION('ref_axis',(1.10194759055529E-14,0.992546151641322,0.121869343405148));
#2828=DIRECTION('center_axis',(-1.06769917750061E-15,-0.100176867040324,
0.994969645421399));
#2829=DIRECTION('ref_axis',(1.06045268078397E-14,0.994969645421399,0.100176867040324));
#2830=DIRECTION('center_axis',(1.46272595723617E-16,0.992546151641322,0.121869343405148));
#2831=DIRECTION('ref_axis',(-0.70710678118653,-0.0861746391405354,0.701836114466207));
#2832=DIRECTION('center_axis',(0.,0.992546151641322,0.121869343405149));
#2833=DIRECTION('ref_axis',(-1.,0.,0.));
#2834=DIRECTION('',(1.46272595723617E-16,0.992546151641322,0.121869343405148));
#2835=DIRECTION('',(-1.46272595723617E-16,-0.992546151641322,-0.121869343405148));
#2836=DIRECTION('center_axis',(1.,0.,-1.20024110770287E-15));
#2837=DIRECTION('ref_axis',(-1.4210854715202E-15,0.,-1.));
#2838=DIRECTION('center_axis',(0.,-0.992546151641321,-0.121869343405154));
#2839=DIRECTION('ref_axis',(-1.,0.,0.));
#2840=DIRECTION('center_axis',(1.,0.,-1.20024110770287E-15));
#2841=DIRECTION('ref_axis',(-1.523171832565E-16,-0.992546151641322,-0.121869343405149));
#2842=DIRECTION('center_axis',(-1.,0.,1.20024110770287E-15));
#2843=DIRECTION('ref_axis',(-1.46272595723618E-16,-0.992546151641322,-0.121869343405149));
#2844=DIRECTION('center_axis',(-1.46272595723616E-16,-0.992546151641322,
-0.121869343405147));
#2845=DIRECTION('ref_axis',(-0.707106781186537,0.0861746391405345,-0.7018361144662));
#2846=DIRECTION('center_axis',(0.,-0.992546151641323,-0.121869343405142));
#2847=DIRECTION('ref_axis',(-1.,0.,0.));
#2848=DIRECTION('',(-1.46272595723616E-16,-0.992546151641322,-0.121869343405147));
#2849=DIRECTION('',(1.46272595723616E-16,0.992546151641322,0.121869343405147));
#2850=DIRECTION('center_axis',(-1.,0.,0.));
#2851=DIRECTION('ref_axis',(0.,1.,0.));
#2852=DIRECTION('center_axis',(0.,-0.121869343405147,0.992546151641322));
#2853=DIRECTION('ref_axis',(1.10194759055529E-14,0.992546151641322,0.121869343405147));
#2854=DIRECTION('center_axis',(1.06769917750061E-15,0.100176867040324,-0.994969645421399));
#2855=DIRECTION('ref_axis',(1.06045268078397E-14,0.994969645421399,0.100176867040324));
#2856=DIRECTION('center_axis',(-1.,0.,0.));
#2857=DIRECTION('ref_axis',(0.,0.74895572078901,-0.662620048215728));
#2858=DIRECTION('center_axis',(-1.,0.,0.));
#2859=DIRECTION('ref_axis',(0.,1.,0.));
#2860=DIRECTION('',(-1.,0.,0.));
#2861=DIRECTION('center_axis',(1.89740238373666E-15,-0.994278992140615,
0.106814258354603));
#2862=DIRECTION('ref_axis',(-8.64952912649208E-15,-0.106814258354603,-0.994278992140614));
#2863=DIRECTION('center_axis',(0.,-0.238483599271193,0.971146524927447));
#2864=DIRECTION('ref_axis',(0.,0.971146524927447,0.238483599271193));
#2865=DIRECTION('center_axis',(0.,0.992546151641323,0.121869343405142));
#2866=DIRECTION('ref_axis',(0.,-0.121869343405142,0.992546151641323));
#2867=DIRECTION('center_axis',(0.,0.121869343405147,-0.992546151641322));
#2868=DIRECTION('ref_axis',(0.,0.992546151641322,0.121869343405147));
#2869=DIRECTION('center_axis',(1.20024110770287E-15,0.,1.));
#2870=DIRECTION('ref_axis',(-0.707106781186547,0.707106781186547,2.51214793389404E-15));
#2871=DIRECTION('',(1.20024110770287E-15,0.,1.));
#2872=DIRECTION('center_axis',(0.998629534754574,0.,-0.052335956242939));
#2873=DIRECTION('ref_axis',(-0.052335956242939,0.,-0.998629534754574));
#2874=DIRECTION('center_axis',(3.71869335274822E-16,-0.998629534754574,
-0.0523359562429439));
#2875=DIRECTION('ref_axis',(-1.22310148555235E-15,0.0523359562429439,-0.998629534754574));
#2876=DIRECTION('center_axis',(-1.,0.,1.20024110770287E-15));
#2877=DIRECTION('ref_axis',(1.20024110770287E-15,0.,1.));
#2878=DIRECTION('',(1.20024110770287E-15,0.,1.));
#2879=DIRECTION('',(0.,1.,0.));
#2880=DIRECTION('center_axis',(-1.,0.,1.20024110770287E-15));
#2881=DIRECTION('ref_axis',(6.92064311374987E-16,0.817023474929766,0.576604406342589));
#2882=DIRECTION('',(-8.48698626315556E-16,0.707106781186547,-0.707106781186548));
#2883=DIRECTION('center_axis',(1.,0.,-1.20024110770287E-15));
#2884=DIRECTION('ref_axis',(7.04328942743034E-17,-0.998276709676555,0.0586822879355499));
#2885=DIRECTION('',(-7.43417948330584E-16,-0.785083052757189,-0.619390507090198));
#2886=DIRECTION('center_axis',(-1.,0.,1.20024110770287E-15));
#2887=DIRECTION('ref_axis',(-8.63899496979552E-16,0.6942109207236,-0.719771628746292));
#2888=DIRECTION('',(0.,-1.,0.));
#2889=DIRECTION('center_axis',(1.20024110770287E-15,0.,1.));
#2890=DIRECTION('ref_axis',(-0.707106781186547,0.707106781186547,2.51214793389404E-15));
#2891=DIRECTION('center_axis',(-0.995013838633071,-0.0997369586897516,-3.73415416384595E-16));
#2892=DIRECTION('ref_axis',(0.0705246798244464,-0.703581032671909,-0.70710678118654));
#2893=DIRECTION('',(-0.995013838633071,-0.0997369586897516,-3.73415416384595E-16));
#2894=DIRECTION('center_axis',(0.995013838633068,0.099736958689783,0.));
#2895=DIRECTION('ref_axis',(0.099736958689783,-0.995013838633068,0.));
#2896=DIRECTION('center_axis',(-3.7528665621132E-16,0.,1.));
#2897=DIRECTION('ref_axis',(1.,0.,3.74096888732392E-16));
#2898=DIRECTION('center_axis',(-3.7528665621132E-16,0.,1.));
#2899=DIRECTION('ref_axis',(-9.43270043165298E-15,1.,0.));
#2900=DIRECTION('center_axis',(0.995013838633071,0.0997369586897511,3.73415416384595E-16));
#2901=DIRECTION('ref_axis',(-0.0705246798244477,0.703581032671896,-0.707106781186553));
#2902=DIRECTION('',(0.995013838633071,0.0997369586897511,3.73415416384595E-16));
#2903=DIRECTION('center_axis',(-0.995013838633071,-0.0997369586897539,0.));
#2904=DIRECTION('ref_axis',(-0.0997369586897539,0.995013838633071,0.));
#2905=DIRECTION('center_axis',(-3.7528665621132E-16,0.,1.));
#2906=DIRECTION('ref_axis',(1.,0.,3.77475828372557E-16));
#2907=DIRECTION('center_axis',(0.995013838633091,-0.099736958689549,0.));
#2908=DIRECTION('ref_axis',(-0.0997369586895491,-0.995013838633091,0.));
#2909=DIRECTION('center_axis',(-3.7528665621132E-16,0.,1.));
#2910=DIRECTION('ref_axis',(1.,0.,3.81639164714902E-16));
#2911=DIRECTION('center_axis',(-0.995013838633071,0.099736958689753,-3.73415416384595E-16));
#2912=DIRECTION('ref_axis',(-0.0705246798244477,-0.703581032671896,-0.707106781186553));
#2913=DIRECTION('',(-0.995013838633071,0.099736958689753,-3.73415416384595E-16));
#2914=DIRECTION('center_axis',(-3.7528665621132E-16,0.,1.));
#2915=DIRECTION('ref_axis',(1.,0.,3.74096888732391E-16));
#2916=DIRECTION('center_axis',(-3.7528665621132E-16,0.,1.));
#2917=DIRECTION('ref_axis',(-2.59535131658338E-15,-1.,0.));
#2918=DIRECTION('center_axis',(-3.7528665621132E-16,0.,1.));
#2919=DIRECTION('ref_axis',(-1.,-1.42108547152019E-15,-3.7747582837255E-16));
#2920=DIRECTION('center_axis',(-0.99501383863309,0.0997369586895578,0.));
#2921=DIRECTION('ref_axis',(0.0997369586895579,0.99501383863309,0.));
#2922=DIRECTION('center_axis',(-3.7528665621132E-16,0.,1.));
#2923=DIRECTION('ref_axis',(-1.,-2.22044604925029E-15,-3.81639164714894E-16));
#2924=DIRECTION('center_axis',(0.995013838633071,-0.0997369586897512,3.73415416384595E-16));
#2925=DIRECTION('ref_axis',(0.0705246798244477,0.703581032671896,-0.707106781186553));
#2926=DIRECTION('',(0.995013838633071,-0.0997369586897512,3.73415416384595E-16));
#2927=DIRECTION('center_axis',(0.,0.,1.));
#2928=DIRECTION('ref_axis',(-0.520833085464942,0.853658536585366,0.));
#2929=DIRECTION('',(0.,0.,1.));
#2930=DIRECTION('center_axis',(0.,0.,-1.));
#2931=DIRECTION('ref_axis',(-9.40981709895717E-15,1.,0.));
#2932=DIRECTION('',(0.,0.,1.));
#2933=DIRECTION('center_axis',(0.099736958689753,0.995013838633071,0.));
#2934=DIRECTION('ref_axis',(-0.995013838633071,0.099736958689753,0.));
#2935=DIRECTION('',(0.,0.,1.));
#2936=DIRECTION('',(0.995013838633071,-0.099736958689753,0.));
#2937=DIRECTION('center_axis',(0.,0.,1.));
#2938=DIRECTION('ref_axis',(0.0997369586895504,0.995013838633091,0.));
#2939=DIRECTION('',(0.,0.,1.));
#2940=DIRECTION('center_axis',(0.,0.,-1.));
#2941=DIRECTION('ref_axis',(1.,0.,0.));
#2942=DIRECTION('center_axis',(0.0997369586897511,-0.995013838633071,0.));
#2943=DIRECTION('ref_axis',(0.995013838633071,0.0997369586897511,0.));
#2944=DIRECTION('',(0.,0.,1.));
#2945=DIRECTION('',(-0.995013838633071,-0.0997369586897511,0.));
#2946=DIRECTION('center_axis',(0.,0.,1.));
#2947=DIRECTION('ref_axis',(1.,0.,0.));
#2948=DIRECTION('center_axis',(0.,0.,1.));
#2949=DIRECTION('ref_axis',(-2.57246798388757E-15,-1.,0.));
#2950=DIRECTION('center_axis',(0.,0.,-1.));
#2951=DIRECTION('ref_axis',(-2.57246798388757E-15,-1.,0.));
#2952=DIRECTION('center_axis',(0.995013838633071,0.0997369586897511,0.));
#2953=DIRECTION('ref_axis',(0.0705246798244455,-0.703581032671903,0.707106781186547));
#2954=DIRECTION('',(0.995013838633071,0.0997369586897511,0.));
#2955=DIRECTION('center_axis',(0.995013838633072,0.0997369586897443,0.));
#2956=DIRECTION('ref_axis',(0.,0.,1.));
#2957=DIRECTION('center_axis',(0.,0.,1.));
#2958=DIRECTION('ref_axis',(1.,0.,0.));
#2959=DIRECTION('center_axis',(-0.995013838633091,0.0997369586895491,0.));
#2960=DIRECTION('ref_axis',(0.,0.,1.));
#2961=DIRECTION('center_axis',(0.,0.,1.));
#2962=DIRECTION('ref_axis',(1.,0.,0.));
#2963=DIRECTION('center_axis',(-0.995013838633071,0.099736958689753,0.));
#2964=DIRECTION('ref_axis',(0.0705246798244464,0.703581032671909,0.70710678118654));
#2965=DIRECTION('',(-0.995013838633071,0.099736958689753,0.));
#2966=DIRECTION('center_axis',(0.,0.,1.));
#2967=DIRECTION('ref_axis',(1.,0.,0.));
#2968=DIRECTION('center_axis',(0.,0.,1.));
#2969=DIRECTION('ref_axis',(-9.40981709895717E-15,1.,0.));
#2970=DIRECTION('center_axis',(-0.995013838633071,-0.0997369586897516,0.));
#2971=DIRECTION('ref_axis',(-0.0705246798244469,0.703581032671896,0.707106781186553));
#2972=DIRECTION('',(-0.995013838633071,-0.0997369586897516,0.));
#2973=DIRECTION('center_axis',(-0.995013838633072,-0.0997369586897407,0.));
#2974=DIRECTION('ref_axis',(0.,0.,1.));
#2975=DIRECTION('',(0.995013838633071,0.0997369586897516,0.));
#2976=DIRECTION('center_axis',(0.,0.,1.));
#2977=DIRECTION('ref_axis',(-1.,1.24344978758016E-14,0.));
#2978=DIRECTION('center_axis',(0.99501383863309,-0.0997369586895578,0.));
#2979=DIRECTION('ref_axis',(0.,0.,1.));
#2980=DIRECTION('center_axis',(0.,0.,-1.));
#2981=DIRECTION('ref_axis',(-1.,-2.22044604925029E-15,0.));
#2982=DIRECTION('center_axis',(0.,0.,1.));
#2983=DIRECTION('ref_axis',(-1.,-2.22044604925029E-15,0.));
#2984=DIRECTION('center_axis',(0.995013838633071,-0.0997369586897512,0.));
#2985=DIRECTION('ref_axis',(-0.0705246798244414,-0.703581032671896,0.707106781186553));
#2986=DIRECTION('',(-0.995013838633071,0.0997369586897512,0.));
#2987=DIRECTION('',(0.995013838633071,-0.0997369586897512,0.));
#2988=DIRECTION('center_axis',(-0.0997369586897516,0.995013838633071,0.));
#2989=DIRECTION('ref_axis',(-0.995013838633071,-0.0997369586897516,0.));
#2990=DIRECTION('',(0.,0.,1.));
#2991=DIRECTION('center_axis',(0.,0.,1.));
#2992=DIRECTION('ref_axis',(-0.099736958689557,-0.99501383863309,0.));
#2993=DIRECTION('',(0.,0.,1.));
#2994=DIRECTION('center_axis',(-0.0997369586897512,-0.995013838633071,0.));
#2995=DIRECTION('ref_axis',(0.995013838633071,-0.0997369586897512,0.));
#2996=DIRECTION('',(0.,0.,1.));
#2997=DIRECTION('center_axis',(0.,0.,1.));
#2998=DIRECTION('ref_axis',(0.520833085464941,-0.853658536585367,0.));
#2999=DIRECTION('center_axis',(0.,0.,-1.));
#3000=DIRECTION('ref_axis',(1.,0.,0.));
#3001=DIRECTION('center_axis',(0.,-0.992546151641322,-0.121869343405151));
#3002=DIRECTION('ref_axis',(0.,0.121869343405151,-0.992546151641322));
#3003=DIRECTION('center_axis',(0.,0.238483599271193,-0.971146524927447));
#3004=DIRECTION('ref_axis',(0.,0.971146524927447,0.238483599271193));
#3005=DIRECTION('center_axis',(0.,0.992546151641322,0.121869343405148));
#3006=DIRECTION('ref_axis',(0.707106781186562,0.0861746391405293,-0.701836114466176));
#3007=DIRECTION('',(0.,-0.992546151641322,-0.121869343405148));
#3008=DIRECTION('center_axis',(0.,-0.992546151641321,-0.121869343405153));
#3009=DIRECTION('ref_axis',(0.,0.121869343405153,-0.992546151641321));
#3010=DIRECTION('',(0.,0.992546151641322,0.121869343405148));
#3011=DIRECTION('center_axis',(1.,0.,0.));
#3012=DIRECTION('ref_axis',(0.,0.,-1.));
#3013=DIRECTION('center_axis',(0.,0.992546151641322,0.121869343405151));
#3014=DIRECTION('ref_axis',(0.,-0.121869343405151,0.992546151641322));
#3015=DIRECTION('center_axis',(1.,0.,0.));
#3016=DIRECTION('ref_axis',(0.,-0.992546151641322,-0.121869343405149));
#3017=DIRECTION('center_axis',(-1.,0.,0.));
#3018=DIRECTION('ref_axis',(0.,-0.992546151641322,-0.121869343405149));
#3019=DIRECTION('center_axis',(0.,-0.992546151641322,-0.121869343405147));
#3020=DIRECTION('ref_axis',(0.707106781186549,-0.0861746391405403,0.701836114466188));
#3021=DIRECTION('',(0.,-0.992546151641322,-0.121869343405147));
#3022=DIRECTION('',(0.,0.992546151641322,0.121869343405147));
#3023=DIRECTION('center_axis',(0.,-0.121869343405147,0.992546151641322));
#3024=DIRECTION('ref_axis',(0.,-0.992546151641322,-0.121869343405147));
#3025=DIRECTION('',(1.,0.,0.));
#3026=DIRECTION('center_axis',(1.,0.,0.));
#3027=DIRECTION('ref_axis',(0.,0.121869343405149,-0.992546151641322));
#3028=DIRECTION('',(1.,0.,0.));
#3029=DIRECTION('center_axis',(0.,0.121869343405148,-0.992546151641322));
#3030=DIRECTION('ref_axis',(0.,0.992546151641322,0.121869343405148));
#3031=DIRECTION('center_axis',(0.,0.,1.));
#3032=DIRECTION('ref_axis',(-0.707106781186548,0.707106781186548,0.));
#3033=DIRECTION('',(0.,0.,1.));
#3034=DIRECTION('center_axis',(-1.,0.,0.));
#3035=DIRECTION('ref_axis',(0.,-1.,0.));
#3036=DIRECTION('center_axis',(-1.,-5.29462766604509E-34,5.28212196093938E-33));
#3037=DIRECTION('ref_axis',(0.,0.,1.));
#3038=DIRECTION('center_axis',(0.,1.,-1.77635683940023E-14));
#3039=DIRECTION('ref_axis',(0.,-1.77635683940023E-14,-1.));
#3040=DIRECTION('center_axis',(-1.,-5.29462766604509E-34,5.28212196093938E-33));
#3041=DIRECTION('ref_axis',(-4.81136326638935E-33,-0.330057416540688,-0.943960858185596));
#3042=DIRECTION('center_axis',(1.,5.29462766604509E-34,-5.28212196093938E-33));
#3043=DIRECTION('ref_axis',(0.,-0.330057416540688,-0.943960858185596));
#3044=DIRECTION('center_axis',(5.29462766604562E-34,-1.,9.94870058170513E-15));
#3045=DIRECTION('ref_axis',(-0.707106781186535,-2.51214793389405E-14,-0.70710678118656));
#3046=DIRECTION('center_axis',(0.,1.,-1.77635683940016E-14));
#3047=DIRECTION('ref_axis',(0.,-1.77635683940016E-14,-1.));
#3048=DIRECTION('',(5.29462766604562E-34,-1.,9.94870058170513E-15));
#3049=DIRECTION('',(-5.29462766604562E-34,1.,-9.94870058170513E-15));
#3050=DIRECTION('center_axis',(0.,9.94870058170513E-15,1.));
#3051=DIRECTION('ref_axis',(1.,0.,0.));
#3052=DIRECTION('center_axis',(0.,-9.94870058170513E-15,-1.));
#3053=DIRECTION('ref_axis',(0.707106781186543,0.707106781186553,-7.07767178198534E-15));
#3054=DIRECTION('center_axis',(0.,9.94870058170513E-15,1.));
#3055=DIRECTION('ref_axis',(0.707106781186543,0.707106781186553,-7.0347936453183E-15));
#3056=DIRECTION('center_axis',(0.,-9.94870058170513E-15,-1.));
#3057=DIRECTION('ref_axis',(0.,-1.,9.94870058170513E-15));
#3058=DIRECTION('',(-1.,0.,0.));
#3059=DIRECTION('',(1.194083940639E-29,-1.,9.94870058170513E-15));
#3060=DIRECTION('center_axis',(0.,-9.94870058170513E-15,-1.));
#3061=DIRECTION('ref_axis',(0.707106781186547,0.707106781186547,0.));
#3062=DIRECTION('center_axis',(-1.,0.,0.));
#3063=DIRECTION('ref_axis',(0.,-0.520833085464942,-0.853658536585366));
#3064=DIRECTION('',(-1.,0.,0.));
#3065=DIRECTION('center_axis',(-1.,0.,1.20024110770287E-15));
#3066=DIRECTION('ref_axis',(0.,-0.520833085464942,-0.853658536585366));
#3067=DIRECTION('center_axis',(-1.,-5.29462766604509E-34,5.28212196093938E-33));
#3068=DIRECTION('ref_axis',(0.,0.,1.));
#3069=DIRECTION('center_axis',(0.,1.,0.));
#3070=DIRECTION('ref_axis',(-1.,0.,0.));
#3071=DIRECTION('center_axis',(1.,5.29462766604509E-34,-5.28212196093938E-33));
#3072=DIRECTION('ref_axis',(0.,-0.330057416540677,0.9439608581856));
#3073=DIRECTION('center_axis',(-1.,-5.29462766604509E-34,5.28212196093938E-33));
#3074=DIRECTION('ref_axis',(5.1608694921893E-33,-0.330057416540677,0.9439608581856));
#3075=DIRECTION('center_axis',(-5.29462766604497E-34,1.,2.40141048523917E-15));
#3076=DIRECTION('ref_axis',(-0.707106781186535,0.,0.70710678118656));
#3077=DIRECTION('center_axis',(0.,1.,0.));
#3078=DIRECTION('ref_axis',(-1.,0.,0.));
#3079=DIRECTION('',(5.29462766604497E-34,-1.,-2.40141048523917E-15));
#3080=DIRECTION('',(-5.29462766604497E-34,1.,2.40141048523917E-15));
#3081=DIRECTION('center_axis',(0.,2.40141048523917E-15,-1.));
#3082=DIRECTION('ref_axis',(-1.,0.,0.));
#3083=DIRECTION('center_axis',(0.,2.40141048523917E-15,-1.));
#3084=DIRECTION('ref_axis',(0.707106781186546,0.707106781186549,1.6980536385251E-15));
#3085=DIRECTION('center_axis',(0.,-2.40141048523917E-15,1.));
#3086=DIRECTION('ref_axis',(0.707106781186546,0.707106781186549,1.66533453693774E-15));
#3087=DIRECTION('center_axis',(-5.28212196093938E-33,0.,-1.));
#3088=DIRECTION('ref_axis',(0.707106781186548,0.707106781186548,0.));
#3089=DIRECTION('',(-5.28212196093938E-33,0.,-1.));
#3090=DIRECTION('center_axis',(1.,5.29462766604509E-34,-5.28212196093938E-33));
#3091=DIRECTION('ref_axis',(-5.29462766604509E-34,1.,0.));
#3092=DIRECTION('',(0.,0.995013838633071,0.0997369586897512));
#3093=DIRECTION('center_axis',(-1.,-5.29462766604509E-34,5.28212196093938E-33));
#3094=DIRECTION('ref_axis',(5.2946276660451E-34,-1.,-6.60265245117413E-34));
#3095=DIRECTION('',(1.05364555962488E-33,-0.995013838633071,0.0997369586897516));
#3096=DIRECTION('center_axis',(1.05364555962488E-33,-0.995013838633071,
0.0997369586897516));
#3097=DIRECTION('ref_axis',(-0.707106781186545,-0.0705246798244484,-0.703581032671904));
#3098=DIRECTION('center_axis',(0.,-0.995013838633071,0.0997369586897477));
#3099=DIRECTION('ref_axis',(-1.,0.,0.));
#3100=DIRECTION('',(-1.05364555962488E-33,0.995013838633071,-0.0997369586897516));
#3101=DIRECTION('center_axis',(-1.,-5.29462766604509E-34,5.28212196093938E-33));
#3102=DIRECTION('ref_axis',(0.,0.,1.));
#3103=DIRECTION('center_axis',(0.,0.99501383863309,0.0997369586895578));
#3104=DIRECTION('ref_axis',(-1.,0.,0.));
#3105=DIRECTION('center_axis',(1.,5.29462766604509E-34,-5.28212196093938E-33));
#3106=DIRECTION('ref_axis',(0.,-1.,-6.60265245117413E-34));
#3107=DIRECTION('center_axis',(0.,0.995013838633071,0.0997369586897512));
#3108=DIRECTION('ref_axis',(-0.707106781186545,-0.0705246798244484,0.703581032671904));
#3109=DIRECTION('',(0.,-0.995013838633071,-0.0997369586897512));
#3110=DIRECTION('center_axis',(0.998629534754574,0.,0.0523359562429492));
#3111=DIRECTION('ref_axis',(0.,1.,0.));
#3112=DIRECTION('',(-0.0522644276887193,-0.052264427688714,0.997264688634237));
#3113=DIRECTION('',(0.,1.,0.));
#3114=DIRECTION('',(-0.0522644276887193,0.0522644276887136,0.997264688634237));
#3115=DIRECTION('center_axis',(-3.71869335274822E-16,0.998629534754574,
0.0523359562429439));
#3116=DIRECTION('ref_axis',(-1.,0.,-7.105427357601E-15));
#3117=DIRECTION('',(0.0522644276887091,-0.052264427688714,0.997264688634238));
#3118=DIRECTION('',(-0.724902824553343,0.0360516831921798,-0.687907094812661));
#3119=DIRECTION('',(1.,0.,7.105427357601E-15));
#3120=DIRECTION('',(-0.72490282455335,-0.03605168319218,0.687907094812654));
#3121=DIRECTION('center_axis',(3.71869335274822E-16,-0.998629534754574,
-0.0523359562429439));
#3122=DIRECTION('ref_axis',(0.,0.0523359562429439,-0.998629534754574));
#3123=DIRECTION('center_axis',(-0.998629534754574,0.,0.0523359562429377));
#3124=DIRECTION('ref_axis',(0.,-1.,0.));
#3125=DIRECTION('',(0.,1.,0.));
#3126=DIRECTION('',(0.0522644276887077,0.0522644276887139,0.997264688634238));
#3127=DIRECTION('',(0.,-1.,0.));
#3128=DIRECTION('',(0.0522644276887077,-0.0522644276887139,0.997264688634238));
#3129=DIRECTION('center_axis',(-1.,0.,-3.93239300325247E-15));
#3130=DIRECTION('ref_axis',(-3.93239300325247E-15,0.,1.));
#3131=DIRECTION('',(3.93239300325247E-15,-5.18779691517051E-16,-1.));
#3132=DIRECTION('center_axis',(-1.,0.,-3.93239300325247E-15));
#3133=DIRECTION('ref_axis',(-1.50486165189312E-15,0.923879532511287,0.38268343236509));
#3134=DIRECTION('',(2.78062175889036E-15,0.707106781186547,-0.707106781186548));
#3135=DIRECTION('center_axis',(1.,0.,3.93239300325247E-15));
#3136=DIRECTION('ref_axis',(-2.30761818492607E-16,-0.998276709676555,0.058682287935551));
#3137=DIRECTION('',(2.43568689636249E-15,-0.785083052757189,-0.619390507090198));
#3138=DIRECTION('center_axis',(-1.,0.,-3.93239300325247E-15));
#3139=DIRECTION('ref_axis',(2.83042491682158E-15,0.694210920723595,-0.719771628746298));
#3140=DIRECTION('center_axis',(-1.20024110770287E-15,0.,-1.));
#3141=DIRECTION('ref_axis',(0.707106781186547,0.707106781186547,0.));
#3142=DIRECTION('center_axis',(-0.998629534754574,0.,-0.0523359562429491));
#3143=DIRECTION('ref_axis',(0.0523359562429491,0.,-0.998629534754574));
#3144=DIRECTION('',(-1.20024110770287E-15,0.,-1.));
#3145=DIRECTION('center_axis',(0.,-2.40141048523917E-15,1.));
#3146=DIRECTION('ref_axis',(0.707106781186547,0.707106781186547,0.));
#3147=DIRECTION('center_axis',(2.78902001456116E-16,-0.998629534754574,
-0.0523359562429438));
#3148=DIRECTION('ref_axis',(-1.21148056882501E-15,0.0523359562429438,-0.998629534754574));
#3149=DIRECTION('center_axis',(1.,0.,-1.20024110770287E-15));
#3150=DIRECTION('ref_axis',(-1.20024110770287E-15,0.,-1.));
#3151=DIRECTION('',(0.,1.,0.));
#3152=DIRECTION('center_axis',(1.,0.,-1.20024110770287E-15));
#3153=DIRECTION('ref_axis',(-8.63899496979558E-16,0.694210920723595,-0.719771628746297));
#3154=DIRECTION('',(7.43417948330584E-16,0.785083052757189,0.619390507090198));
#3155=DIRECTION('center_axis',(-1.,0.,1.20024110770287E-15));
#3156=DIRECTION('ref_axis',(0.,-0.099736958689557,0.99501383863309));
#3157=DIRECTION('',(1.19708397776703E-16,0.995013838633071,0.0997369586897512));
#3158=DIRECTION('center_axis',(-1.,0.,1.20024110770287E-15));
#3159=DIRECTION('ref_axis',(0.,0.520833085464941,0.853658536585367));
#3160=DIRECTION('',(2.88227158085276E-30,1.,2.40141048523917E-15));
#3161=DIRECTION('center_axis',(0.998629534754574,0.,0.0523359562429491));
#3162=DIRECTION('ref_axis',(0.,1.,0.));
#3163=DIRECTION('',(-0.0522644276887192,-0.0522644276887139,0.997264688634237));
#3164=DIRECTION('',(0.,1.,0.));
#3165=DIRECTION('',(-0.0522644276887192,0.0522644276887138,0.997264688634237));
#3166=DIRECTION('center_axis',(-2.78902001456116E-16,0.998629534754574,
0.0523359562429438));
#3167=DIRECTION('ref_axis',(-1.,0.,-5.32907051820075E-15));
#3168=DIRECTION('',(-0.724902824553345,0.0360516831921797,-0.687907094812659));
#3169=DIRECTION('',(1.,0.,5.32907051820075E-15));
#3170=DIRECTION('',(-0.72490282455335,-0.0360516831921798,0.687907094812654));
#3171=DIRECTION('center_axis',(2.78902001456116E-16,-0.998629534754574,
-0.0523359562429438));
#3172=DIRECTION('ref_axis',(0.,0.0523359562429438,-0.998629534754574));
#3173=DIRECTION('center_axis',(-0.998629534754574,0.,0.052335956242939));
#3174=DIRECTION('ref_axis',(0.,-1.,0.));
#3175=DIRECTION('',(0.0522644276887091,0.0522644276887136,0.997264688634238));
#3176=DIRECTION('',(0.,-1.,0.));
#3177=DIRECTION('center_axis',(-1.20024110770287E-15,0.,-1.));
#3178=DIRECTION('ref_axis',(0.707106781186547,0.707106781186547,0.));
#3179=DIRECTION('',(-1.20024110770287E-15,0.,-1.));
#3180=DIRECTION('center_axis',(0.,1.,0.));
#3181=DIRECTION('ref_axis',(0.707106781186547,0.,-0.707106781186548));
#3182=DIRECTION('',(0.,-1.,0.));
#3183=DIRECTION('center_axis',(0.,1.,-5.18779691517051E-16));
#3184=DIRECTION('ref_axis',(0.,-5.55111512312578E-16,-1.));
#3185=DIRECTION('center_axis',(0.,0.,1.));
#3186=DIRECTION('ref_axis',(1.,0.,0.));
#3187=DIRECTION('',(0.,1.,0.));
#3188=DIRECTION('',(-1.,0.,0.));
#3189=DIRECTION('center_axis',(0.,1.,0.));
#3190=DIRECTION('ref_axis',(-0.707106781186548,0.,-0.707106781186547));
#3191=DIRECTION('',(0.,-1.,0.));
#3192=DIRECTION('center_axis',(0.,1.,-5.18779691517051E-16));
#3193=DIRECTION('ref_axis',(0.,-5.55111512312578E-16,-1.));
#3194=DIRECTION('center_axis',(1.,0.,-1.20024110770287E-15));
#3195=DIRECTION('ref_axis',(-1.20024110770287E-15,0.,-1.));
#3196=DIRECTION('',(1.19708397776703E-16,-0.995013838633071,0.0997369586897516));
#3197=DIRECTION('center_axis',(-1.,0.,1.20024110770287E-15));
#3198=DIRECTION('ref_axis',(0.,-0.099736958689557,0.99501383863309));
#3199=DIRECTION('',(7.43417948330584E-16,0.785083052757189,0.619390507090198));
#3200=DIRECTION('center_axis',(-1.,0.,1.20024110770287E-15));
#3201=DIRECTION('ref_axis',(7.0432894274304E-17,-0.998276709676555,0.0586822879355504));
#3202=DIRECTION('',(8.48698626315556E-16,-0.707106781186547,0.707106781186548));
#3203=DIRECTION('center_axis',(1.,0.,-1.20024110770287E-15));
#3204=DIRECTION('ref_axis',(6.92064311374988E-16,0.817023474929766,0.57660440634259));
#3205=DIRECTION('center_axis',(6.23758890171081E-15,-5.18779691517051E-16,
-1.));
#3206=DIRECTION('ref_axis',(0.707106781186547,-0.707106781186547,5.02429586778808E-15));
#3207=DIRECTION('center_axis',(7.105427357601E-15,-8.88178419700125E-16,
-1.));
#3208=DIRECTION('ref_axis',(1.,0.,7.105427357601E-15));
#3209=DIRECTION('',(6.23758890171081E-15,-5.18779691517051E-16,-1.));
#3210=DIRECTION('center_axis',(-1.,0.,-6.23758890171081E-15));
#3211=DIRECTION('ref_axis',(-6.03961325396086E-15,0.,1.));
#3212=DIRECTION('center_axis',(5.02429586778737E-15,0.707106781186547,-0.707106781186548));
#3213=DIRECTION('ref_axis',(1.,0.,7.10542735759999E-15));
#3214=DIRECTION('center_axis',(-1.,0.,-6.23758890171081E-15));
#3215=DIRECTION('ref_axis',(-2.40548322002117E-15,0.923879532511287,0.382683432365089));
#3216=DIRECTION('center_axis',(4.41064141065366E-15,0.707106781186547,-0.707106781186548));
#3217=DIRECTION('ref_axis',(0.70710678118655,-0.500000000000002,-0.499999999999995));
#3218=DIRECTION('center_axis',(5.02429586778809E-15,0.707106781186547,-0.707106781186548));
#3219=DIRECTION('ref_axis',(1.,0.,7.105427357601E-15));
#3220=DIRECTION('',(4.41064141065366E-15,0.707106781186547,-0.707106781186548));
#3221=DIRECTION('center_axis',(1.,0.,6.23758890171081E-15));
#3222=DIRECTION('ref_axis',(6.25277607468888E-15,0.,-1.));
#3223=DIRECTION('center_axis',(4.40103425411673E-15,-0.785083052757188,
-0.619390507090199));
#3224=DIRECTION('ref_axis',(1.,0.,7.10542735760047E-15));
#3225=DIRECTION('center_axis',(1.,0.,6.23758890171081E-15));
#3226=DIRECTION('ref_axis',(-3.5527136788005E-16,-0.998276709676555,0.0586822879355489));
#3227=DIRECTION('center_axis',(3.86350335285085E-15,-0.785083052757189,
-0.619390507090198));
#3228=DIRECTION('ref_axis',(0.707106781186546,-0.437975227766053,0.555137550399247));
#3229=DIRECTION('center_axis',(4.40103425411705E-15,-0.78508305275719,-0.619390507090197));
#3230=DIRECTION('ref_axis',(1.,0.,7.105427357601E-15));
#3231=DIRECTION('',(3.86350335285085E-15,-0.785083052757189,-0.619390507090198));
#3232=DIRECTION('center_axis',(1.,0.,6.23758890171081E-15));
#3233=DIRECTION('ref_axis',(6.29337851673232E-15,0.,-1.));
#3234=DIRECTION('center_axis',(-1.,0.,-6.23758890171081E-15));
#3235=DIRECTION('ref_axis',(4.48715139119334E-15,0.694210920723596,-0.719771628746297));
#3236=DIRECTION('center_axis',(0.,1.,-5.18779691517051E-16));
#3237=DIRECTION('ref_axis',(-1.23159329497759E-16,-5.18779691517051E-16,
-1.));
#3238=DIRECTION('',(-1.,0.,0.));
#3239=DIRECTION('center_axis',(0.,-1.,5.18779691517051E-16));
#3240=DIRECTION('ref_axis',(0.,-5.18779691517051E-16,-1.));
#3241=DIRECTION('center_axis',(-1.,0.,0.));
#3242=DIRECTION('ref_axis',(0.,1.,0.));
#3243=DIRECTION('',(-1.,0.,0.));
#3244=DIRECTION('center_axis',(1.,0.,-1.20024110770287E-15));
#3245=DIRECTION('ref_axis',(7.03141248929266E-16,0.817023474929766,0.576604406342589));
#3246=DIRECTION('center_axis',(0.,0.707106781186548,0.707106781186547));
#3247=DIRECTION('ref_axis',(-4.65194441279118E-32,0.707106781186547,-0.707106781186548));
#3248=DIRECTION('',(-1.,0.,0.));
#3249=DIRECTION('',(8.48698626315556E-16,-0.707106781186547,0.707106781186548));
#3250=DIRECTION('center_axis',(-1.,0.,0.));
#3251=DIRECTION('ref_axis',(0.,-0.619390507090198,0.785083052757189));
#3252=DIRECTION('',(-1.,0.,0.));
#3253=DIRECTION('center_axis',(-1.,0.,1.20024110770287E-15));
#3254=DIRECTION('ref_axis',(8.88178419700125E-17,-0.998276709676555,0.0586822879355499));
#3255=DIRECTION('center_axis',(0.,0.619390507090198,-0.785083052757189));
#3256=DIRECTION('ref_axis',(-1.51312009242168E-16,-0.785083052757189,-0.619390507090198));
#3257=DIRECTION('',(1.,0.,0.));
#3258=DIRECTION('',(7.43417948330584E-16,0.785083052757189,0.619390507090198));
#3259=DIRECTION('center_axis',(-1.,0.,0.));
#3260=DIRECTION('ref_axis',(0.,0.998629534754574,-0.0523359562429437));
#3261=DIRECTION('',(-1.,0.,0.));
#3262=DIRECTION('center_axis',(1.,0.,-1.20024110770287E-15));
#3263=DIRECTION('ref_axis',(-8.69674702623039E-16,0.6942109207236,-0.719771628746293));
#3264=DIRECTION('center_axis',(0.,-0.998629534754574,0.0523359562429435));
#3265=DIRECTION('ref_axis',(1.,0.,0.));
#3266=DIRECTION('',(0.72490282455335,-0.0360516831921795,-0.687907094812654));
#3267=DIRECTION('',(-1.,0.,0.));
#3268=DIRECTION('',(0.724902824553343,0.0360516831921798,0.687907094812661));
#3269=DIRECTION('center_axis',(0.,0.998629534754574,-0.0523359562429435));
#3270=DIRECTION('ref_axis',(0.,-0.0523359562429438,-0.998629534754574));
#3271=DIRECTION('center_axis',(-0.858631214465581,-2.89105977174536E-15,
0.5125938329178));
#3272=DIRECTION('ref_axis',(1.77635683940025E-15,-1.,-2.66453525910038E-15));
#3273=DIRECTION('center_axis',(-1.65171308326296E-15,0.367984806199536,
-0.929831803288256));
#3274=DIRECTION('ref_axis',(1.,0.,-1.77635683940025E-15));
#3275=DIRECTION('center_axis',(-1.,0.,1.20024110770287E-15));
#3276=DIRECTION('ref_axis',(1.24344978758018E-15,0.,1.));
#3277=DIRECTION('center_axis',(-1.25607396694705E-15,0.707106781186547,
-0.707106781186548));
#3278=DIRECTION('ref_axis',(1.,0.,-1.7763568394003E-15));
#3279=DIRECTION('center_axis',(-1.,0.,1.20024110770287E-15));
#3280=DIRECTION('ref_axis',(6.8463753185218E-16,0.817023474929766,0.57660440634259));
#3281=DIRECTION('center_axis',(-8.48698626315556E-16,0.707106781186547,
-0.707106781186548));
#3282=DIRECTION('ref_axis',(0.707106781186547,-0.5,-0.500000000000001));
#3283=DIRECTION('center_axis',(0.,0.707106781186547,-0.707106781186548));
#3284=DIRECTION('ref_axis',(1.,0.,0.));
#3285=DIRECTION('',(-8.48698626315556E-16,0.707106781186547,-0.707106781186548));
#3286=DIRECTION('center_axis',(1.,0.,-1.20024110770287E-15));
#3287=DIRECTION('ref_axis',(-1.13686837721616E-15,0.,-1.));
#3288=DIRECTION('center_axis',(0.,-0.785083052757189,-0.619390507090197));
#3289=DIRECTION('ref_axis',(1.,0.,0.));
#3290=DIRECTION('center_axis',(1.,0.,-1.20024110770287E-15));
#3291=DIRECTION('ref_axis',(6.66133814775094E-17,-0.998276709676555,0.0586822879355504));
#3292=DIRECTION('center_axis',(-7.43417948330584E-16,-0.785083052757189,
-0.619390507090198));
#3293=DIRECTION('ref_axis',(0.707106781186546,-0.437975227766054,0.555137550399247));
#3294=DIRECTION('center_axis',(0.,-0.785083052757189,-0.619390507090199));
#3295=DIRECTION('ref_axis',(1.,0.,0.));
#3296=DIRECTION('',(-7.43417948330584E-16,-0.785083052757189,-0.619390507090198));
#3297=DIRECTION('center_axis',(1.,0.,-1.20024110770287E-15));
#3298=DIRECTION('ref_axis',(-1.21807326130303E-15,0.,-1.));
#3299=DIRECTION('center_axis',(-1.,0.,1.20024110770287E-15));
#3300=DIRECTION('ref_axis',(-8.60422844084496E-16,0.694210920723595,-0.719771628746297));
#3301=DIRECTION('center_axis',(0.,-1.,5.18779691517051E-16));
#3302=DIRECTION('ref_axis',(0.,-4.44089209850063E-16,-1.));
#3303=DIRECTION('center_axis',(-1.,0.,0.));
#3304=DIRECTION('ref_axis',(0.,-1.,8.88178419700127E-16));
#3305=DIRECTION('center_axis',(1.,0.,-1.20024110770287E-15));
#3306=DIRECTION('ref_axis',(-1.21807326130303E-15,0.,-1.));
#3307=DIRECTION('center_axis',(0.,0.785083052757188,0.619390507090199));
#3308=DIRECTION('ref_axis',(-1.,0.,0.));
#3309=DIRECTION('center_axis',(7.43417948330584E-16,0.785083052757189,0.619390507090198));
#3310=DIRECTION('ref_axis',(-0.707106781186546,-0.437975227766053,0.555137550399247));
#3311=DIRECTION('center_axis',(0.,0.78508305275719,0.619390507090197));
#3312=DIRECTION('ref_axis',(-1.,0.,0.));
#3313=DIRECTION('center_axis',(-1.,0.,1.20024110770287E-15));
#3314=DIRECTION('ref_axis',(1.13686837721616E-15,0.,1.));
#3315=DIRECTION('center_axis',(2.51214793389406E-15,-0.70710678118655,0.707106781186545));
#3316=DIRECTION('ref_axis',(-1.,0.,3.55271367880055E-15));
#3317=DIRECTION('center_axis',(8.48698626315556E-16,-0.707106781186547,
0.707106781186548));
#3318=DIRECTION('ref_axis',(-0.707106781186549,-0.5,-0.499999999999998));
#3319=DIRECTION('center_axis',(1.25607396694702E-15,-0.707106781186547,
0.707106781186548));
#3320=DIRECTION('ref_axis',(-1.,0.,1.77635683940025E-15));
#3321=DIRECTION('center_axis',(1.,0.,-1.20024110770287E-15));
#3322=DIRECTION('ref_axis',(-1.24344978758018E-15,0.,-1.));
#3323=DIRECTION('center_axis',(1.48829500144098E-15,-0.367984806199535,
0.929831803288256));
#3324=DIRECTION('ref_axis',(-1.,4.44089209850062E-16,1.77635683940025E-15));
#3325=DIRECTION('center_axis',(0.85863121267665,-5.41929408770992E-10,0.512593835914387));
#3326=DIRECTION('ref_axis',(-0.512593835914387,0.,0.85863121267665));
#3327=DIRECTION('center_axis',(0.,-1.,5.18779691517051E-16));
#3328=DIRECTION('ref_axis',(0.,-4.44089209850063E-16,-1.));
#3329=DIRECTION('center_axis',(1.,0.,0.));
#3330=DIRECTION('ref_axis',(0.,8.88178419700125E-16,1.));
#3331=DIRECTION('center_axis',(1.,0.,0.));
#3332=DIRECTION('ref_axis',(0.,-0.707106781186547,0.707106781186547));
#3333=DIRECTION('center_axis',(-1.,0.,0.));
#3334=DIRECTION('ref_axis',(0.,-0.099736958689557,0.99501383863309));
#3335=DIRECTION('',(-1.,0.,0.));
#3336=DIRECTION('',(-1.,0.,0.));
#3337=DIRECTION('center_axis',(-3.93239300325247E-15,5.18779691517051E-16,
1.));
#3338=DIRECTION('ref_axis',(-0.707106781186547,-0.707106781186547,-2.51214793389404E-15));
#3339=DIRECTION('center_axis',(3.99680288865056E-15,-4.44089209850063E-16,
-1.));
#3340=DIRECTION('ref_axis',(0.,-1.,4.44089209850063E-16));
#3341=DIRECTION('center_axis',(1.,0.,3.93239300325247E-15));
#3342=DIRECTION('ref_axis',(3.90798504668055E-15,0.,-1.));
#3343=DIRECTION('center_axis',(2.51214793389401E-15,0.707106781186547,-0.707106781186548));
#3344=DIRECTION('ref_axis',(0.,-0.707106781186548,-0.707106781186547));
#3345=DIRECTION('center_axis',(1.,0.,3.93239300325247E-15));
#3346=DIRECTION('ref_axis',(-1.49880108324396E-15,0.923879532511287,0.38268343236509));
#3347=DIRECTION('center_axis',(-2.78062175889036E-15,-0.707106781186547,
0.707106781186548));
#3348=DIRECTION('ref_axis',(-0.707106781186546,-0.5,-0.500000000000002));
#3349=DIRECTION('center_axis',(2.51214793389404E-15,0.707106781186547,-0.707106781186548));
#3350=DIRECTION('ref_axis',(-1.77635683940022E-15,-0.707106781186548,-0.707106781186547));
#3351=DIRECTION('',(-2.78062175889036E-15,-0.707106781186547,0.707106781186548));
#3352=DIRECTION('center_axis',(-1.,0.,-3.93239300325247E-15));
#3353=DIRECTION('ref_axis',(-3.97903932025656E-15,0.,1.));
#3354=DIRECTION('center_axis',(0.,-0.78508305275719,-0.619390507090197));
#3355=DIRECTION('ref_axis',(-1.77635683940025E-15,-0.619390507090197,0.78508305275719));
#3356=DIRECTION('center_axis',(-1.,0.,-3.93239300325247E-15));
#3357=DIRECTION('ref_axis',(-2.22044604925031E-16,-0.998276709676555,0.058682287935551));
#3358=DIRECTION('center_axis',(-2.43568689636249E-15,0.785083052757189,
0.619390507090198));
#3359=DIRECTION('ref_axis',(-0.707106781186546,-0.437975227766055,0.555137550399244));
#3360=DIRECTION('center_axis',(2.20051712705853E-15,-0.78508305275719,-0.619390507090197));
#3361=DIRECTION('ref_axis',(0.,-0.619390507090197,0.785083052757189));
#3362=DIRECTION('',(-2.43568689636249E-15,0.785083052757189,0.619390507090198));
#3363=DIRECTION('center_axis',(1.,0.,3.93239300325247E-15));
#3364=DIRECTION('ref_axis',(3.85723199412626E-15,0.,-1.));
#3365=DIRECTION('center_axis',(1.,0.,3.93239300325247E-15));
#3366=DIRECTION('ref_axis',(2.83106871279415E-15,0.694210920723595,-0.719771628746298));
#3367=DIRECTION('center_axis',(-1.,0.,0.));
#3368=DIRECTION('ref_axis',(0.,0.998629534754574,-0.0523359562429437));
#3369=DIRECTION('',(-1.,0.,0.));
#3370=DIRECTION('',(1.,0.,0.));
#3371=DIRECTION('center_axis',(0.,0.619390507090198,-0.785083052757189));
#3372=DIRECTION('ref_axis',(-1.51312009242168E-16,-0.785083052757189,-0.619390507090198));
#3373=DIRECTION('',(-1.,0.,0.));
#3374=DIRECTION('center_axis',(-1.,0.,0.));
#3375=DIRECTION('ref_axis',(0.,-0.619390507090198,0.785083052757189));
#3376=DIRECTION('',(-1.,0.,0.));
#3377=DIRECTION('center_axis',(0.,0.707106781186548,0.707106781186547));
#3378=DIRECTION('ref_axis',(-4.65194441279118E-32,0.707106781186547,-0.707106781186548));
#3379=DIRECTION('',(-1.,0.,0.));
#3380=DIRECTION('center_axis',(-1.,0.,0.));
#3381=DIRECTION('ref_axis',(0.,1.,0.));
#3382=DIRECTION('center_axis',(0.,-0.998629534754574,0.0523359562429438));
#3383=DIRECTION('ref_axis',(0.,-0.0523359562429438,-0.998629534754574));
#3384=DIRECTION('',(0.,0.998629534754574,-0.0523359562429438));
#3385=DIRECTION('center_axis',(0.,0.998629534754574,-0.0523359562429438));
#3386=DIRECTION('ref_axis',(0.,-0.0523359562429438,-0.998629534754574));
#3387=DIRECTION('center_axis',(0.,0.998629534754574,-0.0523359562429438));
#3388=DIRECTION('ref_axis',(0.,-0.0523359562429438,-0.998629534754574));
#3389=DIRECTION('',(0.,0.998629534754574,-0.0523359562429438));
#3390=DIRECTION('center_axis',(0.,-0.998629534754574,0.0523359562429438));
#3391=DIRECTION('ref_axis',(1.,0.,0.));
#3392=DIRECTION('',(0.72490282455335,-0.0360516831921796,-0.687907094812654));
#3393=DIRECTION('',(-1.,0.,0.));
#3394=DIRECTION('',(0.724902824553345,0.0360516831921799,0.687907094812659));
#3395=DIRECTION('center_axis',(0.68835457569375,0.,0.725374371012292));
#3396=DIRECTION('ref_axis',(0.725374371012292,0.,-0.68835457569375));
#3397=DIRECTION('',(0.,-1.,0.));
#3398=DIRECTION('center_axis',(-7.105427357601E-15,0.,1.));
#3399=DIRECTION('ref_axis',(1.,0.,7.105427357601E-15));
#3400=DIRECTION('',(0.,1.,0.));
#3401=DIRECTION('center_axis',(-0.688354575693757,0.,0.725374371012285));
#3402=DIRECTION('ref_axis',(0.725374371012285,0.,0.688354575693757));
#3403=DIRECTION('center_axis',(-0.688354575693755,0.,0.725374371012287));
#3404=DIRECTION('ref_axis',(0.725374371012287,0.,0.688354575693755));
#3405=DIRECTION('',(0.,1.,0.));
#3406=DIRECTION('center_axis',(-5.32907051820075E-15,0.,1.));
#3407=DIRECTION('ref_axis',(1.,0.,5.32907051820075E-15));
#3408=DIRECTION('',(0.,-1.,0.));
#3409=DIRECTION('center_axis',(0.68835457569375,0.,0.725374371012292));
#3410=DIRECTION('ref_axis',(0.725374371012292,0.,-0.68835457569375));
#3411=DIRECTION('center_axis',(0.,-0.0997369586897512,0.995013838633071));
#3412=DIRECTION('ref_axis',(0.,0.995013838633071,0.0997369586897512));
#3413=DIRECTION('',(-1.,0.,0.));
#3414=DIRECTION('center_axis',(0.,-0.0997369586897516,-0.995013838633071));
#3415=DIRECTION('ref_axis',(0.,-0.995013838633071,0.0997369586897516));
#3416=DIRECTION('center_axis',(0.,-2.40141048523917E-15,1.));
#3417=DIRECTION('ref_axis',(0.,1.,2.40141048523917E-15));
#3418=DIRECTION('',(-1.,0.,0.));
#3419=DIRECTION('center_axis',(-1.,0.,0.));
#3420=DIRECTION('ref_axis',(0.,0.520833085464941,0.853658536585367));
#3421=CARTESIAN_POINT('',(0.,0.,0.));
#3422=CARTESIAN_POINT('Ctrl Pts',(27.0000000000004,26.5,1.02695629777827E-14));
#3423=CARTESIAN_POINT('Ctrl Pts',(28.3463968515389,28.4073955396795,1.06502810180583E-14));
#3424=CARTESIAN_POINT('Ctrl Pts',(30.5829505179505,31.5758465670959,1.11324197719307));
#3425=CARTESIAN_POINT('Ctrl Pts',(32.3027557754045,34.0122373484891,4.17830586179479));
#3426=CARTESIAN_POINT('Ctrl Pts',(32.8985389444568,34.8562635046465,6.5925879969935));
#3427=CARTESIAN_POINT('Ctrl Pts',(33.0000000000004,35.,7.86420148677356));
#3428=CARTESIAN_POINT('Ctrl Pts',(33.0000000000004,35.,8.50000000000007));
#3429=CARTESIAN_POINT('Ctrl Pts',(27.0000000000004,26.5,1.02695629777827E-14));
#3430=CARTESIAN_POINT('Ctrl Pts',(28.4532537445182,28.3005386467003,1.0840096990739E-14));
#3431=CARTESIAN_POINT('Ctrl Pts',(30.8679086242478,31.2978019331771,0.961584955742256));
#3432=CARTESIAN_POINT('Ctrl Pts',(32.8706546431142,33.8629287496691,3.89260908993975));
#3433=CARTESIAN_POINT('Ctrl Pts',(33.6174575771203,34.8307643685387,6.42442850380642));
#3434=CARTESIAN_POINT('Ctrl Pts',(33.7479982508551,35.,7.80739699273636));
#3435=CARTESIAN_POINT('Ctrl Pts',(33.7479982508551,35.,8.50000000000008));
#3436=CARTESIAN_POINT('Ctrl Pts',(27.0000000000005,26.5,1.02695629777827E-14));
#3437=CARTESIAN_POINT('Ctrl Pts',(28.6402533072319,28.1135390839866,1.11722749429303E-14));
#3438=CARTESIAN_POINT('Ctrl Pts',(31.3713859434023,30.7985987037706,0.847834183885374));
#3439=CARTESIAN_POINT('Ctrl Pts',(33.8631406940891,33.2261510379887,3.65429771016351));
#3440=CARTESIAN_POINT('Ctrl Pts',(34.862529872031,34.196655246086,6.27819063577684));
#3441=CARTESIAN_POINT('Ctrl Pts',(35.0428332103088,34.3716208323745,7.75856919563892));
#3442=CARTESIAN_POINT('Ctrl Pts',(35.0428332103087,34.3716208323744,8.50000000000008));
#3443=CARTESIAN_POINT('Ctrl Pts',(27.0000000000004,26.5,1.02695629777827E-14));
#3444=CARTESIAN_POINT('Ctrl Pts',(28.8272528699455,27.9265395212729,1.15044528951216E-14));
#3445=CARTESIAN_POINT('Ctrl Pts',(31.8688197956438,30.2981089445143,0.99874963773065));
#3446=CARTESIAN_POINT('Ctrl Pts',(34.4014608369421,32.2298398119636,3.96569631926509));
#3447=CARTESIAN_POINT('Ctrl Pts',(35.3368336948886,32.9374368997821,6.46775820215354));
#3448=CARTESIAN_POINT('Ctrl Pts',(35.5000000000004,33.060998688141,7.82220634422327));
#3449=CARTESIAN_POINT('Ctrl Pts',(35.5000000000004,33.060998688141,8.50000000000007));
#3450=CARTESIAN_POINT('Ctrl Pts',(27.0000000000004,26.5,1.02695629777827E-14));
#3451=CARTESIAN_POINT('Ctrl Pts',(28.90739553968,27.8463968515385,1.16468148746322E-14));
#3452=CARTESIAN_POINT('Ctrl Pts',(32.0758465670963,30.08295051795,1.11324197719306));
#3453=CARTESIAN_POINT('Ctrl Pts',(34.5122373484895,31.8027557754041,4.17830586179479));
#3454=CARTESIAN_POINT('Ctrl Pts',(35.356263504647,32.3985389444564,6.5925879969935));
#3455=CARTESIAN_POINT('Ctrl Pts',(35.5000000000004,32.5,7.86420148677356));
#3456=CARTESIAN_POINT('Ctrl Pts',(35.5000000000004,32.5,8.50000000000007));
#3457=CARTESIAN_POINT('',(33.0000000000004,35.,8.50000000000007));
#3458=CARTESIAN_POINT('',(35.5000000000004,32.5,8.50000000000007));
#3459=CARTESIAN_POINT('Origin',(33.0000000000004,32.5,8.50000000000005));
#3460=CARTESIAN_POINT('',(27.0000000000004,26.5,8.88178419700125E-15));
#3461=CARTESIAN_POINT('Origin',(27.0000000000004,26.5,8.50000000000001));
#3462=CARTESIAN_POINT('Origin',(27.0000000000004,26.5,8.50000000000001));
#3463=CARTESIAN_POINT('Ctrl Pts',(27.0000000000004,13.5,8.88178419700125E-15));
#3464=CARTESIAN_POINT('Ctrl Pts',(28.90739553968,12.1536031484615,9.87831805357515E-15));
#3465=CARTESIAN_POINT('Ctrl Pts',(32.0759958664473,9.91694409427277,1.11272108172311));
#3466=CARTESIAN_POINT('Ctrl Pts',(34.5122791664332,8.1972147060475,4.1782334728676));
#3467=CARTESIAN_POINT('Ctrl Pts',(35.3563014722896,7.60143425485472,6.59247765264658));
#3468=CARTESIAN_POINT('Ctrl Pts',(35.5000000000004,7.5,7.86420148677352));
#3469=CARTESIAN_POINT('Ctrl Pts',(35.5000000000004,7.5,8.50000000000002));
#3470=CARTESIAN_POINT('Ctrl Pts',(27.0000000000004,13.5,8.88178419700125E-15));
#3471=CARTESIAN_POINT('Ctrl Pts',(28.8005386467007,12.0467462554823,9.83086406040496E-15));
#3472=CARTESIAN_POINT('Ctrl Pts',(31.7984144409912,9.63174115334195,0.961631028709075));
#3473=CARTESIAN_POINT('Ctrl Pts',(34.3631484779774,7.62923762923916,3.89279945102912));
#3474=CARTESIAN_POINT('Ctrl Pts',(35.3308955828029,6.88246139491066,6.42463451915076));
#3475=CARTESIAN_POINT('Ctrl Pts',(35.5000000000004,6.75200174914529,7.8073969927363));
#3476=CARTESIAN_POINT('Ctrl Pts',(35.5000000000004,6.75200174914529,8.50000000000002));
#3477=CARTESIAN_POINT('Ctrl Pts',(27.0000000000004,13.5,8.88178419700125E-15));
#3478=CARTESIAN_POINT('Ctrl Pts',(28.613539083987,11.8597466927686,9.84272755869751E-15));
#3479=CARTESIAN_POINT('Ctrl Pts',(31.2986675626076,9.12857250563936,0.848009332461934));
#3480=CARTESIAN_POINT('Ctrl Pts',(33.7262529139456,6.63681378534224,3.65422426401389));
#3481=CARTESIAN_POINT('Ctrl Pts',(34.6968858867343,5.63731583099803,6.27815217449776));
#3482=CARTESIAN_POINT('Ctrl Pts',(34.8719102260954,5.45697066695909,7.75856919563886));
#3483=CARTESIAN_POINT('Ctrl Pts',(34.8719102260954,5.45697066695909,8.50000000000002));
#3484=CARTESIAN_POINT('Ctrl Pts',(27.0000000000004,13.5,8.88178419700125E-15));
#3485=CARTESIAN_POINT('Ctrl Pts',(28.4265395212734,11.6727471300549,1.00206800330857E-14));
#3486=CARTESIAN_POINT('Ctrl Pts',(30.7981045660195,8.63098965171205,0.998564683861587));
#3487=CARTESIAN_POINT('Ctrl Pts',(32.7298083738672,6.09848836465484,3.96566406690242));
#3488=CARTESIAN_POINT('Ctrl Pts',(33.4374400646464,5.16312521195872,6.4677240019314));
#3489=CARTESIAN_POINT('Ctrl Pts',(33.5609986881415,5.,7.82220634422322));
#3490=CARTESIAN_POINT('Ctrl Pts',(33.5609986881415,5.,8.50000000000002));
#3491=CARTESIAN_POINT('Ctrl Pts',(27.0000000000004,13.5,8.88178419700125E-15));
#3492=CARTESIAN_POINT('Ctrl Pts',(28.3463968515389,11.5926044603205,1.01274515177186E-14));
#3493=CARTESIAN_POINT('Ctrl Pts',(30.5830559057277,8.4240041335531,1.11272108172311));
#3494=CARTESIAN_POINT('Ctrl Pts',(32.3027852939529,5.98772083356729,4.1782334728676));
#3495=CARTESIAN_POINT('Ctrl Pts',(32.8985657451457,5.14369852771086,6.59247765264658));
#3496=CARTESIAN_POINT('Ctrl Pts',(33.0000000000004,5.,7.86420148677351));
#3497=CARTESIAN_POINT('Ctrl Pts',(33.0000000000004,5.,8.50000000000002));
#3498=CARTESIAN_POINT('',(35.5000000000004,7.5,8.50000000000002));
#3499=CARTESIAN_POINT('',(33.0000000000004,5.,8.50000000000002));
#3500=CARTESIAN_POINT('Origin',(33.0000000000004,7.5,8.50000000000002));
#3501=CARTESIAN_POINT('',(27.0000000000004,13.5,9.99200722162641E-15));
#3502=CARTESIAN_POINT('Origin',(27.0000000000004,13.5,8.50000000000001));
#3503=CARTESIAN_POINT('Origin',(27.0000000000004,13.5,8.50000000000001));
#3504=CARTESIAN_POINT('Ctrl Pts',(-26.9999999999997,13.5,-1.02695629777827E-14));
#3505=CARTESIAN_POINT('Ctrl Pts',(-28.3463968515382,11.5926044603205,-7.66067944833661E-15));
#3506=CARTESIAN_POINT('Ctrl Pts',(-30.5830559057269,8.42400413355311,1.11272108172308));
#3507=CARTESIAN_POINT('Ctrl Pts',(-32.3027852939522,5.98772083356731,4.17823347286754));
#3508=CARTESIAN_POINT('Ctrl Pts',(-32.898565745145,5.14369852771087,6.59247765264651));
#3509=CARTESIAN_POINT('Ctrl Pts',(-32.9999999999997,5.,7.86420148677344));
#3510=CARTESIAN_POINT('Ctrl Pts',(-32.9999999999997,5.,8.49999999999994));
#3511=CARTESIAN_POINT('Ctrl Pts',(-26.9999999999997,13.5,-1.02695629777827E-14));
#3512=CARTESIAN_POINT('Ctrl Pts',(-28.4532537445175,11.6994613532997,-8.08776538686828E-15));
#3513=CARTESIAN_POINT('Ctrl Pts',(-30.8682588466577,8.70158555900921,0.961631028709048));
#3514=CARTESIAN_POINT('Ctrl Pts',(-32.8707623707606,6.13685152202301,3.89279945102907));
#3515=CARTESIAN_POINT('Ctrl Pts',(-33.6175386050891,5.16910441719752,6.4246345191507));
#3516=CARTESIAN_POINT('Ctrl Pts',(-33.7479982508544,5.,7.80739699273623));
#3517=CARTESIAN_POINT('Ctrl Pts',(-33.7479982508544,5.,8.49999999999994));
#3518=CARTESIAN_POINT('Ctrl Pts',(-26.9999999999997,13.5,-1.02695629777827E-14));
#3519=CARTESIAN_POINT('Ctrl Pts',(-28.6402533072311,11.8864609160134,-8.55044182027759E-15));
#3520=CARTESIAN_POINT('Ctrl Pts',(-31.3714274943603,9.20133243739285,0.84800933246191));
#3521=CARTESIAN_POINT('Ctrl Pts',(-33.8631862146575,6.77374708605484,3.65422426401384));
#3522=CARTESIAN_POINT('Ctrl Pts',(-34.8626841690017,5.80311411326614,6.27815217449769));
#3523=CARTESIAN_POINT('Ctrl Pts',(-35.0430293330406,5.62808977390502,7.75856919563878));
#3524=CARTESIAN_POINT('Ctrl Pts',(-35.0430293330406,5.62808977390502,8.49999999999994));
#3525=CARTESIAN_POINT('Ctrl Pts',(-26.9999999999997,13.5,-1.02695629777827E-14));
#3526=CARTESIAN_POINT('Ctrl Pts',(-28.8272528699448,12.0734604787271,-8.51485132539995E-15));
#3527=CARTESIAN_POINT('Ctrl Pts',(-31.8690103482876,9.70189543398089,0.998564683861559));
#3528=CARTESIAN_POINT('Ctrl Pts',(-34.4015116353449,7.77019162613328,3.96566406690238));
#3529=CARTESIAN_POINT('Ctrl Pts',(-35.336874788041,7.06255993535407,6.46772400193134));
#3530=CARTESIAN_POINT('Ctrl Pts',(-35.4999999999997,6.93900131185896,7.82220634422315));
#3531=CARTESIAN_POINT('Ctrl Pts',(-35.4999999999997,6.93900131185896,8.49999999999995));
#3532=CARTESIAN_POINT('Ctrl Pts',(-26.9999999999997,13.5,-1.02695629777827E-14));
#3533=CARTESIAN_POINT('Ctrl Pts',(-28.9073955396792,12.1536031484615,-8.40807984076703E-15));
#3534=CARTESIAN_POINT('Ctrl Pts',(-32.0759958664466,9.91694409427278,1.11272108172308));
#3535=CARTESIAN_POINT('Ctrl Pts',(-34.5122791664324,8.19721470604751,4.17823347286755));
#3536=CARTESIAN_POINT('Ctrl Pts',(-35.3563014722888,7.60143425485473,6.59247765264652));
#3537=CARTESIAN_POINT('Ctrl Pts',(-35.4999999999997,7.5,7.86420148677345));
#3538=CARTESIAN_POINT('Ctrl Pts',(-35.4999999999997,7.5,8.49999999999996));
#3539=CARTESIAN_POINT('',(-32.9999999999997,5.,8.49999999999996));
#3540=CARTESIAN_POINT('',(-35.4999999999997,7.5,8.49999999999996));
#3541=CARTESIAN_POINT('Origin',(-32.9999999999997,7.5,8.49999999999997));
#3542=CARTESIAN_POINT('',(-26.9999999999997,13.5,-9.99200722162641E-15));
#3543=CARTESIAN_POINT('Origin',(-26.9999999999997,13.5,8.49999999999999));
#3544=CARTESIAN_POINT('Origin',(-26.9999999999997,13.5,8.49999999999999));
#3545=CARTESIAN_POINT('Ctrl Pts',(-26.9999999999997,26.5,-1.22124532708767E-14));
#3546=CARTESIAN_POINT('Ctrl Pts',(-28.9073955396792,27.8463968515385,-1.30844203953789E-14));
#3547=CARTESIAN_POINT('Ctrl Pts',(-32.0758465670956,30.08295051795,1.11324197719303));
#3548=CARTESIAN_POINT('Ctrl Pts',(-34.5122373484888,31.8027557754041,4.17830586179473));
#3549=CARTESIAN_POINT('Ctrl Pts',(-35.3562635046462,32.3985389444564,6.59258799699343));
#3550=CARTESIAN_POINT('Ctrl Pts',(-35.4999999999997,32.5,7.86420148677348));
#3551=CARTESIAN_POINT('Ctrl Pts',(-35.4999999999997,32.5,8.49999999999999));
#3552=CARTESIAN_POINT('Ctrl Pts',(-26.9999999999997,26.5,-1.22124532708767E-14));
#3553=CARTESIAN_POINT('Ctrl Pts',(-28.8005386467,27.9532537445177,-1.32742363680596E-14));
#3554=CARTESIAN_POINT('Ctrl Pts',(-31.7978019331768,30.3679086242474,0.961584955742221));
#3555=CARTESIAN_POINT('Ctrl Pts',(-34.3629287496688,32.3706546431138,3.89260908993968));
#3556=CARTESIAN_POINT('Ctrl Pts',(-35.3307643685385,33.1174575771199,6.42442850380634));
#3557=CARTESIAN_POINT('Ctrl Pts',(-35.4999999999997,33.2479982508547,7.80739699273627));
#3558=CARTESIAN_POINT('Ctrl Pts',(-35.4999999999997,33.2479982508547,8.49999999999999));
#3559=CARTESIAN_POINT('Ctrl Pts',(-26.9999999999997,26.5,-1.22124532708767E-14));
#3560=CARTESIAN_POINT('Ctrl Pts',(-28.6135390839863,28.1402533072314,-1.32267823748894E-14));
#3561=CARTESIAN_POINT('Ctrl Pts',(-31.2985987037702,30.8713859434018,0.84783418388534));
#3562=CARTESIAN_POINT('Ctrl Pts',(-33.7261510379884,33.3631406940887,3.65429771016345));
#3563=CARTESIAN_POINT('Ctrl Pts',(-34.6966552460857,34.3625298720305,6.27819063577676));
#3564=CARTESIAN_POINT('Ctrl Pts',(-34.8716208323742,34.5428332103083,7.75856919563883));
#3565=CARTESIAN_POINT('Ctrl Pts',(-34.8716208323742,34.5428332103083,8.49999999999999));
#3566=CARTESIAN_POINT('Ctrl Pts',(-26.9999999999997,26.5,-1.22124532708767E-14));
#3567=CARTESIAN_POINT('Ctrl Pts',(-28.4265395212726,28.3272528699451,-1.25149724773367E-14));
#3568=CARTESIAN_POINT('Ctrl Pts',(-30.798108944514,31.3688197956434,0.998749637730617));
#3569=CARTESIAN_POINT('Ctrl Pts',(-32.7298398119633,33.9014608369416,3.96569631926503));
#3570=CARTESIAN_POINT('Ctrl Pts',(-33.4374368997818,34.8368336948882,6.46775820215347));
#3571=CARTESIAN_POINT('Ctrl Pts',(-33.5609986881408,35.,7.82220634422319));
#3572=CARTESIAN_POINT('Ctrl Pts',(-33.5609986881408,35.,8.49999999999999));
#3573=CARTESIAN_POINT('Ctrl Pts',(-26.9999999999997,26.5,-1.22124532708767E-14));
#3574=CARTESIAN_POINT('Ctrl Pts',(-28.3463968515382,28.4073955396795,-1.2087886538805E-14));
#3575=CARTESIAN_POINT('Ctrl Pts',(-30.5829505179497,31.5758465670958,1.11324197719303));
#3576=CARTESIAN_POINT('Ctrl Pts',(-32.3027557754038,34.0122373484891,4.17830586179473));
#3577=CARTESIAN_POINT('Ctrl Pts',(-32.8985389444561,34.8562635046465,6.59258799699343));
#3578=CARTESIAN_POINT('Ctrl Pts',(-32.9999999999997,35.,7.86420148677348));
#3579=CARTESIAN_POINT('Ctrl Pts',(-32.9999999999997,35.,8.49999999999999));
#3580=CARTESIAN_POINT('',(-35.4999999999997,32.5,8.49999999999999));
#3581=CARTESIAN_POINT('',(-32.9999999999997,35.,8.49999999999999));
#3582=CARTESIAN_POINT('Origin',(-32.9999999999997,32.5,8.49999999999999));
#3583=CARTESIAN_POINT('',(-26.9999999999997,26.5,-1.11022302462516E-14));
#3584=CARTESIAN_POINT('Origin',(-26.9999999999997,26.5,8.49999999999999));
#3585=CARTESIAN_POINT('Origin',(-26.9999999999997,26.5,8.49999999999999));
#3586=CARTESIAN_POINT('Origin',(17.7500000000004,26.5,8.50000000000001));
#3587=CARTESIAN_POINT('',(20.5,34.9752047485123,7.85122849107393));
#3588=CARTESIAN_POINT('',(24.241657386774,35.,8.50000000000001));
#3589=CARTESIAN_POINT('Ctrl Pts',(20.5,34.9752047485123,7.85122849107393));
#3590=CARTESIAN_POINT('Ctrl Pts',(20.9968749353202,34.9752047485123,7.85122849107393));
#3591=CARTESIAN_POINT('Ctrl Pts',(21.4924685138137,34.9779772678173,7.88487140043319));
#3592=CARTESIAN_POINT('Ctrl Pts',(22.6055738545475,34.9877425951264,8.03593659182949));
#3593=CARTESIAN_POINT('Ctrl Pts',(23.2176703325933,34.9957226362654,8.17254562331079));
#3594=CARTESIAN_POINT('Ctrl Pts',(23.9488866171025,34.9995109876753,8.39982730418355));
#3595=CARTESIAN_POINT('Ctrl Pts',(24.0815940898339,34.9999400315971,8.44374915415237));
#3596=CARTESIAN_POINT('Ctrl Pts',(24.2228691898541,34.9999980485027,8.49336121775823));
#3597=CARTESIAN_POINT('Ctrl Pts',(24.2322654316839,35.,8.49667455335383));
#3598=CARTESIAN_POINT('Ctrl Pts',(24.241657386774,35.,8.50000000000001));
#3599=CARTESIAN_POINT('',(17.7500000000004,35.,8.50000000000001));
#3600=CARTESIAN_POINT('',(17.7500000000004,26.5,6.66133814775094E-15));
#3601=CARTESIAN_POINT('',(-24.2416573867739,35.,8.49999999999999));
#3602=CARTESIAN_POINT('',(17.7500000000004,35.,8.50000000000001));
#3603=CARTESIAN_POINT('',(-20.5,34.9752047485123,7.85122849107393));
#3604=CARTESIAN_POINT('Ctrl Pts',(-24.2416573867739,35.,8.5));
#3605=CARTESIAN_POINT('Ctrl Pts',(-24.2322654316835,35.,8.49667455335368));
#3606=CARTESIAN_POINT('Ctrl Pts',(-24.2228691898544,34.9999980485027,8.49336121775835));
#3607=CARTESIAN_POINT('Ctrl Pts',(-24.0815940898294,34.9999400315971,8.44374915415079));
#3608=CARTESIAN_POINT('Ctrl Pts',(-23.9488866171002,34.9995109876753,8.39982730418291));
#3609=CARTESIAN_POINT('Ctrl Pts',(-23.2176703325947,34.9957226362654,8.17254562331118));
#3610=CARTESIAN_POINT('Ctrl Pts',(-22.6055738545477,34.9877425951264,8.03593659182954));
#3611=CARTESIAN_POINT('Ctrl Pts',(-21.4924685138139,34.9779772678173,7.88487140043322));
#3612=CARTESIAN_POINT('Ctrl Pts',(-20.9968749353203,34.9752047485123,7.85122849107393));
#3613=CARTESIAN_POINT('Ctrl Pts',(-20.5,34.9752047485123,7.85122849107393));
#3614=CARTESIAN_POINT('',(17.7500000000004,34.9752047485123,7.85122849107393));
#3615=CARTESIAN_POINT('Origin',(-26.9999999999997,0.,8.49999999999999));
#3616=CARTESIAN_POINT('',(-35.4999999999997,0.,8.49999999999996));
#3617=CARTESIAN_POINT('',(-26.9999999999997,0.,-9.99200722162641E-15));
#3618=CARTESIAN_POINT('Origin',(35.5000000000004,13.5,8.50000000000001));
#3619=CARTESIAN_POINT('',(-20.5,5.02479525148768,7.85122849107393));
#3620=CARTESIAN_POINT('',(-24.2416573867739,5.,8.5));
#3621=CARTESIAN_POINT('Ctrl Pts',(-20.5,5.02479525148768,7.85122849107394));
#3622=CARTESIAN_POINT('Ctrl Pts',(-21.8665091413299,5.02479525148768,7.85122849107394));
#3623=CARTESIAN_POINT('Ctrl Pts',(-23.1164755819094,5.00035912501857,8.10413261255399));
#3624=CARTESIAN_POINT('Ctrl Pts',(-24.2269498327514,5.00000119597854,8.49480079068505));
#3625=CARTESIAN_POINT('Ctrl Pts',(-24.2343049241891,5.,8.49739668452316));
#3626=CARTESIAN_POINT('Ctrl Pts',(-24.2416573867739,5.,8.5));
#3627=CARTESIAN_POINT('',(35.5000000000004,5.,8.50000000000002));
#3628=CARTESIAN_POINT('',(35.5000000000004,13.5,1.33226762955019E-14));
#3629=CARTESIAN_POINT('',(24.241657386774,5.,8.50000000000001));
#3630=CARTESIAN_POINT('',(35.5000000000004,5.,8.50000000000002));
#3631=CARTESIAN_POINT('',(20.5,5.02479525148768,7.85122849107395));
#3632=CARTESIAN_POINT('Ctrl Pts',(24.241657386774,5.,8.50000000000002));
#3633=CARTESIAN_POINT('Ctrl Pts',(24.2343049239898,5.,8.49739668445258));
#3634=CARTESIAN_POINT('Ctrl Pts',(24.2269498329517,5.00000119597847,8.49480079075493));
#3635=CARTESIAN_POINT('Ctrl Pts',(23.8632747772451,5.00011841604321,8.36685881341643));
#3636=CARTESIAN_POINT('Ctrl Pts',(23.5009269464257,5.00294531480313,8.25897504239475));
#3637=CARTESIAN_POINT('Ctrl Pts',(22.90197771608,5.00863290132599,8.11284204980522));
#3638=CARTESIAN_POINT('Ctrl Pts',(22.6683528843116,5.01110644423033,8.0636150464726));
#3639=CARTESIAN_POINT('Ctrl Pts',(21.7948438513188,5.01983962580454,7.90859601775232));
#3640=CARTESIAN_POINT('Ctrl Pts',(21.1487904513189,5.02479525148768,7.85122849107395));
#3641=CARTESIAN_POINT('Ctrl Pts',(20.5,5.02479525148768,7.85122849107395));
#3642=CARTESIAN_POINT('',(35.5000000000004,5.02479525148768,7.85122849107394));
#3643=CARTESIAN_POINT('Origin',(27.0000000000004,0.,8.50000000000001));
#3644=CARTESIAN_POINT('',(35.5000000000004,0.,8.50000000000006));
#3645=CARTESIAN_POINT('',(27.0000000000004,0.,9.99200722162641E-15));
#3646=CARTESIAN_POINT('Origin',(35.5000000000001,0.,65.5));
#3647=CARTESIAN_POINT('',(35.5000000000001,32.5,65.5));
#3648=CARTESIAN_POINT('',(35.5000000000002,32.5,49.1250000000001));
#3649=CARTESIAN_POINT('',(35.5000000000001,22.035829882642,65.5));
#3650=CARTESIAN_POINT('',(35.5000000000001,0.,65.5));
#3651=CARTESIAN_POINT('',(35.5000000000001,16.1068230599369,59.4056190945617));
#3652=CARTESIAN_POINT('Origin',(35.5,-4.02336842049458,84.9208183091703));
#3653=CARTESIAN_POINT('',(35.5000000000002,-4.24276621413355,43.3508305275717));
#3654=CARTESIAN_POINT('',(35.5000000000001,13.2002235909548,57.1124602845756));
#3655=CARTESIAN_POINT('',(35.5000000000003,-5.11992895509699,28.4289321881343));
#3656=CARTESIAN_POINT('Origin',(35.5000000000003,1.95113885676843,35.4999999999998));
#3657=CARTESIAN_POINT('',(35.5000000000004,2.37436867076459,20.9346345622727));
#3658=CARTESIAN_POINT('',(35.5000000000003,-13.1077136692892,36.4167169023265));
#3659=CARTESIAN_POINT('',(35.5000000000004,7.5,8.56026589150815));
#3660=CARTESIAN_POINT('Origin',(35.5000000000004,-9.99999999999999,8.56026589150815));
#3661=CARTESIAN_POINT('',(35.5000000000003,7.50000000000002,37.0301329457541));
#3662=CARTESIAN_POINT('Origin',(33.0000000000002,32.5,49.1250000000001));
#3663=CARTESIAN_POINT('',(33.0000000000001,35.,65.5));
#3664=CARTESIAN_POINT('',(33.0000000000002,35.,49.1250000000001));
#3665=CARTESIAN_POINT('',(34.7677669529664,34.2677669529664,79.4718388577205));
#3666=CARTESIAN_POINT('Origin',(32.9999999999998,32.5,113.20284171932));
#3667=CARTESIAN_POINT('Origin',(32.9999999999998,32.5,113.202841719321));
#3668=CARTESIAN_POINT('Origin',(20.5,32.5,15.));
#3669=CARTESIAN_POINT('',(20.5,32.5,10.));
#3670=CARTESIAN_POINT('Origin',(20.5,32.5,7.50000000000001));
#3671=CARTESIAN_POINT('',(25.5,32.5,15.));
#3672=CARTESIAN_POINT('Origin',(20.5,32.5,15.));
#3673=CARTESIAN_POINT('',(28.,35.,15.));
#3674=CARTESIAN_POINT('Origin',(28.,32.5,15.));
#3675=CARTESIAN_POINT('Origin',(20.5,35.,15.));
#3676=CARTESIAN_POINT('Origin',(-12.7499999999999,32.5,7.50000000000001));
#3677=CARTESIAN_POINT('',(-20.5,32.5,10.));
#3678=CARTESIAN_POINT('Origin',(-20.5,32.5,7.50000000000001));
#3679=CARTESIAN_POINT('',(-12.7499999999999,32.5,10.));
#3680=CARTESIAN_POINT('Origin',(35.5000000000003,5.,8.56026589150814));
#3681=CARTESIAN_POINT('',(-24.3444537468835,5.,8.56026589150814));
#3682=CARTESIAN_POINT('Origin',(-20.5,5.,15.));
#3683=CARTESIAN_POINT('',(-32.9999999999997,5.,8.56026589150814));
#3684=CARTESIAN_POINT('',(35.5000000000003,5.,8.56026589150814));
#3685=CARTESIAN_POINT('',(-32.9999999999997,5.,4.28013294575393));
#3686=CARTESIAN_POINT('Origin',(-20.5,32.5,15.));
#3687=CARTESIAN_POINT('',(-28.,35.,15.));
#3688=CARTESIAN_POINT('Origin',(-20.5,35.,15.));
#3689=CARTESIAN_POINT('',(-25.5,32.5,15.));
#3690=CARTESIAN_POINT('Origin',(-28.,32.5,15.));
#3691=CARTESIAN_POINT('Origin',(-20.5,32.5,15.));
#3692=CARTESIAN_POINT('Origin',(2.70894418008538E-13,35.,32.75));
#3693=CARTESIAN_POINT('',(-32.9999999999999,35.,65.4999999999999));
#3694=CARTESIAN_POINT('',(-32.9999999999998,35.,16.3749999999999));
#3695=CARTESIAN_POINT('',(-27.9999999999999,35.,65.4999999999999));
#3696=CARTESIAN_POINT('',(-25.4999999999999,35.,65.4999999999999));
#3697=CARTESIAN_POINT('',(-28.,35.,54.6));
#3698=CARTESIAN_POINT('',(-28.,35.,49.125));
#3699=CARTESIAN_POINT('',(-30.3169872981078,35.,54.6));
#3700=CARTESIAN_POINT('',(-12.7499999999999,35.,54.6));
#3701=CARTESIAN_POINT('',(-30.75,35.,54.3499999999999));
#3702=CARTESIAN_POINT('Ctrl Pts',(-30.75,35.,54.3499999999999));
#3703=CARTESIAN_POINT('Ctrl Pts',(-30.6807254444797,35.,54.4192745555202));
#3704=CARTESIAN_POINT('Ctrl Pts',(-30.596194181949,35.,54.5009781790471));
#3705=CARTESIAN_POINT('Ctrl Pts',(-30.4538173817123,35.,54.5776070000255));
#3706=CARTESIAN_POINT('Ctrl Pts',(-30.3807066535767,35.,54.5999999999999));
#3707=CARTESIAN_POINT('Ctrl Pts',(-30.3169872981078,35.,54.5999999999999));
#3708=CARTESIAN_POINT('',(-30.75,35.,46.6499999999999));
#3709=CARTESIAN_POINT('',(-30.75,35.,41.625));
#3710=CARTESIAN_POINT('',(-30.3169872981078,35.,46.3999999999999));
#3711=CARTESIAN_POINT('Ctrl Pts',(-30.3169872981078,35.,46.3999999999999));
#3712=CARTESIAN_POINT('Ctrl Pts',(-30.3807066535767,35.,46.3999999999999));
#3713=CARTESIAN_POINT('Ctrl Pts',(-30.4538173817123,35.,46.4223929999743));
#3714=CARTESIAN_POINT('Ctrl Pts',(-30.596194181949,35.,46.4990218209527));
#3715=CARTESIAN_POINT('Ctrl Pts',(-30.6807254444797,35.,46.5807254444796));
#3716=CARTESIAN_POINT('Ctrl Pts',(-30.75,35.,46.6499999999999));
#3717=CARTESIAN_POINT('',(-28.,35.,46.3999999999999));
#3718=CARTESIAN_POINT('',(-12.7499999999999,35.,46.3999999999999));
#3719=CARTESIAN_POINT('',(-28.,35.,49.125));
#3720=CARTESIAN_POINT('Origin',(2.70894418008538E-13,35.,32.75));
#3721=CARTESIAN_POINT('',(28.0000000000001,35.,47.0884228507849));
#3722=CARTESIAN_POINT('',(28.,35.,21.375));
#3723=CARTESIAN_POINT('',(30.,35.,47.0884228507849));
#3724=CARTESIAN_POINT('',(12.7500000000002,35.,47.0884228507849));
#3725=CARTESIAN_POINT('',(30.8568395725941,35.,47.6322006355397));
#3726=CARTESIAN_POINT('Origin',(30.,35.,48.0455571849708));
#3727=CARTESIAN_POINT('',(31.,35.,48.1622025178286));
#3728=CARTESIAN_POINT('Ctrl Pts',(31.,35.,48.1622025178286));
#3729=CARTESIAN_POINT('Ctrl Pts',(30.9998813516853,35.,48.1616853418237));
#3730=CARTESIAN_POINT('Ctrl Pts',(30.9997629404622,35.,48.1611681053892));
#3731=CARTESIAN_POINT('Ctrl Pts',(30.9914934805171,35.0000000000002,48.1249837424668));
#3732=CARTESIAN_POINT('Ctrl Pts',(30.9774019619063,35.,48.053157511301));
#3733=CARTESIAN_POINT('Ctrl Pts',(30.9570110719067,35.0000000000001,47.9453257036182));
#3734=CARTESIAN_POINT('Ctrl Pts',(30.9365565232116,35.,47.8560602656037));
#3735=CARTESIAN_POINT('Ctrl Pts',(30.9164478891837,35.,47.7856288764361));
#3736=CARTESIAN_POINT('Ctrl Pts',(30.8934647391232,35.,47.71615433757));
#3737=CARTESIAN_POINT('Ctrl Pts',(30.872544440533,35.,47.6652457729287));
#3738=CARTESIAN_POINT('Ctrl Pts',(30.8568395725941,35.,47.6322006355397));
#3739=CARTESIAN_POINT('',(31.,35.,55.4162732611323));
#3740=CARTESIAN_POINT('',(31.,35.,35.25));
#3741=CARTESIAN_POINT('',(30.0138365455674,35.,56.2567622624604));
#3742=CARTESIAN_POINT('Ctrl Pts',(30.0138365455674,35.,56.2567622624604));
#3743=CARTESIAN_POINT('Ctrl Pts',(30.1068952302339,35.,56.2567622624604));
#3744=CARTESIAN_POINT('Ctrl Pts',(30.3894224375537,35.,56.2160791864245));
#3745=CARTESIAN_POINT('Ctrl Pts',(30.6737648600979,35.,56.0305664468356));
#3746=CARTESIAN_POINT('Ctrl Pts',(30.8431613186599,35.,55.8052902074247));
#3747=CARTESIAN_POINT('Ctrl Pts',(30.9118213453069,35.,55.6833451310136));
#3748=CARTESIAN_POINT('Ctrl Pts',(30.9645135590953,35.,55.5531699694612));
#3749=CARTESIAN_POINT('Ctrl Pts',(30.989205664786,34.9999999999999,55.4631555670615));
#3750=CARTESIAN_POINT('Ctrl Pts',(30.9997634969505,35.,55.4173030018654));
#3751=CARTESIAN_POINT('Ctrl Pts',(30.9998818786279,35.,55.4167881402631));
#3752=CARTESIAN_POINT('Ctrl Pts',(31.,35.,55.4162732611323));
#3753=CARTESIAN_POINT('',(28.0000000000001,35.,56.2567622624604));
#3754=CARTESIAN_POINT('',(12.7500000000002,35.,56.2567622624604));
#3755=CARTESIAN_POINT('',(28.0000000000001,35.,65.4999999999999));
#3756=CARTESIAN_POINT('',(28.,35.,21.375));
#3757=CARTESIAN_POINT('',(25.5000000000001,35.,65.4999999999999));
#3758=CARTESIAN_POINT('Origin',(-32.9999999999998,32.5,16.3749999999999));
#3759=CARTESIAN_POINT('',(-35.4999999999999,32.5,65.4999999999999));
#3760=CARTESIAN_POINT('',(-35.4999999999998,32.5,16.3749999999999));
#3761=CARTESIAN_POINT('',(-34.7677669529664,34.2677669529664,79.4718388577206));
#3762=CARTESIAN_POINT('Origin',(-33.0000000000001,32.5,113.202841719323));
#3763=CARTESIAN_POINT('Origin',(-33.0000000000001,32.5,113.20284171932));
#3764=CARTESIAN_POINT('Origin',(35.5000000000005,0.,1.33226762955019E-14));
#3765=CARTESIAN_POINT('',(17.2244081570519,17.7612188630756,6.45826588637359E-15));
#3766=CARTESIAN_POINT('',(2.21613115429897,16.2568378732752,8.3168445062244E-16));
#3767=CARTESIAN_POINT('',(17.8579684687807,17.824724893027,6.69603261727048E-15));
#3768=CARTESIAN_POINT('',(17.2244081570519,22.2387811369244,6.46799977848105E-15));
#3769=CARTESIAN_POINT('Origin',(17.0000000000004,20.,6.38378239159465E-15));
#3770=CARTESIAN_POINT('',(2.21613115429893,23.7431621267248,8.27853767875698E-16));
#3771=CARTESIAN_POINT('',(27.3747906846567,21.2213397270324,1.02695629777827E-14));
#3772=CARTESIAN_POINT('',(-2.21613115429817,23.7431621267248,-8.31684450622441E-16));
#3773=CARTESIAN_POINT('Origin',(3.99774110529109E-13,20.,0.));
#3774=CARTESIAN_POINT('',(-17.2244081570512,22.2387811369244,-6.4482344632857E-15));
#3775=CARTESIAN_POINT('',(15.3041035858625,25.4993336096408,5.759281940243E-15));
#3776=CARTESIAN_POINT('',(-17.2244081570511,17.7612188630755,-6.46799977848105E-15));
#3777=CARTESIAN_POINT('Origin',(-16.9999999999996,20.,-6.38378239159465E-15));
#3778=CARTESIAN_POINT('',(-2.2161311542981,16.2568378732751,-8.15692873770395E-16));
#3779=CARTESIAN_POINT('',(9.75686753476559,15.0567033331525,3.67761376907083E-15));
#3780=CARTESIAN_POINT('Origin',(3.99774110529109E-13,20.,0.));
#3781=CARTESIAN_POINT('Ctrl Pts',(31.,35.,48.1622025178286));
#3782=CARTESIAN_POINT('Ctrl Pts',(30.9998813516853,35.,48.1616853418237));
#3783=CARTESIAN_POINT('Ctrl Pts',(30.9997629404622,35.,48.1611681053892));
#3784=CARTESIAN_POINT('Ctrl Pts',(30.9914934805171,35.0000000000002,48.1249837424668));
#3785=CARTESIAN_POINT('Ctrl Pts',(30.9774019619063,35.,48.053157511301));
#3786=CARTESIAN_POINT('Ctrl Pts',(30.9570110719067,35.0000000000001,47.9453257036182));
#3787=CARTESIAN_POINT('Ctrl Pts',(30.9365565232116,35.,47.8560602656037));
#3788=CARTESIAN_POINT('Ctrl Pts',(30.9164478891837,35.,47.7856288764361));
#3789=CARTESIAN_POINT('Ctrl Pts',(30.8934647391232,35.,47.71615433757));
#3790=CARTESIAN_POINT('Ctrl Pts',(30.872544440533,35.,47.6652457729287));
#3791=CARTESIAN_POINT('Ctrl Pts',(30.8568395725941,35.,47.6322006355397));
#3792=CARTESIAN_POINT('Ctrl Pts',(31.,35.,48.1622025178286));
#3793=CARTESIAN_POINT('Ctrl Pts',(30.9995277730024,35.,48.1617677473688));
#3794=CARTESIAN_POINT('Ctrl Pts',(30.9990475416502,35.,48.1613302408378));
#3795=CARTESIAN_POINT('Ctrl Pts',(30.9659093483064,35.0000000000002,48.1309149665655));
#3796=CARTESIAN_POINT('Ctrl Pts',(30.8947533377111,35.,48.0684026607014));
#3797=CARTESIAN_POINT('Ctrl Pts',(30.8064527109216,35.0000000000001,47.9749981163468));
#3798=CARTESIAN_POINT('Ctrl Pts',(30.7498767984534,35.,47.9024967259411));
#3799=CARTESIAN_POINT('Ctrl Pts',(30.7112773763362,35.,47.8483927179904));
#3800=CARTESIAN_POINT('Ctrl Pts',(30.6763174926338,35.,47.7966878225079));
#3801=CARTESIAN_POINT('Ctrl Pts',(30.6525268033938,35.,47.7602238193719));
#3802=CARTESIAN_POINT('Ctrl Pts',(30.6368971341542,35.,47.7367293869018));
#3803=CARTESIAN_POINT('Ctrl Pts',(31.,35.,48.1622025178286));
#3804=CARTESIAN_POINT('Ctrl Pts',(30.9991652463625,34.9999796115118,48.1618472066928));
#3805=CARTESIAN_POINT('Ctrl Pts',(30.9983410840892,35.000024929914,48.1614963119051));
#3806=CARTESIAN_POINT('Ctrl Pts',(30.9401341481321,34.9979205985562,48.1365456105378));
#3807=CARTESIAN_POINT('Ctrl Pts',(30.8117477094393,34.9847724154425,48.0837652099651));
#3808=CARTESIAN_POINT('Ctrl Pts',(30.6571179207321,34.9195923196526,48.0043250607596));
#3809=CARTESIAN_POINT('Ctrl Pts',(30.5702673159073,34.8633383015976,47.9471972762454));
#3810=CARTESIAN_POINT('Ctrl Pts',(30.5190559347115,34.8256963004055,47.9072526949988));
#3811=CARTESIAN_POINT('Ctrl Pts',(30.4770636144526,34.7941129057689,47.8706300222272));
#3812=CARTESIAN_POINT('Ctrl Pts',(30.4536479833952,34.7779280367555,47.8461689131352));
#3813=CARTESIAN_POINT('Ctrl Pts',(30.4393922782919,34.769496108516,47.8305945641621));
#3814=CARTESIAN_POINT('Ctrl Pts',(31.,35.,48.1622025178286));
#3815=CARTESIAN_POINT('Ctrl Pts',(30.9988135168541,35.,48.1619303199395));
#3816=CARTESIAN_POINT('Ctrl Pts',(30.9976247711464,34.9999945353463,48.161657419252));
#3817=CARTESIAN_POINT('Ctrl Pts',(30.9143721571887,34.9995792327941,48.1425620251559));
#3818=CARTESIAN_POINT('Ctrl Pts',(30.7302240369015,34.9495815322725,48.0986197997499));
#3819=CARTESIAN_POINT('Ctrl Pts',(30.5703509563763,34.788651512668,48.0221064950035));
#3820=CARTESIAN_POINT('Ctrl Pts',(30.515810694819,34.6783426558129,47.9615804609304));
#3821=CARTESIAN_POINT('Ctrl Pts',(30.4896493383598,34.6130534259849,47.9164947993138));
#3822=CARTESIAN_POINT('Ctrl Pts',(30.4707621983629,34.5623124369416,47.873699042477));
#3823=CARTESIAN_POINT('Ctrl Pts',(30.4592339160702,34.5384617993547,47.8439765709962));
#3824=CARTESIAN_POINT('Ctrl Pts',(30.4509681961022,34.5263157894784,47.8250930509336));
#3825=CARTESIAN_POINT('',(30.4509681961022,34.5263157894756,47.8250930509333));
#3826=CARTESIAN_POINT('Origin',(30.8568395725941,34.55,47.6322006355397));
#3827=CARTESIAN_POINT('Ctrl Pts',(30.4509681961022,34.5263157894784,47.8250930509336));
#3828=CARTESIAN_POINT('Ctrl Pts',(30.4592339160702,34.5384617993547,47.8439765709962));
#3829=CARTESIAN_POINT('Ctrl Pts',(30.4707621983629,34.5623124369416,47.873699042477));
#3830=CARTESIAN_POINT('Ctrl Pts',(30.4896493383598,34.6130534259849,47.9164947993138));
#3831=CARTESIAN_POINT('Ctrl Pts',(30.515810694819,34.6783426558129,47.9615804609304));
#3832=CARTESIAN_POINT('Ctrl Pts',(30.5703509563763,34.788651512668,48.0221064950035));
#3833=CARTESIAN_POINT('Ctrl Pts',(30.7302240369015,34.9495815322725,48.0986197997499));
#3834=CARTESIAN_POINT('Ctrl Pts',(30.9143721571887,34.9995792327941,48.1425620251559));
#3835=CARTESIAN_POINT('Ctrl Pts',(30.9976247711464,34.9999945353463,48.161657419252));
#3836=CARTESIAN_POINT('Ctrl Pts',(30.9988135168541,35.,48.1619303199395));
#3837=CARTESIAN_POINT('Ctrl Pts',(31.,35.,48.1622025178286));
#3838=CARTESIAN_POINT('Origin',(12.7500000000002,34.55,47.0884228507849));
#3839=CARTESIAN_POINT('',(28.0000000000001,34.4951587954677,47.5350686190235));
#3840=CARTESIAN_POINT('Origin',(28.0000000000001,34.55,47.0884228507849));
#3841=CARTESIAN_POINT('',(30.,34.4951587954677,47.5350686190235));
#3842=CARTESIAN_POINT('',(12.7500000000002,34.4951587954677,47.5350686190235));
#3843=CARTESIAN_POINT('Origin',(30.,34.55,47.0884228507849));
#3844=CARTESIAN_POINT('Ctrl Pts',(25.9500000000001,32.4451587954677,47.2833602691725));
#3845=CARTESIAN_POINT('Ctrl Pts',(25.9500000000001,32.9051777197433,47.3398434907968));
#3846=CARTESIAN_POINT('Ctrl Pts',(26.3248302900202,33.9802688462663,47.4718480826975));
#3847=CARTESIAN_POINT('Ctrl Pts',(27.3866414342992,34.4951587954677,47.5350686190235));
#3848=CARTESIAN_POINT('Ctrl Pts',(28.0000000000001,34.4951587954677,47.5350686190235));
#3849=CARTESIAN_POINT('Ctrl Pts',(25.8321902754904,32.4451587954677,47.2833602691725));
#3850=CARTESIAN_POINT('Ctrl Pts',(25.8301190782076,32.9312613955,47.3431135357854));
#3851=CARTESIAN_POINT('Ctrl Pts',(26.2212678512316,34.071167962784,47.4830967424164));
#3852=CARTESIAN_POINT('Ctrl Pts',(27.3482682917057,34.6211850632758,47.5505426989785));
#3853=CARTESIAN_POINT('Ctrl Pts',(28.0000000000001,34.6211850632758,47.5505426989785));
#3854=CARTESIAN_POINT('Ctrl Pts',(25.5976332975402,32.4570573013334,47.186454715427));
#3855=CARTESIAN_POINT('Ctrl Pts',(25.5916060324531,32.9953327700091,47.2489202758184));
#3856=CARTESIAN_POINT('Ctrl Pts',(26.0157090255225,34.2651274942189,47.3960694787615));
#3857=CARTESIAN_POINT('Ctrl Pts',(27.2724417097334,34.8856121548784,47.4677633854387));
#3858=CARTESIAN_POINT('Ctrl Pts',(28.0000000000001,34.8856121548784,47.4677633854387));
#3859=CARTESIAN_POINT('Ctrl Pts',(25.5,32.4856426062273,46.9536460896219));
#3860=CARTESIAN_POINT('Ctrl Pts',(25.4967053975443,33.0466012835845,47.0121850701385));
#3861=CARTESIAN_POINT('Ctrl Pts',(25.9456419745178,34.3633726134541,47.149333856368));
#3862=CARTESIAN_POINT('Ctrl Pts',(27.2469414463268,35.,47.2153955538675));
#3863=CARTESIAN_POINT('Ctrl Pts',(28.0000000000001,35.,47.2153955538675));
#3864=CARTESIAN_POINT('Ctrl Pts',(25.5,32.5,46.8367145009339));
#3865=CARTESIAN_POINT('Ctrl Pts',(25.5,33.060998688141,46.8931977225581));
#3866=CARTESIAN_POINT('Ctrl Pts',(25.9571101097808,34.3720854278032,47.0252023144589));
#3867=CARTESIAN_POINT('Ctrl Pts',(27.2520017491453,35.,47.0884228507849));
#3868=CARTESIAN_POINT('Ctrl Pts',(28.0000000000001,35.,47.0884228507849));
#3869=CARTESIAN_POINT('',(25.5000000000001,32.5,46.8367145009339));
#3870=CARTESIAN_POINT('',(25.9500000000001,32.4451587954677,47.2833602691725));
#3871=CARTESIAN_POINT('Origin',(25.9500000000001,32.5,46.8367145009339));
#3872=CARTESIAN_POINT('Origin',(28.0000000000001,32.4451587954677,47.2833602691725));
#3873=CARTESIAN_POINT('Origin',(28.0000000000001,32.5,46.8367145009339));
#3874=CARTESIAN_POINT('Origin',(25.95,10.7906980303218,44.1711473910784));
#3875=CARTESIAN_POINT('',(25.5,25.5545055124934,45.9839150100319));
#3876=CARTESIAN_POINT('',(25.95,25.4996643079611,46.4305607782705));
#3877=CARTESIAN_POINT('Origin',(25.95,25.5545055124934,45.9839150100319));
#3878=CARTESIAN_POINT('',(25.95,10.7358568257895,44.617793159317));
#3879=CARTESIAN_POINT('',(25.5,10.7906980303218,44.1711473910784));
#3880=CARTESIAN_POINT('Origin',(25.95,25.,50.4999999999999));
#3881=CARTESIAN_POINT('',(25.5000000000001,24.4454944875066,55.016084989968));
#3882=CARTESIAN_POINT('',(25.95,24.5003356920389,54.5694392217294));
#3883=CARTESIAN_POINT('Origin',(25.95,24.4454944875066,55.016084989968));
#3884=CARTESIAN_POINT('Origin',(25.95,25.,50.4999999999999));
#3885=CARTESIAN_POINT('Origin',(25.5000000000001,25.,50.4999999999999));
#3886=CARTESIAN_POINT('Origin',(25.9500000000001,14.9315191593155,53.847915706855));
#3887=CARTESIAN_POINT('',(25.5000000000001,32.5,56.0050539126095));
#3888=CARTESIAN_POINT('',(25.9500000000001,32.5548412045323,55.5584081443709));
#3889=CARTESIAN_POINT('Origin',(25.9500000000001,32.5,56.0050539126095));
#3890=CARTESIAN_POINT('',(25.9500000000001,14.9863603638478,53.4012699386164));
#3891=CARTESIAN_POINT('',(25.5000000000001,14.9315191593155,53.847915706855));
#3892=CARTESIAN_POINT('Ctrl Pts',(28.0000000000001,34.6048412045323,55.8101164942218));
#3893=CARTESIAN_POINT('Ctrl Pts',(27.5399810757244,34.6048412045323,55.8101164942218));
#3894=CARTESIAN_POINT('Ctrl Pts',(26.4649135890543,34.2299825500225,55.7640896389272));
#3895=CARTESIAN_POINT('Ctrl Pts',(25.9500000000001,33.1681997702332,55.6337191065365));
#3896=CARTESIAN_POINT('Ctrl Pts',(25.9500000000001,32.5548412045323,55.5584081443709));
#3897=CARTESIAN_POINT('Ctrl Pts',(28.0000000000001,34.7126781141001,55.8233572018123));
#3898=CARTESIAN_POINT('Ctrl Pts',(27.5153857575059,34.7126781141001,55.8233572018123));
#3899=CARTESIAN_POINT('Ctrl Pts',(26.3828902678295,34.3199090944436,55.7751630723723));
#3900=CARTESIAN_POINT('Ctrl Pts',(25.8349518718676,33.2029780045754,55.6380791665214));
#3901=CARTESIAN_POINT('Ctrl Pts',(25.8321902754904,32.5548412045323,55.5584081443709));
#3902=CARTESIAN_POINT('Ctrl Pts',(28.0000000000001,34.9176199476276,55.9315196070396));
#3903=CARTESIAN_POINT('Ctrl Pts',(27.4665032518806,34.9176199476276,55.9315196070396));
#3904=CARTESIAN_POINT('Ctrl Pts',(26.2194828811277,34.4886727505776,55.8814950294739));
#3905=CARTESIAN_POINT('Ctrl Pts',(25.6056740228455,33.2606427907724,55.7386054512402));
#3906=CARTESIAN_POINT('Ctrl Pts',(25.597637669396,32.5429421658714,55.6553180373851));
#3907=CARTESIAN_POINT('Ctrl Pts',(28.0000000000001,35.,56.1481155165238));
#3908=CARTESIAN_POINT('Ctrl Pts',(27.4418457959883,35.,56.1481155165238));
#3909=CARTESIAN_POINT('Ctrl Pts',(26.1377329629722,34.5485305426222,56.1007528697177));
#3910=CARTESIAN_POINT('Ctrl Pts',(25.5043928032745,33.2623022969157,55.9661742979436));
#3911=CARTESIAN_POINT('Ctrl Pts',(25.5000000000001,32.5143573937727,55.8881223239215));
#3912=CARTESIAN_POINT('Ctrl Pts',(28.0000000000001,35.,56.2567622624604));
#3913=CARTESIAN_POINT('Ctrl Pts',(27.439001311859,35.,56.2567622624604));
#3914=CARTESIAN_POINT('Ctrl Pts',(26.1279434012858,34.5428552993783,56.2107354071658));
#3915=CARTESIAN_POINT('Ctrl Pts',(25.5000000000001,33.2479982508547,56.0803648747751));
#3916=CARTESIAN_POINT('Ctrl Pts',(25.5000000000001,32.5,56.0050539126095));
#3917=CARTESIAN_POINT('',(28.0000000000001,34.6048412045323,55.8101164942218));
#3918=CARTESIAN_POINT('Origin',(28.0000000000001,34.55,56.2567622624604));
#3919=CARTESIAN_POINT('Origin',(28.0000000000001,32.5548412045323,55.5584081443709));
#3920=CARTESIAN_POINT('Origin',(28.0000000000001,32.5,56.0050539126095));
#3921=CARTESIAN_POINT('Origin',(12.7500000000002,34.55,56.2567622624604));
#3922=CARTESIAN_POINT('',(30.0138365455674,34.6048412045323,55.8101164942218));
#3923=CARTESIAN_POINT('Origin',(30.0138365455674,34.55,56.2567622624604));
#3924=CARTESIAN_POINT('',(12.7500000000002,34.6048412045323,55.8101164942218));
#3925=CARTESIAN_POINT('Ctrl Pts',(30.0138365455674,35.,56.2567622624604));
#3926=CARTESIAN_POINT('Ctrl Pts',(30.1068952302339,35.,56.2567622624604));
#3927=CARTESIAN_POINT('Ctrl Pts',(30.3894224375537,35.,56.2160791864245));
#3928=CARTESIAN_POINT('Ctrl Pts',(30.6737648600979,35.,56.0305664468356));
#3929=CARTESIAN_POINT('Ctrl Pts',(30.8431613186599,35.,55.8052902074247));
#3930=CARTESIAN_POINT('Ctrl Pts',(30.9118213453069,35.,55.6833451310136));
#3931=CARTESIAN_POINT('Ctrl Pts',(30.9645135590953,35.,55.5531699694612));
#3932=CARTESIAN_POINT('Ctrl Pts',(30.989205664786,34.9999999999999,55.4631555670615));
#3933=CARTESIAN_POINT('Ctrl Pts',(30.9997634969505,35.,55.4173030018654));
#3934=CARTESIAN_POINT('Ctrl Pts',(30.9998818786279,35.,55.4167881402631));
#3935=CARTESIAN_POINT('Ctrl Pts',(31.,35.,55.4162732611323));
#3936=CARTESIAN_POINT('Ctrl Pts',(30.0138365455674,35.,56.1481155165238));
#3937=CARTESIAN_POINT('Ctrl Pts',(30.0964494948437,34.9999696562559,56.1493163205505));
#3938=CARTESIAN_POINT('Ctrl Pts',(30.3487573282527,35.0000895712075,56.1173347186552));
#3939=CARTESIAN_POINT('Ctrl Pts',(30.607672097639,35.0001354309051,55.9591492144333));
#3940=CARTESIAN_POINT('Ctrl Pts',(30.7780402556941,35.0000333858228,55.7633967647234));
#3941=CARTESIAN_POINT('Ctrl Pts',(30.8543227681753,34.9999794582728,55.6564855536474));
#3942=CARTESIAN_POINT('Ctrl Pts',(30.9246110351526,34.9999539638751,55.5409777570763));
#3943=CARTESIAN_POINT('Ctrl Pts',(30.9731266058696,34.9999949904191,55.4594411671744));
#3944=CARTESIAN_POINT('Ctrl Pts',(30.9994095690872,35.0000000378249,55.4172216147587));
#3945=CARTESIAN_POINT('Ctrl Pts',(30.9997046965694,35.,55.4167474919117));
#3946=CARTESIAN_POINT('Ctrl Pts',(31.,35.,55.4162732611323));
#3947=CARTESIAN_POINT('Ctrl Pts',(30.0138365455674,34.9176191079682,55.9315203499075));
#3948=CARTESIAN_POINT('Ctrl Pts',(30.0756888885186,34.919519579483,55.935045696013));
#3949=CARTESIAN_POINT('Ctrl Pts',(30.2678946527025,34.9262298980863,55.9203728089358));
#3950=CARTESIAN_POINT('Ctrl Pts',(30.4759400752797,34.9380716287532,55.8165034011373));
#3951=CARTESIAN_POINT('Ctrl Pts',(30.647985216213,34.9596261824926,55.6795968524632));
#3952=CARTESIAN_POINT('Ctrl Pts',(30.7393855834496,34.973502467603,55.6027059499533));
#3953=CARTESIAN_POINT('Ctrl Pts',(30.8447996125879,34.9901557798945,55.5165459220339));
#3954=CARTESIAN_POINT('Ctrl Pts',(30.9409685636527,34.9998802404613,55.4520075722278));
#3955=CARTESIAN_POINT('Ctrl Pts',(30.9987017127558,34.9999993559497,55.4170588767289));
#3956=CARTESIAN_POINT('Ctrl Pts',(30.9993503324525,35.,55.4166661952087));
#3957=CARTESIAN_POINT('Ctrl Pts',(31.,35.,55.4162732611323));
#3958=CARTESIAN_POINT('Ctrl Pts',(30.0138365455674,34.7126781141001,55.8233572018123));
#3959=CARTESIAN_POINT('Ctrl Pts',(30.0652167629962,34.7183847316763,55.8258313165824));
#3960=CARTESIAN_POINT('Ctrl Pts',(30.2255669283874,34.739356454944,55.8122071477634));
#3961=CARTESIAN_POINT('Ctrl Pts',(30.3954993130717,34.775847550807,55.7251919309628));
#3962=CARTESIAN_POINT('Ctrl Pts',(30.5511668375289,34.8489656780108,55.6167236503719));
#3963=CARTESIAN_POINT('Ctrl Pts',(30.6438463129316,34.8982111587966,55.5574204072228));
#3964=CARTESIAN_POINT('Ctrl Pts',(30.7682755272067,34.9605364367059,55.4927398787584));
#3965=CARTESIAN_POINT('Ctrl Pts',(30.9087879499907,34.9995102372071,55.4445810661443));
#3966=CARTESIAN_POINT('Ctrl Pts',(30.9979940449931,34.9999975052781,55.4168960884621));
#3967=CARTESIAN_POINT('Ctrl Pts',(30.9989959683356,35.,55.4165848985058));
#3968=CARTESIAN_POINT('Ctrl Pts',(31.,35.,55.4162732611323));
#3969=CARTESIAN_POINT('Ctrl Pts',(30.0138365455674,34.6048412045323,55.8101164942218));
#3970=CARTESIAN_POINT('Ctrl Pts',(30.0640086985885,34.6119434351879,55.8109885384943));
#3971=CARTESIAN_POINT('Ctrl Pts',(30.2196317031835,34.6384179481418,55.7928270547009));
#3972=CARTESIAN_POINT('Ctrl Pts',(30.376823431938,34.6841687728925,55.7008062656947));
#3973=CARTESIAN_POINT('Ctrl Pts',(30.517602541944,34.7827910518955,55.5943491171278));
#3974=CARTESIAN_POINT('Ctrl Pts',(30.6051780486311,34.8512391468724,55.5385718672895));
#3975=CARTESIAN_POINT('Ctrl Pts',(30.7317130682467,34.9408467448743,55.4810610538766));
#3976=CARTESIAN_POINT('Ctrl Pts',(30.8926853036587,34.9992664669681,55.4408580926886));
#3977=CARTESIAN_POINT('Ctrl Pts',(30.9976403136487,34.9999962501231,55.4168147695104));
#3978=CARTESIAN_POINT('Ctrl Pts',(30.9988187862772,35.,55.4165442501544));
#3979=CARTESIAN_POINT('Ctrl Pts',(31.,35.,55.4162732611323));
#3980=CARTESIAN_POINT('Ctrl Pts',(31.,35.,55.4162732611323));
#3981=CARTESIAN_POINT('Ctrl Pts',(30.9988187862772,35.,55.4165442501544));
#3982=CARTESIAN_POINT('Ctrl Pts',(30.9976403136487,34.9999962501231,55.4168147695104));
#3983=CARTESIAN_POINT('Ctrl Pts',(30.8926853036587,34.9992664669681,55.4408580926886));
#3984=CARTESIAN_POINT('Ctrl Pts',(30.7317130682467,34.9408467448743,55.4810610538766));
#3985=CARTESIAN_POINT('Ctrl Pts',(30.6051780486311,34.8512391468724,55.5385718672895));
#3986=CARTESIAN_POINT('Ctrl Pts',(30.517602541944,34.7827910518955,55.5943491171278));
#3987=CARTESIAN_POINT('Ctrl Pts',(30.376823431938,34.6841687728925,55.7008062656947));
#3988=CARTESIAN_POINT('Ctrl Pts',(30.2196317031835,34.6384179481418,55.7928270547009));
#3989=CARTESIAN_POINT('Ctrl Pts',(30.0640086985885,34.6119434351879,55.8109885384943));
#3990=CARTESIAN_POINT('Ctrl Pts',(30.0138365455674,34.6048412045323,55.8101164942218));
#3991=CARTESIAN_POINT('Ctrl Pts',(30.8568395725942,35.,47.6322006355397));
#3992=CARTESIAN_POINT('Ctrl Pts',(30.7799654076382,35.,47.4704471364002));
#3993=CARTESIAN_POINT('Ctrl Pts',(30.5335373868333,35.,47.1921790870032));
#3994=CARTESIAN_POINT('Ctrl Pts',(30.1780034761577,35.,47.0884228507849));
#3995=CARTESIAN_POINT('Ctrl Pts',(30.,35.,47.0884228507849));
#3996=CARTESIAN_POINT('Ctrl Pts',(30.7468683533736,35.,47.6844650112209));
#3997=CARTESIAN_POINT('Ctrl Pts',(30.6783488760386,35.0000557807118,47.5439353963565));
#3998=CARTESIAN_POINT('Ctrl Pts',(30.4617653311472,35.0000421499672,47.3040016979653));
#3999=CARTESIAN_POINT('Ctrl Pts',(30.1539724856372,35.,47.2153955538675));
#4000=CARTESIAN_POINT('Ctrl Pts',(30.,35.,47.2153955538675));
#4001=CARTESIAN_POINT('Ctrl Pts',(30.5280693453852,34.8953309276937,47.788450341503));
#4002=CARTESIAN_POINT('Ctrl Pts',(30.4762085967194,34.8925060302096,47.6898856645786));
#4003=CARTESIAN_POINT('Ctrl Pts',(30.3193169390102,34.8875247934908,47.5261409804242));
#4004=CARTESIAN_POINT('Ctrl Pts',(30.10648646418,34.8856101246302,47.4677610906606));
#4005=CARTESIAN_POINT('Ctrl Pts',(30.,34.8856101246302,47.4677610906606));
#4006=CARTESIAN_POINT('Ctrl Pts',(30.445180237196,34.6479059489938,47.8278438075478));
#4007=CARTESIAN_POINT('Ctrl Pts',(30.4029273751156,34.6400424587509,47.7439735816378));
#4008=CARTESIAN_POINT('Ctrl Pts',(30.272052423404,34.6263575703719,47.6022127526021));
#4009=CARTESIAN_POINT('Ctrl Pts',(30.0905170505021,34.6211850632758,47.5505426989785));
#4010=CARTESIAN_POINT('Ctrl Pts',(30.,34.6211850632758,47.5505426989785));
#4011=CARTESIAN_POINT('Ctrl Pts',(30.4509681961022,34.5263157894744,47.8250930509331));
#4012=CARTESIAN_POINT('Ctrl Pts',(30.4105081092833,34.5170477521538,47.7388216584405));
#4013=CARTESIAN_POINT('Ctrl Pts',(30.2808091509649,34.5011037467339,47.5904071126323));
#4014=CARTESIAN_POINT('Ctrl Pts',(30.093686040083,34.4951587954677,47.5350686190235));
#4015=CARTESIAN_POINT('Ctrl Pts',(30.,34.4951587954677,47.5350686190235));
#4016=CARTESIAN_POINT('Origin',(30.,34.55,48.0455571849708));
#4017=CARTESIAN_POINT('Ctrl Pts',(30.5,34.5,55.2934887002294));
#4018=CARTESIAN_POINT('Ctrl Pts',(30.5,34.6495996501709,55.3302257549443));
#4019=CARTESIAN_POINT('Ctrl Pts',(30.6255905066867,34.9085688684178,55.393820598444));
#4020=CARTESIAN_POINT('Ctrl Pts',(30.8878002623718,35.,55.4162732611323));
#4021=CARTESIAN_POINT('Ctrl Pts',(31.,35.,55.4162732611323));
#4022=CARTESIAN_POINT('Ctrl Pts',(30.5,34.4840473402525,55.4234126876604));
#4023=CARTESIAN_POINT('Ctrl Pts',(30.4951191074729,34.6337062656587,55.4571041736459));
#4024=CARTESIAN_POINT('Ctrl Pts',(30.6147146032633,34.9022614532866,55.5160233168328));
#4025=CARTESIAN_POINT('Ctrl Pts',(30.8846397244504,35.,55.5369918677286));
#4026=CARTESIAN_POINT('Ctrl Pts',(31.,35.,55.5369918677286));
#4027=CARTESIAN_POINT('Ctrl Pts',(30.3915121722879,34.4522866686282,55.6820826001544));
#4028=CARTESIAN_POINT('Ctrl Pts',(30.3825828906773,34.6355503476366,55.7099569307699));
#4029=CARTESIAN_POINT('Ctrl Pts',(30.5238803025891,34.9687724326223,55.7596423607095));
#4030=CARTESIAN_POINT('Ctrl Pts',(30.8572425512367,35.0915345812921,55.7776529367606));
#4031=CARTESIAN_POINT('Ctrl Pts',(31.,35.0915345812921,55.7776529367606));
#4032=CARTESIAN_POINT('Ctrl Pts',(30.1308996938996,34.4390653282974,55.7897617760501));
#4033=CARTESIAN_POINT('Ctrl Pts',(30.1278312534806,34.6996221460369,55.8216543196706));
#4034=CARTESIAN_POINT('Ctrl Pts',(30.3423180066351,35.1562848921435,55.8777894225908));
#4035=CARTESIAN_POINT('Ctrl Pts',(30.8029286560975,35.3192465398888,55.8978344396303));
#4036=CARTESIAN_POINT('Ctrl Pts',(31.,35.3192465398888,55.8978344396303));
#4037=CARTESIAN_POINT('Ctrl Pts',(30.,34.4390653282974,55.7897617760501));
#4038=CARTESIAN_POINT('Ctrl Pts',(30.,34.7382646286393,55.826498830765));
#4039=CARTESIAN_POINT('Ctrl Pts',(30.2511810133733,35.2562030651331,55.8900936742646));
#4040=CARTESIAN_POINT('Ctrl Pts',(30.7756005247436,35.4390653282974,55.912546336953));
#4041=CARTESIAN_POINT('Ctrl Pts',(31.,35.4390653282974,55.912546336953));
#4042=CARTESIAN_POINT('',(30.5,34.5,55.2934887002294));
#4043=CARTESIAN_POINT('Origin',(31.,34.5,55.2934887002294));
#4044=CARTESIAN_POINT('',(30.,34.4390653282974,55.7897617760501));
#4045=CARTESIAN_POINT('Origin',(30.,34.5,55.2934887002294));
#4046=CARTESIAN_POINT('Origin',(31.,34.4390653282974,55.7897617760501));
#4047=CARTESIAN_POINT('Origin',(28.,32.5,21.375));
#4048=CARTESIAN_POINT('',(25.5000000000001,32.5,65.4999999999999));
#4049=CARTESIAN_POINT('',(25.5,32.5,21.375));
#4050=CARTESIAN_POINT('',(26.2322330470337,34.2677669529663,79.4718388577213));
#4051=CARTESIAN_POINT('Origin',(28.0000000000001,32.5,113.202841719326));
#4052=CARTESIAN_POINT('Origin',(28.0000000000001,32.5,113.20284171932));
#4053=CARTESIAN_POINT('Origin',(25.5,0.,10.));
#4054=CARTESIAN_POINT('',(25.5,32.5,21.375));
#4055=CARTESIAN_POINT('',(25.5,6.27205655754448,15.));
#4056=CARTESIAN_POINT('',(25.5,0.,15.));
#4057=CARTESIAN_POINT('',(25.5,2.37436867076459,20.9346345622727));
#4058=CARTESIAN_POINT('Origin',(25.5,-9.99999999999999,8.56026589150814));
#4059=CARTESIAN_POINT('',(25.5,-5.11992895509702,28.4289321881343));
#4060=CARTESIAN_POINT('',(25.5,0.76728633071083,22.5417169023265));
#4061=CARTESIAN_POINT('',(25.5,-4.24276621413355,43.3508305275716));
#4062=CARTESIAN_POINT('Origin',(25.5,1.95113885676843,35.4999999999998));
#4063=CARTESIAN_POINT('',(25.5000000000001,16.1068230599369,59.4056190945617));
#4064=CARTESIAN_POINT('',(25.5000000000001,-0.293851885851849,46.4663226269873));
#4065=CARTESIAN_POINT('',(25.5000000000001,22.0358298826419,65.4999999999999));
#4066=CARTESIAN_POINT('Origin',(25.5000000000001,-4.02336842049458,84.9208183091703));
#4067=CARTESIAN_POINT('',(25.5000000000001,0.,65.4999999999999));
#4068=CARTESIAN_POINT('Origin',(28.,32.5,21.375));
#4069=CARTESIAN_POINT('Origin',(15.3041035858625,25.4993336096408,0.250000000000006));
#4070=CARTESIAN_POINT('',(-2.13541565040585,23.5,0.249999999999999));
#4071=CARTESIAN_POINT('',(-17.1994739173787,21.9900276772662,0.249999999999994));
#4072=CARTESIAN_POINT('',(15.3290378255349,25.2505801499825,0.250000000000006));
#4073=CARTESIAN_POINT('Origin',(-17.2244081570512,22.2387811369244,0.249999999999994));
#4074=CARTESIAN_POINT('Ctrl Pts',(-2.21613115429817,23.7431621267248,1.2490009027033E-14));
#4075=CARTESIAN_POINT('Ctrl Pts',(-2.21589128491477,23.7424315196899,1.24950549867525E-14));
#4076=CARTESIAN_POINT('Ctrl Pts',(-2.21565139564375,23.7417009225395,3.38299626081954E-6));
#4077=CARTESIAN_POINT('Ctrl Pts',(-2.20994668379997,23.7243285579892,0.000164268887069845));
#4078=CARTESIAN_POINT('Ctrl Pts',(-2.2044874876649,23.7077408259782,0.00207336547231029));
#4079=CARTESIAN_POINT('Ctrl Pts',(-2.19376238115312,23.6752231418254,0.00934331960305432));
#4080=CARTESIAN_POINT('Ctrl Pts',(-2.18851952217025,23.6593629266838,0.0146826279207497));
#4081=CARTESIAN_POINT('Ctrl Pts',(-2.17393894150713,23.6153436332633,0.0348547877366237));
#4082=CARTESIAN_POINT('Ctrl Pts',(-2.16524171326081,23.5892017289916,0.0537378307646095));
#4083=CARTESIAN_POINT('Ctrl Pts',(-2.15078940278459,23.5458761723468,0.100405999415695));
#4084=CARTESIAN_POINT('Ctrl Pts',(-2.14509982475891,23.528882125892,0.12752421722628));
#4085=CARTESIAN_POINT('Ctrl Pts',(-2.13739581906911,23.5058944083555,0.18676785703875));
#4086=CARTESIAN_POINT('Ctrl Pts',(-2.13541565040585,23.5,0.218209295915306));
#4087=CARTESIAN_POINT('Ctrl Pts',(-2.13541565040585,23.5,0.249999999999999));
#4088=CARTESIAN_POINT('Origin',(3.99680288865056E-13,20.,0.250000000000013));
#4089=CARTESIAN_POINT('',(2.13541565040659,23.5,0.250000000000014));
#4090=CARTESIAN_POINT('Ctrl Pts',(2.21613115429894,23.7431621267249,1.41553435639707E-14));
#4091=CARTESIAN_POINT('Ctrl Pts',(2.21589128491553,23.7424315196899,1.41485383408091E-14));
#4092=CARTESIAN_POINT('Ctrl Pts',(2.21565139564458,23.7417009225395,3.38299626207468E-6));
#4093=CARTESIAN_POINT('Ctrl Pts',(2.20994668380015,23.724328557989,0.000164268887076192));
#4094=CARTESIAN_POINT('Ctrl Pts',(2.20448748766566,23.7077408259781,0.00207336547232489));
#4095=CARTESIAN_POINT('Ctrl Pts',(2.19376238115388,23.6752231418255,0.00934331960305161));
#4096=CARTESIAN_POINT('Ctrl Pts',(2.18851952217103,23.6593629266838,0.0146826279207449));
#4097=CARTESIAN_POINT('Ctrl Pts',(2.1739389415079,23.6153436332633,0.0348547877366126));
#4098=CARTESIAN_POINT('Ctrl Pts',(2.1652417132616,23.5892017289916,0.0537378307645977));
#4099=CARTESIAN_POINT('Ctrl Pts',(2.15078940278537,23.5458761723468,0.100405999415697));
#4100=CARTESIAN_POINT('Ctrl Pts',(2.1450998247597,23.528882125892,0.12752421722628));
#4101=CARTESIAN_POINT('Ctrl Pts',(2.1373958190699,23.5058944083555,0.186767857038821));
#4102=CARTESIAN_POINT('Ctrl Pts',(2.13541565040663,23.5,0.218209295915346));
#4103=CARTESIAN_POINT('Ctrl Pts',(2.13541565040663,23.5,0.250000000000001));
#4104=CARTESIAN_POINT('Origin',(3.99680288865056E-13,20.,0.250000000000013));
#4105=CARTESIAN_POINT('Origin',(17.8579684687807,17.824724893027,0.250000000000007));
#4106=CARTESIAN_POINT('',(2.13541565040665,16.5,0.250000000000001));
#4107=CARTESIAN_POINT('',(17.1994739173795,18.0099723227338,0.250000000000006));
#4108=CARTESIAN_POINT('',(17.8330342291082,18.0734783526853,0.250000000000007));
#4109=CARTESIAN_POINT('Origin',(17.2244081570519,17.7612188630756,0.250000000000006));
#4110=CARTESIAN_POINT('Ctrl Pts',(2.21613115429897,16.2568378732752,1.41553435639707E-14));
#4111=CARTESIAN_POINT('Ctrl Pts',(2.21589128491555,16.2575684803102,1.41552075655655E-14));
#4112=CARTESIAN_POINT('Ctrl Pts',(2.21565139564462,16.2582990774605,3.38299626198593E-6));
#4113=CARTESIAN_POINT('Ctrl Pts',(2.20994668380002,16.2756714420111,0.000164268887077652));
#4114=CARTESIAN_POINT('Ctrl Pts',(2.2044874876657,16.2922591740219,0.00207336547232827));
#4115=CARTESIAN_POINT('Ctrl Pts',(2.19376238115391,16.3247768581745,0.00934331960305285));
#4116=CARTESIAN_POINT('Ctrl Pts',(2.18851952217107,16.3406370733162,0.0146826279207464));
#4117=CARTESIAN_POINT('Ctrl Pts',(2.17393894150793,16.3846563667367,0.0348547877366122));
#4118=CARTESIAN_POINT('Ctrl Pts',(2.16524171326162,16.4107982710084,0.053737830764597));
#4119=CARTESIAN_POINT('Ctrl Pts',(2.1507894027854,16.4541238276532,0.100405999415688));
#4120=CARTESIAN_POINT('Ctrl Pts',(2.14509982475973,16.471117874108,0.127524217226274));
#4121=CARTESIAN_POINT('Ctrl Pts',(2.13739581906993,16.4941055916445,0.186767857038785));
#4122=CARTESIAN_POINT('Ctrl Pts',(2.13541565040665,16.5,0.218209295915326));
#4123=CARTESIAN_POINT('Ctrl Pts',(2.13541565040665,16.5,0.250000000000001));
#4124=CARTESIAN_POINT('Origin',(17.0000000000004,20.,0.250000000000013));
#4125=CARTESIAN_POINT('',(17.1994739173795,21.9900276772661,0.250000000000013));
#4126=CARTESIAN_POINT('Origin',(17.2244081570519,22.2387811369244,0.250000000000013));
#4127=CARTESIAN_POINT('Origin',(17.0000000000004,20.,0.250000000000013));
#4128=CARTESIAN_POINT('Origin',(27.3747906846567,21.2213397270324,0.25000000000001));
#4129=CARTESIAN_POINT('',(27.3498564449842,20.9725862673741,0.25000000000001));
#4130=CARTESIAN_POINT('Origin',(3.99680288865056E-13,20.,0.250000000000013));
#4131=CARTESIAN_POINT('',(-2.13541565040587,16.5,0.250000000000013));
#4132=CARTESIAN_POINT('Origin',(3.99680288865056E-13,20.,0.250000000000013));
#4133=CARTESIAN_POINT('Ctrl Pts',(-2.2161311542981,16.2568378732751,1.2490009027033E-14));
#4134=CARTESIAN_POINT('Ctrl Pts',(-2.21589128491471,16.2575684803101,1.24867184558075E-14));
#4135=CARTESIAN_POINT('Ctrl Pts',(-2.21565139564367,16.2582990774605,3.382996261056E-6));
#4136=CARTESIAN_POINT('Ctrl Pts',(-2.20994668380041,16.2756714420105,0.000164268887066306));
#4137=CARTESIAN_POINT('Ctrl Pts',(-2.20448748766484,16.2922591740218,0.0020733654723008));
#4138=CARTESIAN_POINT('Ctrl Pts',(-2.19376238115306,16.3247768581746,0.00934331960306354));
#4139=CARTESIAN_POINT('Ctrl Pts',(-2.18851952217018,16.3406370733162,0.0146826279207626));
#4140=CARTESIAN_POINT('Ctrl Pts',(-2.17393894150707,16.3846563667367,0.0348547877366303));
#4141=CARTESIAN_POINT('Ctrl Pts',(-2.16524171326076,16.4107982710084,0.053737830764616));
#4142=CARTESIAN_POINT('Ctrl Pts',(-2.15078940278454,16.4541238276532,0.100405999415691));
#4143=CARTESIAN_POINT('Ctrl Pts',(-2.14509982475888,16.471117874108,0.127524217226278));
#4144=CARTESIAN_POINT('Ctrl Pts',(-2.13739581906908,16.4941055916445,0.186767857038664));
#4145=CARTESIAN_POINT('Ctrl Pts',(-2.1354156504058,16.5,0.218209295915258));
#4146=CARTESIAN_POINT('Ctrl Pts',(-2.13541565040579,16.5,0.249999999999999));
#4147=CARTESIAN_POINT('Origin',(-16.9999999999996,20.,0.250000000000013));
#4148=CARTESIAN_POINT('',(-17.1994739173787,18.0099723227338,0.250000000000013));
#4149=CARTESIAN_POINT('Origin',(-17.2244081570511,17.7612188630755,0.250000000000013));
#4150=CARTESIAN_POINT('Origin',(-16.9999999999996,20.,0.250000000000013));
#4151=CARTESIAN_POINT('Origin',(9.75686753476559,15.0567033331525,0.250000000000004));
#4152=CARTESIAN_POINT('',(9.78180177443803,15.3054567928107,0.250000000000004));
#4153=CARTESIAN_POINT('Origin',(3.99680288865056E-13,20.,0.));
#4154=CARTESIAN_POINT('',(2.13541565040659,23.5,4.75));
#4155=CARTESIAN_POINT('',(2.13541565040659,23.5,0.));
#4156=CARTESIAN_POINT('',(-2.13541565040585,23.5,4.75));
#4157=CARTESIAN_POINT('Origin',(3.99680288865056E-13,20.,4.75));
#4158=CARTESIAN_POINT('',(-2.13541565040585,23.5,0.));
#4159=CARTESIAN_POINT('Origin',(17.1994739173795,21.9900276772661,0.));
#4160=CARTESIAN_POINT('',(17.1994739173795,21.9900276772661,4.75));
#4161=CARTESIAN_POINT('',(17.1994739173795,21.9900276772661,0.));
#4162=CARTESIAN_POINT('',(8.78402733527347,22.8335647372817,4.75));
#4163=CARTESIAN_POINT('Origin',(17.0000000000004,20.,0.));
#4164=CARTESIAN_POINT('',(17.1994739173795,18.0099723227338,4.75));
#4165=CARTESIAN_POINT('',(17.1994739173795,18.0099723227338,0.));
#4166=CARTESIAN_POINT('Origin',(17.0000000000004,20.,4.75));
#4167=CARTESIAN_POINT('Origin',(2.13541565040665,16.5,0.));
#4168=CARTESIAN_POINT('',(2.13541565040665,16.5,4.75));
#4169=CARTESIAN_POINT('',(2.13541565040665,16.5,0.));
#4170=CARTESIAN_POINT('',(1.25199820178705,16.4114491013514,4.75));
#4171=CARTESIAN_POINT('Origin',(3.99680288865056E-13,20.,4.75));
#4172=CARTESIAN_POINT('',(-2.05288068007072,16.7429797493122,5.));
#4173=CARTESIAN_POINT('',(2.05288068007158,16.7429797493122,5.));
#4174=CARTESIAN_POINT('Origin',(3.99680288865056E-13,20.,5.));
#4175=CARTESIAN_POINT('Ctrl Pts',(2.05288068007158,16.7429797493122,5.));
#4176=CARTESIAN_POINT('Ctrl Pts',(2.05313167437653,16.7422497124938,5.));
#4177=CARTESIAN_POINT('Ctrl Pts',(2.05338264250963,16.7415196699592,4.99999661211642));
#4178=CARTESIAN_POINT('Ctrl Pts',(2.05935226812403,16.7241526491324,4.99983541739564));
#4179=CARTESIAN_POINT('Ctrl Pts',(2.06504065414259,16.7075609215751,4.99792174723047));
#4180=CARTESIAN_POINT('Ctrl Pts',(2.07616557810744,16.6750329409341,4.99062932273456));
#4181=CARTESIAN_POINT('Ctrl Pts',(2.08157853357677,16.659165909306,4.98527484325872));
#4182=CARTESIAN_POINT('Ctrl Pts',(2.09653883543758,16.6152164026964,4.96508122817891));
#4183=CARTESIAN_POINT('Ctrl Pts',(2.10537792953235,16.5891248288179,4.94621435693421));
#4184=CARTESIAN_POINT('Ctrl Pts',(2.11999639057202,16.5458557715968,4.89956750942655));
#4185=CARTESIAN_POINT('Ctrl Pts',(2.12571147015318,16.5288754144027,4.87246405116491));
#4186=CARTESIAN_POINT('Ctrl Pts',(2.13343828874437,16.5058951003617,4.8132331640454));
#4187=CARTESIAN_POINT('Ctrl Pts',(2.13541565040665,16.5,4.78179030248502));
#4188=CARTESIAN_POINT('Ctrl Pts',(2.13541565040665,16.5,4.75));
#4189=CARTESIAN_POINT('',(-2.13541565040587,16.5,4.75));
#4190=CARTESIAN_POINT('Origin',(3.99680288865056E-13,20.,4.75));
#4191=CARTESIAN_POINT('Ctrl Pts',(-2.05288068007072,16.7429797493122,5.));
#4192=CARTESIAN_POINT('Ctrl Pts',(-2.05313167437566,16.7422497124938,5.));
#4193=CARTESIAN_POINT('Ctrl Pts',(-2.05338264250876,16.7415196699591,4.99999661211642));
#4194=CARTESIAN_POINT('Ctrl Pts',(-2.05935226812337,16.7241526491327,4.99983541739564));
#4195=CARTESIAN_POINT('Ctrl Pts',(-2.0650406541417,16.7075609215751,4.99792174723048));
#4196=CARTESIAN_POINT('Ctrl Pts',(-2.07616557810658,16.675032940934,4.99062932273457));
#4197=CARTESIAN_POINT('Ctrl Pts',(-2.0815785335759,16.659165909306,4.98527484325873));
#4198=CARTESIAN_POINT('Ctrl Pts',(-2.09653883543672,16.6152164026964,4.96508122817892));
#4199=CARTESIAN_POINT('Ctrl Pts',(-2.10537792953148,16.5891248288178,4.94621435693423));
#4200=CARTESIAN_POINT('Ctrl Pts',(-2.11999639057116,16.5458557715967,4.89956750942654));
#4201=CARTESIAN_POINT('Ctrl Pts',(-2.12571147015232,16.5288754144027,4.8724640511649));
#4202=CARTESIAN_POINT('Ctrl Pts',(-2.13343828874352,16.5058951003616,4.8132331640453));
#4203=CARTESIAN_POINT('Ctrl Pts',(-2.13541565040579,16.5,4.78179030248497));
#4204=CARTESIAN_POINT('Ctrl Pts',(-2.13541565040579,16.5,4.75));
#4205=CARTESIAN_POINT('Origin',(1.22706396211461,16.6602025610097,4.75));
#4206=CARTESIAN_POINT('',(17.174539677707,18.2587257823921,5.));
#4207=CARTESIAN_POINT('',(1.22706396211461,16.6602025610097,5.));
#4208=CARTESIAN_POINT('Origin',(17.174539677707,18.2587257823921,4.75));
#4209=CARTESIAN_POINT('Origin',(17.0000000000004,20.,4.75));
#4210=CARTESIAN_POINT('',(17.1745396777071,21.7412742176079,5.));
#4211=CARTESIAN_POINT('Origin',(17.1745396777071,21.7412742176079,4.75));
#4212=CARTESIAN_POINT('Origin',(17.0000000000004,20.,5.));
#4213=CARTESIAN_POINT('Origin',(8.75909309560103,22.5848112776234,4.75));
#4214=CARTESIAN_POINT('',(2.05288068007157,23.2570202506878,5.));
#4215=CARTESIAN_POINT('',(8.75909309560103,22.5848112776234,5.));
#4216=CARTESIAN_POINT('Ctrl Pts',(2.05288068007157,23.2570202506878,5.));
#4217=CARTESIAN_POINT('Ctrl Pts',(2.05313167437652,23.2577502875062,5.));
#4218=CARTESIAN_POINT('Ctrl Pts',(2.05338264250962,23.2584803300408,4.99999661211642));
#4219=CARTESIAN_POINT('Ctrl Pts',(2.05935226812406,23.2758473508676,4.99983541739564));
#4220=CARTESIAN_POINT('Ctrl Pts',(2.06504065414257,23.2924390784249,4.99792174723048));
#4221=CARTESIAN_POINT('Ctrl Pts',(2.07616557810743,23.3249670590659,4.99062932273457));
#4222=CARTESIAN_POINT('Ctrl Pts',(2.08157853357674,23.340834090694,4.98527484325872));
#4223=CARTESIAN_POINT('Ctrl Pts',(2.09653883543757,23.3847835973036,4.96508122817891));
#4224=CARTESIAN_POINT('Ctrl Pts',(2.10537792953234,23.4108751711822,4.94621435693422));
#4225=CARTESIAN_POINT('Ctrl Pts',(2.11999639057202,23.4541442284032,4.89956750942654));
#4226=CARTESIAN_POINT('Ctrl Pts',(2.12571147015317,23.4711245855973,4.8724640511649));
#4227=CARTESIAN_POINT('Ctrl Pts',(2.13343828874435,23.4941048996383,4.81323316404547));
#4228=CARTESIAN_POINT('Ctrl Pts',(2.13541565040664,23.5,4.78179030248506));
#4229=CARTESIAN_POINT('Ctrl Pts',(2.13541565040664,23.5,4.75));
#4230=CARTESIAN_POINT('Origin',(3.99680288865056E-13,20.,4.75));
#4231=CARTESIAN_POINT('',(-2.05288068007078,23.2570202506878,5.));
#4232=CARTESIAN_POINT('Origin',(3.99680288865056E-13,20.,5.));
#4233=CARTESIAN_POINT('Ctrl Pts',(-2.05288068007078,23.2570202506878,5.));
#4234=CARTESIAN_POINT('Ctrl Pts',(-2.05313167437573,23.2577502875062,5.));
#4235=CARTESIAN_POINT('Ctrl Pts',(-2.05338264250883,23.2584803300408,4.99999661211642));
#4236=CARTESIAN_POINT('Ctrl Pts',(-2.05935226812324,23.2758473508676,4.99983541739564));
#4237=CARTESIAN_POINT('Ctrl Pts',(-2.06504065414177,23.2924390784249,4.99792174723048));
#4238=CARTESIAN_POINT('Ctrl Pts',(-2.07616557810665,23.324967059066,4.99062932273456));
#4239=CARTESIAN_POINT('Ctrl Pts',(-2.08157853357599,23.340834090694,4.98527484325872));
#4240=CARTESIAN_POINT('Ctrl Pts',(-2.0965388354368,23.3847835973036,4.96508122817891));
#4241=CARTESIAN_POINT('Ctrl Pts',(-2.10537792953157,23.4108751711821,4.94621435693421));
#4242=CARTESIAN_POINT('Ctrl Pts',(-2.11999639057124,23.4541442284032,4.89956750942654));
#4243=CARTESIAN_POINT('Ctrl Pts',(-2.12571147015239,23.4711245855973,4.8724640511649));
#4244=CARTESIAN_POINT('Ctrl Pts',(-2.13343828874357,23.4941048996383,4.81323316404542));
#4245=CARTESIAN_POINT('Ctrl Pts',(-2.13541565040585,23.5,4.78179030248503));
#4246=CARTESIAN_POINT('Ctrl Pts',(-2.13541565040585,23.5,4.75));
#4247=CARTESIAN_POINT('Origin',(-1.22706396211384,23.3397974389903,4.75));
#4248=CARTESIAN_POINT('',(-17.1745396777063,21.7412742176079,5.));
#4249=CARTESIAN_POINT('',(-1.22706396211384,23.3397974389903,5.));
#4250=CARTESIAN_POINT('',(-17.1994739173787,21.9900276772662,4.75));
#4251=CARTESIAN_POINT('Origin',(-17.1745396777063,21.7412742176079,4.75));
#4252=CARTESIAN_POINT('',(-1.25199820178628,23.5885508986486,4.75));
#4253=CARTESIAN_POINT('Origin',(-16.9999999999996,20.,4.75));
#4254=CARTESIAN_POINT('',(-17.1745396777063,18.2587257823921,5.));
#4255=CARTESIAN_POINT('',(-17.1994739173787,18.0099723227338,4.75));
#4256=CARTESIAN_POINT('Origin',(-17.1745396777063,18.2587257823921,4.75));
#4257=CARTESIAN_POINT('Origin',(-16.9999999999996,20.,4.75));
#4258=CARTESIAN_POINT('Origin',(-16.9999999999996,20.,5.));
#4259=CARTESIAN_POINT('Origin',(-8.75909309560027,17.4151887223765,4.75));
#4260=CARTESIAN_POINT('',(-8.78402733527271,17.1664352627183,4.75));
#4261=CARTESIAN_POINT('',(-8.75909309560027,17.4151887223765,5.));
#4262=CARTESIAN_POINT('Origin',(-2.13541565040585,23.5,0.));
#4263=CARTESIAN_POINT('',(-17.1994739173787,21.9900276772662,0.));
#4264=CARTESIAN_POINT('Origin',(-16.9999999999996,20.,0.));
#4265=CARTESIAN_POINT('',(-17.1994739173787,18.0099723227338,0.));
#4266=CARTESIAN_POINT('Origin',(-17.1994739173787,18.0099723227338,0.));
#4267=CARTESIAN_POINT('',(-2.13541565040587,16.5,0.));
#4268=CARTESIAN_POINT('Origin',(3.99680288865056E-13,20.,0.));
#4269=CARTESIAN_POINT('Origin',(3.73034936274053E-13,20.,5.));
#4270=CARTESIAN_POINT('Ctrl Pts',(31.,35.,48.1622025178286));
#4271=CARTESIAN_POINT('Ctrl Pts',(30.8691003061005,35.,48.1622025178286));
#4272=CARTESIAN_POINT('Ctrl Pts',(30.6084066970912,34.8915933029089,48.135581180426));
#4273=CARTESIAN_POINT('Ctrl Pts',(30.5,34.6308996938996,48.0715628798012));
#4274=CARTESIAN_POINT('Ctrl Pts',(30.5,34.5,48.0394179569257));
#4275=CARTESIAN_POINT('Ctrl Pts',(31.,35.,48.0819864196015));
#4276=CARTESIAN_POINT('Ctrl Pts',(30.8716997983455,35.,48.0819864196015));
#4277=CARTESIAN_POINT('Ctrl Pts',(30.6155491225914,34.89656300995,48.0569334553925));
#4278=CARTESIAN_POINT('Ctrl Pts',(30.5023796465092,34.6401392747351,47.9961887663484));
#4279=CARTESIAN_POINT('Ctrl Pts',(30.5,34.5090704071127,47.9655454191571));
#4280=CARTESIAN_POINT('Ctrl Pts',(31.,35.0196679337771,48.0018412738422));
#4281=CARTESIAN_POINT('Ctrl Pts',(30.8691268161032,35.0196679337771,48.0018412738422));
#4282=CARTESIAN_POINT('Ctrl Pts',(30.6074100567036,34.9161175072939,47.9783510323266));
#4283=CARTESIAN_POINT('Ctrl Pts',(30.4871669098725,34.6538091701852,47.9208687640321));
#4284=CARTESIAN_POINT('Ctrl Pts',(30.4831110353755,34.5181348592059,47.8917213811305));
#4285=CARTESIAN_POINT('Ctrl Pts',(31.,35.0568022803014,47.9307380902075));
#4286=CARTESIAN_POINT('Ctrl Pts',(30.8616699100663,35.0568022803014,47.9307380902075));
#4287=CARTESIAN_POINT('Ctrl Pts',(30.5849058957494,34.9481457590962,47.9083486329495));
#4288=CARTESIAN_POINT('Ctrl Pts',(30.4558990403168,34.6705504819157,47.8531779983814));
#4289=CARTESIAN_POINT('Ctrl Pts',(30.450968196102,34.5263157894729,47.8250930509326));
#4290=CARTESIAN_POINT('',(30.5,34.5,48.0394179569257));
#4291=CARTESIAN_POINT('Origin',(30.,34.5,48.0394179569257));
#4292=CARTESIAN_POINT('Origin',(31.,34.5,48.0394179569257));
#4293=CARTESIAN_POINT('Origin',(30.,24.8448912777443,46.8539196719937));
#4294=CARTESIAN_POINT('',(30.,25.4996643079611,46.4305607782705));
#4295=CARTESIAN_POINT('',(30.,24.9058259494469,46.357646596173));
#4296=CARTESIAN_POINT('',(30.5,25.4387296362585,46.9268338540911));
#4297=CARTESIAN_POINT('Origin',(30.,25.4387296362585,46.9268338540911));
#4298=CARTESIAN_POINT('',(30.5,24.8448912777443,46.8539196719937));
#4299=CARTESIAN_POINT('Origin',(30.,25.,50.4999999999999));
#4300=CARTESIAN_POINT('',(30.,24.5003356920389,54.5694392217294));
#4301=CARTESIAN_POINT('',(30.5,24.5612703637415,54.0731661459087));
#4302=CARTESIAN_POINT('Origin',(30.,24.5612703637415,54.0731661459087));
#4303=CARTESIAN_POINT('Origin',(30.5,25.,50.4999999999999));
#4304=CARTESIAN_POINT('Origin',(30.,25.,50.4999999999999));
#4305=CARTESIAN_POINT('Origin',(30.,29.2172641592078,54.6448502996517));
#4306=CARTESIAN_POINT('',(30.5,29.2172641592078,54.6448502996517));
#4307=CARTESIAN_POINT('',(30.,29.1563294875052,55.1411233754723));
#4308=CARTESIAN_POINT('Origin',(25.5,35.,55.8586358934103));
#4309=CARTESIAN_POINT('',(25.5,24.5003356920389,54.5694392217294));
#4310=CARTESIAN_POINT('Origin',(25.5,25.,50.4999999999999));
#4311=CARTESIAN_POINT('',(25.5,25.4996643079611,46.4305607782705));
#4312=CARTESIAN_POINT('Origin',(25.5,25.4996643079611,46.4305607782705));
#4313=CARTESIAN_POINT('Origin',(31.,34.5,35.25));
#4314=CARTESIAN_POINT('',(30.5,34.5,35.25));
#4315=CARTESIAN_POINT('Origin',(30.5,25.3599209628187,37.75));
#4316=CARTESIAN_POINT('Origin',(-30.25,25.,50.5));
#4317=CARTESIAN_POINT('',(-30.25,25.,46.4));
#4318=CARTESIAN_POINT('',(-30.5,25.,46.65));
#4319=CARTESIAN_POINT('Origin',(-30.25,25.,46.65));
#4320=CARTESIAN_POINT('',(-30.5,22.9471193199288,47.2429797493122));
#4321=CARTESIAN_POINT('Origin',(-30.5,25.,50.5));
#4322=CARTESIAN_POINT('',(-30.25,22.8645843495937,47.));
#4323=CARTESIAN_POINT('Ctrl Pts',(-30.5,22.9471193199288,47.2429797493122));
#4324=CARTESIAN_POINT('Ctrl Pts',(-30.5,22.9468316426452,47.2421430171445));
#4325=CARTESIAN_POINT('Ctrl Pts',(-30.4999955494685,22.9465439999365,47.2413062780322));
#4326=CARTESIAN_POINT('Ctrl Pts',(-30.4998100782589,22.9405514285465,47.2238719318284));
#4327=CARTESIAN_POINT('Ctrl Pts',(-30.4978825931408,22.9348773170083,47.2073214010393));
#4328=CARTESIAN_POINT('Ctrl Pts',(-30.4905779721194,22.9237786095708,47.1748694266602));
#4329=CARTESIAN_POINT('Ctrl Pts',(-30.4852237139502,22.9183775410641,47.1590370118588));
#4330=CARTESIAN_POINT('Ctrl Pts',(-30.4650321293867,22.9034362583142,47.115142960835));
#4331=CARTESIAN_POINT('Ctrl Pts',(-30.4461681233646,22.8946045537664,47.0890730533206));
#4332=CARTESIAN_POINT('Ctrl Pts',(-30.3995363663573,22.8799968048839,47.0458355605699));
#4333=CARTESIAN_POINT('Ctrl Pts',(-30.3724428524911,22.874285348109,47.0288659552471));
#4334=CARTESIAN_POINT('Ctrl Pts',(-30.3132270515716,22.8665613251339,47.0058939483962));
#4335=CARTESIAN_POINT('Ctrl Pts',(-30.2817871953764,22.8645843495937,47.));
#4336=CARTESIAN_POINT('Ctrl Pts',(-30.25,22.8645843495937,47.));
#4337=CARTESIAN_POINT('Origin',(-30.25,25.,50.5));
#4338=CARTESIAN_POINT('Origin',(-30.25,27.75,46.65));
#4339=CARTESIAN_POINT('',(-30.25,34.75,46.3999999999999));
#4340=CARTESIAN_POINT('',(-30.5,34.75,46.6499999999999));
#4341=CARTESIAN_POINT('Origin',(-30.25,34.75,46.6499999999999));
#4342=CARTESIAN_POINT('',(-30.5,27.75,46.65));
#4343=CARTESIAN_POINT('',(-30.25,27.75,46.3999999999999));
#4344=CARTESIAN_POINT('Origin',(-30.75,34.75,46.6499999999999));
#4345=CARTESIAN_POINT('Origin',(-30.75,34.75,46.6499999999999));
#4346=CARTESIAN_POINT('Origin',(-30.75,34.75,46.3999999999999));
#4347=CARTESIAN_POINT('Origin',(-25.5,35.,46.3999999999999));
#4348=CARTESIAN_POINT('',(-25.5,25.,46.4));
#4349=CARTESIAN_POINT('',(-25.5,25.,46.4));
#4350=CARTESIAN_POINT('',(-25.5,32.5,46.3999999999999));
#4351=CARTESIAN_POINT('',(-25.5,17.4999999999999,46.4000000000001));
#4352=CARTESIAN_POINT('Origin',(-28.,32.5,46.3999999999999));
#4353=CARTESIAN_POINT('Origin',(-25.5,25.,50.5));
#4354=CARTESIAN_POINT('',(-25.5,22.8645843495937,47.));
#4355=CARTESIAN_POINT('',(-25.5,22.8645843495937,47.));
#4356=CARTESIAN_POINT('Origin',(-25.4999999999999,25.,50.5));
#4357=CARTESIAN_POINT('Origin',(-30.25,25.,50.5));
#4358=CARTESIAN_POINT('',(-30.5,25.,54.3499999999999));
#4359=CARTESIAN_POINT('',(-30.25,25.,54.5999999999999));
#4360=CARTESIAN_POINT('Origin',(-30.25,25.,54.3499999999999));
#4361=CARTESIAN_POINT('',(-30.25,22.8645843495937,53.9999999999999));
#4362=CARTESIAN_POINT('Origin',(-30.25,25.,50.5));
#4363=CARTESIAN_POINT('',(-30.5,22.9471193199289,53.7570202506878));
#4364=CARTESIAN_POINT('Ctrl Pts',(-30.25,22.8645843495938,54.));
#4365=CARTESIAN_POINT('Ctrl Pts',(-30.2817871953764,22.8645843495938,54.));
#4366=CARTESIAN_POINT('Ctrl Pts',(-30.3132270515716,22.866561325134,53.9941060516038));
#4367=CARTESIAN_POINT('Ctrl Pts',(-30.3724428524911,22.8742853481091,53.9711340447528));
#4368=CARTESIAN_POINT('Ctrl Pts',(-30.3995363663573,22.879996804884,53.9541644394301));
#4369=CARTESIAN_POINT('Ctrl Pts',(-30.4461681233645,22.8946045537665,53.9109269466794));
#4370=CARTESIAN_POINT('Ctrl Pts',(-30.4650321293866,22.9034362583143,53.8848570391649));
#4371=CARTESIAN_POINT('Ctrl Pts',(-30.4852237139502,22.9183775410642,53.8409629881412));
#4372=CARTESIAN_POINT('Ctrl Pts',(-30.4905779721194,22.9237786095709,53.8251305733397));
#4373=CARTESIAN_POINT('Ctrl Pts',(-30.4978825931408,22.9348773170083,53.7926785989607));
#4374=CARTESIAN_POINT('Ctrl Pts',(-30.4998100782589,22.9405514285466,53.7761280681718));
#4375=CARTESIAN_POINT('Ctrl Pts',(-30.4999955494685,22.9465439999366,53.7586937219678));
#4376=CARTESIAN_POINT('Ctrl Pts',(-30.5,22.9468316426453,53.7578569828555));
#4377=CARTESIAN_POINT('Ctrl Pts',(-30.5,22.9471193199289,53.7570202506878));
#4378=CARTESIAN_POINT('Origin',(-30.5,25.,50.5));
#4379=CARTESIAN_POINT('Origin',(-30.25,22.75,54.3499999999999));
#4380=CARTESIAN_POINT('',(-30.5,34.75,54.35));
#4381=CARTESIAN_POINT('',(-30.25,34.75,54.6));
#4382=CARTESIAN_POINT('Origin',(-30.25,34.75,54.35));
#4383=CARTESIAN_POINT('',(-30.25,22.75,54.5999999999999));
#4384=CARTESIAN_POINT('',(-30.5,22.75,54.3499999999999));
#4385=CARTESIAN_POINT('Origin',(-30.75,34.75,54.3499999999999));
#4386=CARTESIAN_POINT('Origin',(-30.75,34.75,54.6));
#4387=CARTESIAN_POINT('Origin',(-30.75,34.75,54.3499999999999));
#4388=CARTESIAN_POINT('Origin',(-30.75,34.75,41.625));
#4389=CARTESIAN_POINT('',(-30.5,34.75,41.625));
#4390=CARTESIAN_POINT('Origin',(-30.5,20.5,50.4999999999999));
#4391=CARTESIAN_POINT('',(-30.5,7.82546032229328,52.2412742176079));
#4392=CARTESIAN_POINT('',(-30.5,14.0132886914889,52.8615220558546));
#4393=CARTESIAN_POINT('',(-30.5,7.82546032229333,48.7587257823921));
#4394=CARTESIAN_POINT('Origin',(-30.5,8.00000000000001,50.5));
#4395=CARTESIAN_POINT('',(-30.5,21.5453178249753,47.3834917827784));
#4396=CARTESIAN_POINT('Origin',(-30.25,21.5453178249753,47.3834917827784));
#4397=CARTESIAN_POINT('',(-30.25,7.80052608262089,48.5099723227338));
#4398=CARTESIAN_POINT('Origin',(-30.25,7.82546032229333,48.7587257823921));
#4399=CARTESIAN_POINT('',(-30.25,21.5203835853029,47.1347383231202));
#4400=CARTESIAN_POINT('Origin',(-30.25,8.00000000000001,50.5));
#4401=CARTESIAN_POINT('',(-30.25,7.80052608262089,52.4900276772662));
#4402=CARTESIAN_POINT('Origin',(-30.25,7.82546032229328,52.2412742176079));
#4403=CARTESIAN_POINT('Origin',(-30.25,8.00000000000001,50.5));
#4404=CARTESIAN_POINT('Origin',(-30.25,14.0132886914889,52.8615220558546));
#4405=CARTESIAN_POINT('',(-30.25,13.9883544518164,53.1102755155129));
#4406=CARTESIAN_POINT('Origin',(35.5000000000001,35.,65.5));
#4407=CARTESIAN_POINT('',(34.0847744902375,33.5847744902376,92.5041113957363));
#4408=CARTESIAN_POINT('',(35.4863421479919,34.9863421479919,65.7606073410281));
#4409=CARTESIAN_POINT('',(34.0847744902375,26.4152255097624,92.5041113957363));
#4410=CARTESIAN_POINT('',(34.0847744902375,17.5,92.5041113957363));
#4411=CARTESIAN_POINT('',(34.3157138637828,26.1842861362172,88.0975256425413));
#4412=CARTESIAN_POINT('',(35.4863421479919,25.0136578520081,65.760607341028));
#4413=CARTESIAN_POINT('Ctrl Pts',(35.5000000000002,22.0358298826402,65.4999999999977));
#4414=CARTESIAN_POINT('Ctrl Pts',(35.5000000000002,22.015340303868,65.4999999999977));
#4415=CARTESIAN_POINT('Ctrl Pts',(35.4997878910921,21.9910891301014,65.5040472790658));
#4416=CARTESIAN_POINT('Ctrl Pts',(35.4989247315415,21.9572922695888,65.5205173444345));
#4417=CARTESIAN_POINT('Ctrl Pts',(35.4982209883481,21.9417654121053,65.5339455645004));
#4418=CARTESIAN_POINT('Ctrl Pts',(35.4965566768624,21.9191487085797,65.5657025194498));
#4419=CARTESIAN_POINT('Ctrl Pts',(35.495262012258,21.910255958712,65.5904061917321));
#4420=CARTESIAN_POINT('Ctrl Pts',(35.4920619459127,21.8975589731075,65.6514670950755));
#4421=CARTESIAN_POINT('Ctrl Pts',(35.4895160780126,21.8983697383677,65.7000451484674));
#4422=CARTESIAN_POINT('Ctrl Pts',(35.4750726373073,21.9239674462821,65.975642414806));
#4423=CARTESIAN_POINT('Ctrl Pts',(35.4612748953057,22.0294061882812,66.2389190159191));
#4424=CARTESIAN_POINT('Ctrl Pts',(35.429982895094,22.262965129991,66.8360059491921));
#4425=CARTESIAN_POINT('Ctrl Pts',(35.4067581366651,22.4619777965443,67.2791607393137));
#4426=CARTESIAN_POINT('Ctrl Pts',(35.3604430217781,22.8571179000761,68.1629057771799));
#4427=CARTESIAN_POINT('Ctrl Pts',(35.3281118744189,23.1332230329523,68.7798208192122));
#4428=CARTESIAN_POINT('Ctrl Pts',(35.2162286961904,24.0482298212058,70.9146790360473));
#4429=CARTESIAN_POINT('Ctrl Pts',(35.1212233440931,24.7232706724361,72.7274891454818));
#4430=CARTESIAN_POINT('Ctrl Pts',(34.9267214964119,25.7500420199598,76.4388054871015));
#4431=CARTESIAN_POINT('Ctrl Pts',(34.8272671898877,26.1046880479747,78.3365067040717));
#4432=CARTESIAN_POINT('Ctrl Pts',(34.6034860811327,26.5671408017428,82.6065046283569));
#4433=CARTESIAN_POINT('Ctrl Pts',(34.4583894542114,26.5593752817988,85.3751131995711));
#4434=CARTESIAN_POINT('Ctrl Pts',(34.3157138637828,26.1842861362172,88.0975256425413));
#4435=CARTESIAN_POINT('Origin',(25.5000000000001,35.,65.4999999999999));
#4436=CARTESIAN_POINT('',(26.9152255097623,33.5847744902376,92.5041113957362));
#4437=CARTESIAN_POINT('',(25.5136578520082,34.9863421479918,65.7606073410282));
#4438=CARTESIAN_POINT('',(30.0722333784912,33.4277666215088,95.5));
#4439=CARTESIAN_POINT('',(20.8556207308328,33.886137575551,86.7537611722359));
#4440=CARTESIAN_POINT('',(30.9277666215087,33.4277666215088,95.5));
#4441=CARTESIAN_POINT('',(25.4999999999999,33.4277666215088,95.4999999999999));
#4442=CARTESIAN_POINT('',(37.5822936613798,33.7587170503239,89.1850896309163));
#4443=CARTESIAN_POINT('',(30.763884940757,33.6173222153,91.8830638049462));
#4444=CARTESIAN_POINT('Origin',(30.763884940757,33.7225706899423,89.8748032741214));
#4445=CARTESIAN_POINT('Origin',(-35.4999999999999,25.,65.4999999999999));
#4446=CARTESIAN_POINT('',(-35.4999999999999,22.0358298826419,65.4999999999999));
#4447=CARTESIAN_POINT('',(-35.4999999999999,0.,65.4999999999999));
#4448=CARTESIAN_POINT('',(-34.3157138637828,26.1842861362172,88.0975256425428));
#4449=CARTESIAN_POINT('Ctrl Pts',(-34.3157138637828,26.1842861362172,88.0975256425428));
#4450=CARTESIAN_POINT('Ctrl Pts',(-34.4583894542113,26.5593752817988,85.3751131995739));
#4451=CARTESIAN_POINT('Ctrl Pts',(-34.6034860811326,26.5671408017432,82.6065046283611));
#4452=CARTESIAN_POINT('Ctrl Pts',(-34.8272671898874,26.1046880479761,78.3365067040775));
#4453=CARTESIAN_POINT('Ctrl Pts',(-34.9267214964115,25.7500420199617,76.4388054871078));
#4454=CARTESIAN_POINT('Ctrl Pts',(-35.1212233440926,24.7232706724392,72.7274891454889));
#4455=CARTESIAN_POINT('Ctrl Pts',(-35.2162286961899,24.0482298212097,70.9146790360547));
#4456=CARTESIAN_POINT('Ctrl Pts',(-35.3281118744184,23.1332230329571,68.77982081922));
#4457=CARTESIAN_POINT('Ctrl Pts',(-35.3604430217776,22.8571179000812,68.1629057771879));
#4458=CARTESIAN_POINT('Ctrl Pts',(-35.4067581366645,22.4619777965498,67.2791607393218));
#4459=CARTESIAN_POINT('Ctrl Pts',(-35.4299828950934,22.2629651299968,66.8360059492004));
#4460=CARTESIAN_POINT('Ctrl Pts',(-35.4612748953052,22.0294061882873,66.2389190159275));
#4461=CARTESIAN_POINT('Ctrl Pts',(-35.4750726373067,21.9239674462884,65.9756424148145));
#4462=CARTESIAN_POINT('Ctrl Pts',(-35.489516078012,21.8983697383741,65.700045148476));
#4463=CARTESIAN_POINT('Ctrl Pts',(-35.4920619459121,21.897558973114,65.6514670950841));
#4464=CARTESIAN_POINT('Ctrl Pts',(-35.4952620122574,21.9102559587185,65.5904061917407));
#4465=CARTESIAN_POINT('Ctrl Pts',(-35.4965566768618,21.9191487085861,65.5657025194584));
#4466=CARTESIAN_POINT('Ctrl Pts',(-35.4982209883475,21.9417654121117,65.5339455645089));
#4467=CARTESIAN_POINT('Ctrl Pts',(-35.4989247315409,21.9572922695953,65.5205173444431));
#4468=CARTESIAN_POINT('Ctrl Pts',(-35.4997878910915,21.9910891301078,65.5040472790744));
#4469=CARTESIAN_POINT('Ctrl Pts',(-35.4999999999996,22.0153403038744,65.5000000000062));
#4470=CARTESIAN_POINT('Ctrl Pts',(-35.4999999999996,22.0358298826467,65.5000000000062));
#4471=CARTESIAN_POINT('',(-34.0847744902377,26.4152255097624,92.5041113957361));
#4472=CARTESIAN_POINT('',(-35.4863421479918,25.0136578520081,65.7606073410282));
#4473=CARTESIAN_POINT('',(-34.0847744902377,33.5847744902376,92.5041113957361));
#4474=CARTESIAN_POINT('',(-34.0847744902377,12.5,92.5041113957361));
#4475=CARTESIAN_POINT('',(-35.4863421479918,34.9863421479919,65.760607341028));
#4476=CARTESIAN_POINT('Origin',(-35.4999999999997,0.,-1.77635683940025E-14));
#4477=CARTESIAN_POINT('',(-35.4999999999997,7.5,8.56026589150813));
#4478=CARTESIAN_POINT('',(-35.4999999999997,7.5,4.28013294575392));
#4479=CARTESIAN_POINT('',(-35.4999999999998,2.37436867076459,20.9346345622727));
#4480=CARTESIAN_POINT('Origin',(-35.4999999999997,-9.99999999999999,8.56026589150813));
#4481=CARTESIAN_POINT('',(-35.4999999999998,-5.11992895509699,28.4289321881343));
#4482=CARTESIAN_POINT('',(-35.4999999999998,3.2672863307109,20.0417169023264));
#4483=CARTESIAN_POINT('',(-35.4999999999999,-4.24276621413355,43.3508305275716));
#4484=CARTESIAN_POINT('Origin',(-35.4999999999998,1.95113885676843,35.4999999999998));
#4485=CARTESIAN_POINT('',(-35.4999999999999,16.1068230599368,59.4056190945616));
#4486=CARTESIAN_POINT('',(-35.4999999999999,-2.7252168366279,44.54809962562));
#4487=CARTESIAN_POINT('Origin',(-35.5,-4.0233684204946,84.9208183091703));
#4488=CARTESIAN_POINT('Origin',(-28.,32.5,49.125));
#4489=CARTESIAN_POINT('',(-26.2322330470336,34.2677669529664,79.4718388577195));
#4490=CARTESIAN_POINT('',(-25.4999999999999,32.5,65.4999999999999));
#4491=CARTESIAN_POINT('Origin',(-27.9999999999999,32.5,113.202841719315));
#4492=CARTESIAN_POINT('',(-25.5,32.5,54.6));
#4493=CARTESIAN_POINT('',(-25.5,32.5,49.125));
#4494=CARTESIAN_POINT('Origin',(-28.,32.5,54.5999999999999));
#4495=CARTESIAN_POINT('Origin',(-27.9999999999999,32.5,113.20284171932));
#4496=CARTESIAN_POINT('Origin',(-25.4999999999999,0.,65.4999999999999));
#4497=CARTESIAN_POINT('',(-25.4999999999999,22.0358298826419,65.4999999999999));
#4498=CARTESIAN_POINT('',(-25.4999999999999,0.,65.4999999999999));
#4499=CARTESIAN_POINT('',(-25.5,16.1068230599368,59.4056190945616));
#4500=CARTESIAN_POINT('Origin',(-25.4999999999999,-4.0233684204946,84.9208183091703));
#4501=CARTESIAN_POINT('',(-25.4999999999999,7.04889129037275,52.2593726786759));
#4502=CARTESIAN_POINT('',(-25.5,13.2002235909548,57.1124602845756));
#4503=CARTESIAN_POINT('',(-25.5,7.80052608262089,52.4900276772662));
#4504=CARTESIAN_POINT('Origin',(-25.4999999999999,8.00000000000001,50.5));
#4505=CARTESIAN_POINT('',(-25.5,22.8645843495937,53.9999999999999));
#4506=CARTESIAN_POINT('',(-25.5,4.5846133322315,52.1676750177533));
#4507=CARTESIAN_POINT('',(-25.5,25.,54.5999999999999));
#4508=CARTESIAN_POINT('Origin',(-25.4999999999999,25.,50.5));
#4509=CARTESIAN_POINT('',(-25.5,12.5,54.5999999999999));
#4510=CARTESIAN_POINT('Origin',(-25.4999999999999,35.,65.4999999999999));
#4511=CARTESIAN_POINT('',(-26.9152255097625,33.5847744902376,92.5041113957362));
#4512=CARTESIAN_POINT('',(-25.5136578520081,34.9863421479919,65.7606073410281));
#4513=CARTESIAN_POINT('',(-26.9152255097625,26.4152255097624,92.5041113957362));
#4514=CARTESIAN_POINT('',(-26.9152255097625,17.5,92.5041113957362));
#4515=CARTESIAN_POINT('',(-26.6842861362172,26.1842861362171,88.0975256425412));
#4516=CARTESIAN_POINT('',(-25.5136578520081,25.0136578520081,65.7606073410282));
#4517=CARTESIAN_POINT('Ctrl Pts',(-25.5,22.0358298826423,65.5000000000003));
#4518=CARTESIAN_POINT('Ctrl Pts',(-25.5,22.01534030387,65.5000000000003));
#4519=CARTESIAN_POINT('Ctrl Pts',(-25.5002121089081,21.9910891301035,65.5040472790685));
#4520=CARTESIAN_POINT('Ctrl Pts',(-25.5010752684587,21.9572922695909,65.5205173444373));
#4521=CARTESIAN_POINT('Ctrl Pts',(-25.5017790116521,21.9417654121073,65.5339455645031));
#4522=CARTESIAN_POINT('Ctrl Pts',(-25.5034433231378,21.9191487085818,65.5657025194526));
#4523=CARTESIAN_POINT('Ctrl Pts',(-25.5047379877422,21.910255958714,65.5904061917348));
#4524=CARTESIAN_POINT('Ctrl Pts',(-25.5079380540875,21.8975589731095,65.6514670950782));
#4525=CARTESIAN_POINT('Ctrl Pts',(-25.5104839219876,21.8983697383697,65.7000451484701));
#4526=CARTESIAN_POINT('Ctrl Pts',(-25.5249273626929,21.9239674462841,65.9756424148087));
#4527=CARTESIAN_POINT('Ctrl Pts',(-25.5387251046944,22.0294061882831,66.2389190159218));
#4528=CARTESIAN_POINT('Ctrl Pts',(-25.5700171049062,22.2629651299928,66.8360059491948));
#4529=CARTESIAN_POINT('Ctrl Pts',(-25.5932418633351,22.461977796546,67.2791607393163));
#4530=CARTESIAN_POINT('Ctrl Pts',(-25.6395569782221,22.8571179000777,68.1629057771825));
#4531=CARTESIAN_POINT('Ctrl Pts',(-25.6718881255813,23.1332230329538,68.7798208192148));
#4532=CARTESIAN_POINT('Ctrl Pts',(-25.7837713038098,24.048229821207,70.9146790360498));
#4533=CARTESIAN_POINT('Ctrl Pts',(-25.8787766559071,24.7232706724371,72.7274891454842));
#4534=CARTESIAN_POINT('Ctrl Pts',(-26.0732785035883,25.7500420199604,76.4388054871038));
#4535=CARTESIAN_POINT('Ctrl Pts',(-26.1727328101124,26.1046880479751,78.3365067040739));
#4536=CARTESIAN_POINT('Ctrl Pts',(-26.3965139188674,26.5671408017428,82.6065046283583));
#4537=CARTESIAN_POINT('Ctrl Pts',(-26.5416105457887,26.5593752817986,85.3751131995718));
#4538=CARTESIAN_POINT('Ctrl Pts',(-26.6842861362172,26.1842861362171,88.0975256425412));
#4539=CARTESIAN_POINT('Origin',(-35.4999999999999,35.,65.4999999999999));
#4540=CARTESIAN_POINT('',(-30.9277666215089,33.4277666215088,95.4999999999999));
#4541=CARTESIAN_POINT('',(-40.1443792691672,33.886137575551,86.7537611722359));
#4542=CARTESIAN_POINT('',(-30.0722333784913,33.4277666215088,95.4999999999999));
#4543=CARTESIAN_POINT('',(-25.5000000000001,33.4277666215088,95.4999999999999));
#4544=CARTESIAN_POINT('',(-23.4177063386202,33.7587170503239,89.1850896309162));
#4545=CARTESIAN_POINT('',(-30.763884940757,33.6173222153,91.8830638049462));
#4546=CARTESIAN_POINT('Origin',(-30.763884940757,33.7225706899423,89.8748032741214));
#4547=CARTESIAN_POINT('Origin',(25.5000000000001,25.,65.5000000000002));
#4548=CARTESIAN_POINT('',(26.6842861362172,26.1842861362172,88.0975256425418));
#4549=CARTESIAN_POINT('Ctrl Pts',(26.6842861362172,26.1842861362172,88.0975256425418));
#4550=CARTESIAN_POINT('Ctrl Pts',(26.5416105457886,26.5593752817988,85.3751131995716));
#4551=CARTESIAN_POINT('Ctrl Pts',(26.3965139188672,26.5671408017429,82.6065046283571));
#4552=CARTESIAN_POINT('Ctrl Pts',(26.1727328101123,26.1046880479748,78.336506704072));
#4553=CARTESIAN_POINT('Ctrl Pts',(26.0732785035882,25.75004201996,76.4388054871019));
#4554=CARTESIAN_POINT('Ctrl Pts',(25.878776655907,24.7232706724364,72.7274891454823));
#4555=CARTESIAN_POINT('Ctrl Pts',(25.7837713038097,24.0482298212062,70.9146790360478));
#4556=CARTESIAN_POINT('Ctrl Pts',(25.6718881255813,23.1332230329528,68.7798208192128));
#4557=CARTESIAN_POINT('Ctrl Pts',(25.6395569782221,22.8571179000766,68.1629057771806));
#4558=CARTESIAN_POINT('Ctrl Pts',(25.5932418633351,22.4619777965448,67.2791607393144));
#4559=CARTESIAN_POINT('Ctrl Pts',(25.5700171049062,22.2629651299916,66.8360059491929));
#4560=CARTESIAN_POINT('Ctrl Pts',(25.5387251046944,22.0294061882818,66.2389190159199));
#4561=CARTESIAN_POINT('Ctrl Pts',(25.5249273626929,21.9239674462827,65.9756424148068));
#4562=CARTESIAN_POINT('Ctrl Pts',(25.5104839219876,21.8983697383683,65.7000451484682));
#4563=CARTESIAN_POINT('Ctrl Pts',(25.5079380540875,21.8975589731082,65.6514670950764));
#4564=CARTESIAN_POINT('Ctrl Pts',(25.5047379877422,21.9102559587126,65.5904061917331));
#4565=CARTESIAN_POINT('Ctrl Pts',(25.5034433231378,21.9191487085804,65.5657025194508));
#4566=CARTESIAN_POINT('Ctrl Pts',(25.5017790116521,21.941765412106,65.5339455645013));
#4567=CARTESIAN_POINT('Ctrl Pts',(25.5010752684587,21.9572922695894,65.5205173444353));
#4568=CARTESIAN_POINT('Ctrl Pts',(25.5002121089081,21.991089130102,65.5040472790666));
#4569=CARTESIAN_POINT('Ctrl Pts',(25.5,22.0153403038686,65.4999999999986));
#4570=CARTESIAN_POINT('Ctrl Pts',(25.5,22.0358298826409,65.4999999999986));
#4571=CARTESIAN_POINT('',(26.9152255097623,26.4152255097624,92.5041113957362));
#4572=CARTESIAN_POINT('',(25.5136578520082,25.0136578520082,65.7606073410281));
#4573=CARTESIAN_POINT('',(26.9152255097623,12.5,92.5041113957362));
#4574=CARTESIAN_POINT('Origin',(-28.,32.5,49.125));
#4575=CARTESIAN_POINT('',(-25.5,32.5,49.125));
#4576=CARTESIAN_POINT('Origin',(20.5,0.,15.));
#4577=CARTESIAN_POINT('',(20.5,7.5,10.));
#4578=CARTESIAN_POINT('',(20.5,0.,10.));
#4579=CARTESIAN_POINT('',(23.0629691795719,7.5,10.7068439366168));
#4580=CARTESIAN_POINT('Origin',(20.5,7.5,15.));
#4581=CARTESIAN_POINT('Ctrl Pts',(25.5,6.27205655754449,15.));
#4582=CARTESIAN_POINT('Ctrl Pts',(25.5,6.54868127905135,14.5340125293228));
#4583=CARTESIAN_POINT('Ctrl Pts',(25.3681024569323,7.01021799547637,13.5769093372364));
#4584=CARTESIAN_POINT('Ctrl Pts',(24.6364942862227,7.45216061698107,11.983437591241));
#4585=CARTESIAN_POINT('Ctrl Pts',(23.7084598529194,7.49999999956385,11.0921951041165));
#4586=CARTESIAN_POINT('Ctrl Pts',(23.0629691793349,7.5,10.7068439364753));
#4587=CARTESIAN_POINT('Origin',(-25.5,0.,10.));
#4588=CARTESIAN_POINT('',(-20.5,7.5,10.));
#4589=CARTESIAN_POINT('',(-20.5,0.,10.));
#4590=CARTESIAN_POINT('',(5.00000000000014,7.5,10.));
#4591=CARTESIAN_POINT('Origin',(-20.5,0.,15.));
#4592=CARTESIAN_POINT('',(-25.5,6.27205655754448,15.));
#4593=CARTESIAN_POINT('',(-25.5,0.,15.));
#4594=CARTESIAN_POINT('',(-23.062969164589,7.5,10.7068439276721));
#4595=CARTESIAN_POINT('Ctrl Pts',(-23.062969164589,7.5,10.7068439276721));
#4596=CARTESIAN_POINT('Ctrl Pts',(-23.7084959652853,7.5,11.092216659813));
#4597=CARTESIAN_POINT('Ctrl Pts',(-24.636552296705,7.4521485933982,11.9835189031225));
#4598=CARTESIAN_POINT('Ctrl Pts',(-25.3681259837428,7.01017374779597,13.5770125782856));
#4599=CARTESIAN_POINT('Ctrl Pts',(-25.5,6.54868937714475,14.5339988877002));
#4600=CARTESIAN_POINT('Ctrl Pts',(-25.5,6.27205655754448,15.));
#4601=CARTESIAN_POINT('Origin',(-20.5,7.5,15.));
#4602=CARTESIAN_POINT('Origin',(-25.4999999999999,0.,65.4999999999999));
#4603=CARTESIAN_POINT('',(-25.5,7.80052608262089,48.5099723227338));
#4604=CARTESIAN_POINT('',(-25.5,10.6280476539258,48.2265507348099));
#4605=CARTESIAN_POINT('',(-25.4999999999999,6.51026244166998,51.8344219749768));
#4606=CARTESIAN_POINT('Origin',(-25.4999999999999,8.00000000000001,50.5));
#4607=CARTESIAN_POINT('',(-25.5,-4.24276621413355,43.3508305275716));
#4608=CARTESIAN_POINT('',(-25.5,13.2002235909548,57.1124602845756));
#4609=CARTESIAN_POINT('',(-25.5,-5.11992895509699,28.4289321881343));
#4610=CARTESIAN_POINT('Origin',(-25.5,1.95113885676843,35.4999999999998));
#4611=CARTESIAN_POINT('',(-25.5,2.37436867076459,20.9346345622727));
#4612=CARTESIAN_POINT('',(-25.5,-13.1077136692892,36.4167169023265));
#4613=CARTESIAN_POINT('Origin',(-25.5,-9.99999999999999,8.56026589150813));
#4614=CARTESIAN_POINT('Origin',(33.0000000000003,7.50000000000002,37.030132945754));
#4615=CARTESIAN_POINT('',(33.0000000000004,5.,8.56026589150814));
#4616=CARTESIAN_POINT('Origin',(33.0000000000004,7.5,8.56026589150813));
#4617=CARTESIAN_POINT('',(33.0000000000003,5.00000000000002,37.030132945754));
#4618=CARTESIAN_POINT('Origin',(33.0000000000001,-9.99999999999999,8.56026589150814));
#4619=CARTESIAN_POINT('',(33.,0.606601717798221,19.1668676093063));
#4620=CARTESIAN_POINT('Origin',(33.,2.37436867076459,20.9346345622727));
#4621=CARTESIAN_POINT('Origin',(33.0000000000001,-9.99999999999999,8.56026589150814));
#4622=CARTESIAN_POINT('Origin',(33.0000000000003,-13.1077136692892,36.4167169023265));
#4623=CARTESIAN_POINT('',(33.0000000000003,-6.88769590806338,26.6611652351679));
#4624=CARTESIAN_POINT('Origin',(33.0000000000003,-5.11992895509699,28.4289321881343));
#4625=CARTESIAN_POINT('',(33.0000000000003,-14.8754806222555,34.6489499493601));
#4626=CARTESIAN_POINT('Origin',(33.0000000000001,1.95113885676843,35.4999999999998));
#4627=CARTESIAN_POINT('',(33.,-5.79124248185905,45.3135381594646));
#4628=CARTESIAN_POINT('Origin',(33.,-4.24276621413355,43.3508305275717));
#4629=CARTESIAN_POINT('Origin',(33.0000000000001,1.95113885676843,35.4999999999998));
#4630=CARTESIAN_POINT('Origin',(33.0000000000001,13.2002235909548,57.1124602845756));
#4631=CARTESIAN_POINT('',(33.0000000000001,14.5583467922114,61.3683267264546));
#4632=CARTESIAN_POINT('Origin',(33.0000000000001,16.1068230599369,59.4056190945617));
#4633=CARTESIAN_POINT('',(33.0000000000001,11.6517473232293,59.0751679164686));
#4634=CARTESIAN_POINT('Origin',(33.0000000000001,-4.02336842049458,84.9208183091703));
#4635=CARTESIAN_POINT('',(33.0000000000001,25.9355176221426,83.350739621882));
#4636=CARTESIAN_POINT('Ctrl Pts',(34.3157138637828,26.1842861362172,88.0975256425413));
#4637=CARTESIAN_POINT('Ctrl Pts',(33.9099451800154,26.100294904427,86.4948774681815));
#4638=CARTESIAN_POINT('Ctrl Pts',(33.4243605480665,26.0124529463645,84.8187530594736));
#4639=CARTESIAN_POINT('Ctrl Pts',(33.0000000000001,25.9355176221426,83.350739621882));
#4640=CARTESIAN_POINT('Origin',(33.0000000000001,-4.02336842049458,84.9208183091703));
#4641=CARTESIAN_POINT('Origin',(35.5000000000003,5.,8.56026589150814));
#4642=CARTESIAN_POINT('',(24.3444537719597,5.,8.56026589792394));
#4643=CARTESIAN_POINT('',(35.5000000000003,5.,8.56026589150814));
#4644=CARTESIAN_POINT('Origin',(20.5,5.,15.));
#4645=CARTESIAN_POINT('Origin',(35.5000000000003,-9.99999999999999,8.56026589150814));
#4646=CARTESIAN_POINT('',(28.,0.606601717798221,19.1668676093063));
#4647=CARTESIAN_POINT('',(35.5000000000003,0.606601717798221,19.1668676093063));
#4648=CARTESIAN_POINT('',(28.,3.94747704932384,14.0800379845012));
#4649=CARTESIAN_POINT('Origin',(28.,-9.99999999999999,8.56026589150814));
#4650=CARTESIAN_POINT('Ctrl Pts',(24.3444537690024,5.,8.56026590282651));
#4651=CARTESIAN_POINT('Ctrl Pts',(25.3126897793792,4.99999999962615,9.05571740407949));
#4652=CARTESIAN_POINT('Ctrl Pts',(26.704741429334,4.9589948145552,10.201600601811));
#4653=CARTESIAN_POINT('Ctrl Pts',(27.8021536853985,4.58018685326546,12.2503499895194));
#4654=CARTESIAN_POINT('Ctrl Pts',(28.,4.18458395347257,13.4809112364877));
#4655=CARTESIAN_POINT('Ctrl Pts',(28.,3.94747704932384,14.0800379845012));
#4656=CARTESIAN_POINT('Origin',(35.5000000000003,-6.88769590806336,26.6611652351679));
#4657=CARTESIAN_POINT('',(28.,-6.88769590806338,26.6611652351679));
#4658=CARTESIAN_POINT('',(35.5000000000003,-6.88769590806338,26.6611652351679));
#4659=CARTESIAN_POINT('',(28.,-1.00048062225554,20.7739499493601));
#4660=CARTESIAN_POINT('Origin',(35.5000000000003,1.95113885676843,35.4999999999998));
#4661=CARTESIAN_POINT('',(28.,-5.79124248185905,45.3135381594646));
#4662=CARTESIAN_POINT('',(35.5000000000003,-5.79124248185905,45.3135381594646));
#4663=CARTESIAN_POINT('Origin',(28.,1.95113885676843,35.4999999999998));
#4664=CARTESIAN_POINT('Origin',(35.5000000000003,15.7091423936472,62.2762457913577));
#4665=CARTESIAN_POINT('',(28.,14.5583467922114,61.3683267264546));
#4666=CARTESIAN_POINT('',(35.5000000000003,14.5583467922114,61.3683267264546));
#4667=CARTESIAN_POINT('',(28.0000000000001,-1.84232815357735,48.4290302588803));
#4668=CARTESIAN_POINT('Origin',(35.5000000000003,-4.02336842049458,84.9208183091703));
#4669=CARTESIAN_POINT('',(28.,25.9355176221426,83.350739621882));
#4670=CARTESIAN_POINT('',(35.5000000000003,25.9355176221426,83.350739621882));
#4671=CARTESIAN_POINT('Origin',(28.,-4.02336842049458,84.9208183091703));
#4672=CARTESIAN_POINT('Origin',(35.5000000000003,25.,65.4999999999998));
#4673=CARTESIAN_POINT('',(30.9277666215087,26.5722333784912,95.5));
#4674=CARTESIAN_POINT('',(40.5363887738059,26.0943665665342,86.3817580425183));
#4675=CARTESIAN_POINT('',(30.0722333784912,26.5722333784912,95.5));
#4676=CARTESIAN_POINT('',(35.5000000000001,26.5722333784912,95.5));
#4677=CARTESIAN_POINT('',(23.0256968339814,26.2217870917613,88.8130865011987));
#4678=CARTESIAN_POINT('Ctrl Pts',(28.,25.9355176221426,83.350739621882));
#4679=CARTESIAN_POINT('Ctrl Pts',(27.5756394519336,26.0124529463645,84.8187530594737));
#4680=CARTESIAN_POINT('Ctrl Pts',(27.0900548199846,26.100294904427,86.4948774681818));
#4681=CARTESIAN_POINT('Ctrl Pts',(26.6842861362171,26.1842861362172,88.0975256425418));
#4682=CARTESIAN_POINT('',(30.763884940757,26.4024938542821,92.2611769372555));
#4683=CARTESIAN_POINT('Origin',(30.763884940757,26.2978219417962,90.2639178677463));
#4684=CARTESIAN_POINT('Ctrl Pts',(-28.,3.94747704932384,14.0800379845012));
#4685=CARTESIAN_POINT('Ctrl Pts',(-28.,4.18459089469554,13.4808936972584));
#4686=CARTESIAN_POINT('Ctrl Pts',(-27.8021889756142,4.58014892668226,12.2504827280113));
#4687=CARTESIAN_POINT('Ctrl Pts',(-26.7048284450575,4.95898450862704,10.2017051456586));
#4688=CARTESIAN_POINT('Ctrl Pts',(-25.312743947928,5.,9.05574511854648));
#4689=CARTESIAN_POINT('Ctrl Pts',(-24.3444537468835,5.,8.56026589150814));
#4690=CARTESIAN_POINT('Ctrl Pts',(-27.2520017491453,3.94747704932384,14.0800379845012));
#4691=CARTESIAN_POINT('Ctrl Pts',(-27.2353429526989,4.15995379024319,13.5414755193175));
#4692=CARTESIAN_POINT('Ctrl Pts',(-27.0312601139692,4.51612056767843,12.4553146705459));
#4693=CARTESIAN_POINT('Ctrl Pts',(-26.0528867597647,4.89377400885082,10.6761368210382));
#4694=CARTESIAN_POINT('Ctrl Pts',(-24.8253043077113,4.97819109753129,9.6517034769275));
#4695=CARTESIAN_POINT('Ctrl Pts',(-23.9610344564621,5.,9.20252053805765));
#4696=CARTESIAN_POINT('Ctrl Pts',(-25.9566060995731,4.53069450506825,14.3108487200184));
#4697=CARTESIAN_POINT('Ctrl Pts',(-25.9133021040088,4.73972034480979,13.8618679084912));
#4698=CARTESIAN_POINT('Ctrl Pts',(-25.7028529743761,5.08862144543762,12.9850908266875));
#4699=CARTESIAN_POINT('Ctrl Pts',(-24.9278291553094,5.48149758954272,11.5659888918856));
#4700=CARTESIAN_POINT('Ctrl Pts',(-23.9833019116345,5.59340738824829,10.7043879959549));
#4701=CARTESIAN_POINT('Ctrl Pts',(-23.2970226353028,5.62722898236211,10.3147876778633));
#4702=CARTESIAN_POINT('Ctrl Pts',(-25.5,5.75042213570795,14.7935610064662));
#4703=CARTESIAN_POINT('Ctrl Pts',(-25.4806104962219,6.00699272713353,14.3456136050541));
#4704=CARTESIAN_POINT('Ctrl Pts',(-25.3192705713134,6.43493800841607,13.4423397532379));
#4705=CARTESIAN_POINT('Ctrl Pts',(-24.5983136254417,6.86221001963925,11.9514651668676));
#4706=CARTESIAN_POINT('Ctrl Pts',(-23.7000517903109,6.92901906779996,11.087381211723));
#4707=CARTESIAN_POINT('Ctrl Pts',(-23.062969164589,6.93900131185897,10.7068439276721));
#4708=CARTESIAN_POINT('Ctrl Pts',(-25.5,6.27205655754448,15.));
#4709=CARTESIAN_POINT('Ctrl Pts',(-25.5,6.54868937714475,14.5339988877002));
#4710=CARTESIAN_POINT('Ctrl Pts',(-25.3681259837428,7.01017374779597,13.5770125782856));
#4711=CARTESIAN_POINT('Ctrl Pts',(-24.636552296705,7.4521485933982,11.9835189031225));
#4712=CARTESIAN_POINT('Ctrl Pts',(-23.7084959652853,7.5,11.092216659813));
#4713=CARTESIAN_POINT('Ctrl Pts',(-23.062969164589,7.5,10.7068439276721));
#4714=CARTESIAN_POINT('Origin',(-24.3444537468835,7.5,8.56026589150815));
#4715=CARTESIAN_POINT('',(-28.,3.94747704932384,14.0800379845012));
#4716=CARTESIAN_POINT('Origin',(-28.,6.27205655754448,15.));
#4717=CARTESIAN_POINT('Ctrl Pts',(-28.,3.94747704932384,14.0800379845012));
#4718=CARTESIAN_POINT('Ctrl Pts',(-28.,4.18459089469554,13.4808936972584));
#4719=CARTESIAN_POINT('Ctrl Pts',(-27.8021889756142,4.58014892668226,12.2504827280113));
#4720=CARTESIAN_POINT('Ctrl Pts',(-26.7048284450575,4.95898450862704,10.2017051456586));
#4721=CARTESIAN_POINT('Ctrl Pts',(-25.312743947928,5.,9.05574511854648));
#4722=CARTESIAN_POINT('Ctrl Pts',(-24.3444537468835,5.,8.56026589150814));
#4723=CARTESIAN_POINT('Origin',(-27.9999999999999,-9.99999999999999,8.56026589150814));
#4724=CARTESIAN_POINT('',(-27.9999999999999,0.606601717798221,19.1668676093063));
#4725=CARTESIAN_POINT('Origin',(-27.9999999999999,2.37436867076459,20.9346345622727));
#4726=CARTESIAN_POINT('Origin',(-27.9999999999999,-9.99999999999999,8.56026589150814));
#4727=CARTESIAN_POINT('Origin',(-28.,-13.1077136692892,36.4167169023265));
#4728=CARTESIAN_POINT('',(-28.,-6.88769590806338,26.6611652351679));
#4729=CARTESIAN_POINT('Origin',(-28.,-5.11992895509699,28.4289321881343));
#4730=CARTESIAN_POINT('',(-28.,-14.8754806222555,34.6489499493601));
#4731=CARTESIAN_POINT('Origin',(-27.9999999999999,1.95113885676843,35.4999999999998));
#4732=CARTESIAN_POINT('',(-27.9999999999999,-5.79124248185905,45.3135381594646));
#4733=CARTESIAN_POINT('Origin',(-27.9999999999999,-4.24276621413355,43.3508305275716));
#4734=CARTESIAN_POINT('Origin',(-27.9999999999999,1.95113885676843,35.4999999999998));
#4735=CARTESIAN_POINT('Origin',(-28.,13.2002235909548,57.1124602845756));
#4736=CARTESIAN_POINT('Ctrl Pts',(-25.5,6.51026244166998,51.8344219749768));
#4737=CARTESIAN_POINT('Ctrl Pts',(-25.5,6.58856777623393,51.9218413970974));
#4738=CARTESIAN_POINT('Ctrl Pts',(-25.5001756957392,6.67348761319643,52.0009505248367));
#4739=CARTESIAN_POINT('Ctrl Pts',(-25.5001756957392,6.7612189858196,52.0701661055143));
#4740=CARTESIAN_POINT('Ctrl Pts',(-25.5001756957392,6.84895035844276,52.139381686192));
#4741=CARTESIAN_POINT('Ctrl Pts',(-25.5,6.94564938578047,52.2035605839183));
#4742=CARTESIAN_POINT('Ctrl Pts',(-25.5,7.04889129037275,52.2593726786759));
#4743=CARTESIAN_POINT('',(-28.,14.5583467922113,61.3683267264546));
#4744=CARTESIAN_POINT('Origin',(-28.,16.1068230599368,59.4056190945616));
#4745=CARTESIAN_POINT('',(-28.,11.6517473232293,59.0751679164686));
#4746=CARTESIAN_POINT('Origin',(-27.9999999999999,-4.0233684204946,84.9208183091703));
#4747=CARTESIAN_POINT('',(-27.9999999999999,25.9355176221426,83.350739621882));
#4748=CARTESIAN_POINT('Ctrl Pts',(-26.6842861362172,26.1842861362171,88.0975256425412));
#4749=CARTESIAN_POINT('Ctrl Pts',(-27.100290569908,26.0981761769875,86.4544497403056));
#4750=CARTESIAN_POINT('Ctrl Pts',(-27.5680057735328,26.013836909896,84.8451606567905));
#4751=CARTESIAN_POINT('Ctrl Pts',(-27.9999999999999,25.9355176221426,83.350739621882));
#4752=CARTESIAN_POINT('Origin',(-27.9999999999999,-4.0233684204946,84.9208183091703));
#4753=CARTESIAN_POINT('Origin',(-20.5,7.5,15.));
#4754=CARTESIAN_POINT('Origin',(-20.5,7.5,7.50000000000001));
#4755=CARTESIAN_POINT('Origin',(28.,-4.02336842049458,84.9208183091703));
#4756=CARTESIAN_POINT('Origin',(28.,16.1068230599369,59.4056190945617));
#4757=CARTESIAN_POINT('Origin',(28.0000000000001,-0.293851885851849,46.4663226269873));
#4758=CARTESIAN_POINT('Origin',(28.,-4.24276621413355,43.3508305275716));
#4759=CARTESIAN_POINT('Origin',(28.,1.95113885676843,35.4999999999998));
#4760=CARTESIAN_POINT('Origin',(28.,-5.11992895509702,28.4289321881343));
#4761=CARTESIAN_POINT('Origin',(28.,0.76728633071083,22.5417169023265));
#4762=CARTESIAN_POINT('Origin',(28.,2.37436867076459,20.9346345622727));
#4763=CARTESIAN_POINT('Origin',(28.,-9.99999999999999,8.56026589150814));
#4764=CARTESIAN_POINT('Origin',(28.,6.27205655754448,15.));
#4765=CARTESIAN_POINT('Ctrl Pts',(24.3444537690024,5.,8.56026590282651));
#4766=CARTESIAN_POINT('Ctrl Pts',(25.3126897793792,4.99999999962615,9.05571740407949));
#4767=CARTESIAN_POINT('Ctrl Pts',(26.704741429334,4.9589948145552,10.201600601811));
#4768=CARTESIAN_POINT('Ctrl Pts',(27.8021536853985,4.58018685326546,12.2503499895194));
#4769=CARTESIAN_POINT('Ctrl Pts',(28.,4.18458395347257,13.4809112364877));
#4770=CARTESIAN_POINT('Ctrl Pts',(28.,3.94747704932384,14.0800379845012));
#4771=CARTESIAN_POINT('Ctrl Pts',(23.9610344762169,4.99999999951538,9.20252054832397));
#4772=CARTESIAN_POINT('Ctrl Pts',(24.8252559582155,4.97819231711596,9.65167835191592));
#4773=CARTESIAN_POINT('Ctrl Pts',(26.0528102943145,4.89378646854318,10.6760455568736));
#4774=CARTESIAN_POINT('Ctrl Pts',(27.0312265032967,4.51615523137458,12.4551985030751));
#4775=CARTESIAN_POINT('Ctrl Pts',(27.2353434403652,4.15994757024188,13.5414912850866));
#4776=CARTESIAN_POINT('Ctrl Pts',(27.2520017491453,3.94747704932384,14.0800379845012));
#4777=CARTESIAN_POINT('Ctrl Pts',(23.2970226509749,5.62722898158657,10.3147876867617));
#4778=CARTESIAN_POINT('Ctrl Pts',(23.9832635191722,5.59340927975989,10.7043662035155));
#4779=CARTESIAN_POINT('Ctrl Pts',(24.9277706830376,5.48151181649152,11.5659149180197));
#4780=CARTESIAN_POINT('Ctrl Pts',(25.7028225546274,5.08865588059492,12.9849976323942));
#4781=CARTESIAN_POINT('Ctrl Pts',(25.9133033716813,4.73971422582949,13.8618810518649));
#4782=CARTESIAN_POINT('Ctrl Pts',(25.9566060995731,4.53069450506826,14.3108487200184));
#4783=CARTESIAN_POINT('Ctrl Pts',(23.0629691791486,6.93900131162758,10.706843936364));
#4784=CARTESIAN_POINT('Ctrl Pts',(23.7000161502078,6.92901962575875,11.0873599263783));
#4785=CARTESIAN_POINT('Ctrl Pts',(24.5982577534293,6.86222269596299,11.9513883472679));
#4786=CARTESIAN_POINT('Ctrl Pts',(25.3192449516526,6.43497934727599,13.4422428586469));
#4787=CARTESIAN_POINT('Ctrl Pts',(25.4806110638264,6.00698521633777,14.3456267181759));
#4788=CARTESIAN_POINT('Ctrl Pts',(25.5,5.75042213570796,14.7935610064662));
#4789=CARTESIAN_POINT('Ctrl Pts',(23.0629691793349,7.5,10.7068439364753));
#4790=CARTESIAN_POINT('Ctrl Pts',(23.7084598529194,7.49999999956385,11.0921951041165));
#4791=CARTESIAN_POINT('Ctrl Pts',(24.6364942862227,7.45216061698107,11.983437591241));
#4792=CARTESIAN_POINT('Ctrl Pts',(25.3681024569323,7.01021799547637,13.5769093372364));
#4793=CARTESIAN_POINT('Ctrl Pts',(25.5,6.54868127905135,14.5340125293228));
#4794=CARTESIAN_POINT('Ctrl Pts',(25.5,6.27205655754449,15.));
#4795=CARTESIAN_POINT('Origin',(24.3444537693579,7.5,8.56026590492513));
#4796=CARTESIAN_POINT('Origin',(20.5,7.5,15.));
#4797=CARTESIAN_POINT('Origin',(20.5,7.5,7.50000000000001));
#4798=CARTESIAN_POINT('Origin',(5.00000000000014,7.5,7.50000000000001));
#4799=CARTESIAN_POINT('Origin',(-25.5,8.00000000000001,50.5));
#4800=CARTESIAN_POINT('',(-25.5,7.80052608262089,52.4900276772662));
#4801=CARTESIAN_POINT('',(-25.5,7.80052608262089,48.5099723227338));
#4802=CARTESIAN_POINT('Origin',(-32.9999999999997,7.5,4.28013294575393));
#4803=CARTESIAN_POINT('Origin',(-32.9999999999997,7.5,8.56026589150814));
#4804=CARTESIAN_POINT('Origin',(-32.9999999999997,-9.99999999999999,8.56026589150814));
#4805=CARTESIAN_POINT('',(-32.9999999999997,0.606601717798221,19.1668676093063));
#4806=CARTESIAN_POINT('Origin',(-32.9999999999997,2.37436867076459,20.9346345622727));
#4807=CARTESIAN_POINT('Origin',(-32.9999999999997,-9.99999999999999,8.56026589150814));
#4808=CARTESIAN_POINT('Origin',(-32.9999999999998,3.2672863307109,20.0417169023264));
#4809=CARTESIAN_POINT('',(-32.9999999999998,-6.88769590806338,26.6611652351679));
#4810=CARTESIAN_POINT('Origin',(-32.9999999999998,-5.11992895509699,28.4289321881343));
#4811=CARTESIAN_POINT('',(-32.9999999999998,1.49951937774453,18.27394994936));
#4812=CARTESIAN_POINT('Origin',(-32.9999999999997,1.95113885676843,35.4999999999998));
#4813=CARTESIAN_POINT('',(-32.9999999999997,-5.79124248185905,45.3135381594646));
#4814=CARTESIAN_POINT('Origin',(-32.9999999999997,-4.24276621413355,43.3508305275716));
#4815=CARTESIAN_POINT('Origin',(-32.9999999999997,1.95113885676843,35.4999999999998));
#4816=CARTESIAN_POINT('Origin',(-32.9999999999999,-2.7252168366279,44.54809962562));
#4817=CARTESIAN_POINT('',(-32.9999999999999,14.5583467922113,61.3683267264546));
#4818=CARTESIAN_POINT('Origin',(-32.9999999999999,16.1068230599368,59.4056190945616));
#4819=CARTESIAN_POINT('',(-32.9999999999999,-4.2736931043534,46.510807257513));
#4820=CARTESIAN_POINT('Origin',(-32.9999999999997,-4.0233684204946,84.9208183091703));
#4821=CARTESIAN_POINT('',(-32.9999999999997,25.9355176221426,83.350739621882));
#4822=CARTESIAN_POINT('Origin',(-32.9999999999997,-4.0233684204946,84.9208183091703));
#4823=CARTESIAN_POINT('Ctrl Pts',(-32.9999999999997,25.9355176221426,83.350739621882));
#4824=CARTESIAN_POINT('Ctrl Pts',(-33.431994226467,26.0138369098961,84.845160656791));
#4825=CARTESIAN_POINT('Ctrl Pts',(-33.899709430092,26.0981761769876,86.4544497403067));
#4826=CARTESIAN_POINT('Ctrl Pts',(-34.3157138637828,26.1842861362172,88.0975256425428));
#4827=CARTESIAN_POINT('Origin',(-25.4999999999999,-4.0233684204946,84.9208183091703));
#4828=CARTESIAN_POINT('',(-25.4999999999999,25.9355176221426,83.350739621882));
#4829=CARTESIAN_POINT('',(-25.4999999999999,14.5583467922113,61.3683267264546));
#4830=CARTESIAN_POINT('Origin',(35.5000000000003,15.7091423936472,62.2762457913577));
#4831=CARTESIAN_POINT('',(35.5000000000003,-5.79124248185905,45.3135381594646));
#4832=CARTESIAN_POINT('Origin',(35.5000000000003,1.95113885676843,35.4999999999998));
#4833=CARTESIAN_POINT('',(35.5000000000003,-6.88769590806338,26.6611652351679));
#4834=CARTESIAN_POINT('Origin',(35.5000000000003,-6.88769590806336,26.6611652351679));
#4835=CARTESIAN_POINT('',(35.5000000000003,0.606601717798221,19.1668676093063));
#4836=CARTESIAN_POINT('Origin',(35.5000000000003,-9.99999999999999,8.56026589150814));
#4837=CARTESIAN_POINT('Origin',(30.763884940757,33.6655760986676,89.8777902340813));
#4838=CARTESIAN_POINT('',(30.763884940757,33.7702480111535,91.8750493035904));
#4839=CARTESIAN_POINT('Origin',(-30.763884940757,33.6655760986676,89.8777902340813));
#4840=CARTESIAN_POINT('',(-30.763884940757,26.4024938542821,92.2611769372555));
#4841=CARTESIAN_POINT('Origin',(-30.763884940757,26.2978219417962,90.2639178677463));
#4842=CARTESIAN_POINT('',(-30.763884940757,33.7702480111535,91.8750493035904));
#4843=CARTESIAN_POINT('Origin',(-25.4999999999999,25.,65.5000000000002));
#4844=CARTESIAN_POINT('',(-30.0722333784913,26.5722333784912,95.5000000000003));
#4845=CARTESIAN_POINT('',(-20.4636112261943,26.0943665665342,86.3817580425184));
#4846=CARTESIAN_POINT('',(-30.9277666215089,26.5722333784912,95.5000000000003));
#4847=CARTESIAN_POINT('',(35.5000000000001,26.5722333784912,95.5000000000003));
#4848=CARTESIAN_POINT('',(-37.9743031660185,26.2217870917613,88.8130865011987));
#4849=CARTESIAN_POINT('Origin',(32.5062705558731,17.5,94.0020556978681));
#4850=CARTESIAN_POINT('',(30.9277666215087,17.5,95.5));
#4851=CARTESIAN_POINT('Origin',(25.4999999999999,0.,95.4999999999999));
#4852=CARTESIAN_POINT('',(30.0722333784912,12.5,95.5));
#4853=CARTESIAN_POINT('Origin',(28.4937294441267,12.5,94.0020556978681));
#4854=CARTESIAN_POINT('Origin',(-32.5062705558733,12.5,94.002055697868));
#4855=CARTESIAN_POINT('',(-30.9277666215089,12.5,95.4999999999999));
#4856=CARTESIAN_POINT('Origin',(-35.5000000000001,0.,95.4999999999999));
#4857=CARTESIAN_POINT('',(-30.0722333784913,17.5,95.4999999999999));
#4858=CARTESIAN_POINT('Origin',(-28.4937294441269,17.5,94.0020556978681));
#4859=CARTESIAN_POINT('Origin',(-25.5,7.80052608262089,52.4900276772662));
#4860=CARTESIAN_POINT('',(-25.5,22.8645843495937,53.9999999999999));
#4861=CARTESIAN_POINT('Origin',(-25.5,22.8645843495937,47.));
#4862=CARTESIAN_POINT('Origin',(-25.5,25.,54.5999999999999));
#4863=CARTESIAN_POINT('',(-25.5,25.,54.5999999999999));
#4864=CARTESIAN_POINT('Origin',(-25.5,25.,50.5));
#4865=UNCERTAINTY_MEASURE_WITH_UNIT(LENGTH_MEASURE(0.01),#4869,
'DISTANCE_ACCURACY_VALUE',
'Maximum model space distance between geometric entities at asserted c
onnectivities');
#4866=UNCERTAINTY_MEASURE_WITH_UNIT(LENGTH_MEASURE(0.01),#4869,
'DISTANCE_ACCURACY_VALUE',
'Maximum model space distance between geometric entities at asserted c
onnectivities');
#4867=(
GEOMETRIC_REPRESENTATION_CONTEXT(3)
GLOBAL_UNCERTAINTY_ASSIGNED_CONTEXT((#4865))
GLOBAL_UNIT_ASSIGNED_CONTEXT((#4869,#4871,#4872))
REPRESENTATION_CONTEXT('','3D')
);
#4868=(
GEOMETRIC_REPRESENTATION_CONTEXT(3)
GLOBAL_UNCERTAINTY_ASSIGNED_CONTEXT((#4866))
GLOBAL_UNIT_ASSIGNED_CONTEXT((#4869,#4871,#4872))
REPRESENTATION_CONTEXT('','3D')
);
#4869=(
LENGTH_UNIT()
NAMED_UNIT(*)
SI_UNIT(.MILLI.,.METRE.)
);
#4870=(
LENGTH_UNIT()
NAMED_UNIT(*)
SI_UNIT($,.METRE.)
);
#4871=(
NAMED_UNIT(*)
PLANE_ANGLE_UNIT()
SI_UNIT($,.RADIAN.)
);
#4872=(
NAMED_UNIT(*)
SI_UNIT($,.STERADIAN.)
SOLID_ANGLE_UNIT()
);
#4873=SHAPE_DEFINITION_REPRESENTATION(#4874,#4875);
#4874=PRODUCT_DEFINITION_SHAPE('',$,#4877);
#4875=SHAPE_REPRESENTATION('',(#2390),#4867);
#4876=PRODUCT_DEFINITION_CONTEXT('part definition',#4881,'design');
#4877=PRODUCT_DEFINITION('2026-08-14-21-40-28-905','Holder',#4878,#4876);
#4878=PRODUCT_DEFINITION_FORMATION('',$,#4883);
#4879=PRODUCT_RELATED_PRODUCT_CATEGORY('Holder','Holder',(#4883));
#4880=APPLICATION_PROTOCOL_DEFINITION('international standard',
'automotive_design',2009,#4881);
#4881=APPLICATION_CONTEXT(
'Core Data for Automotive Mechanical Design Process');
#4882=PRODUCT_CONTEXT('part definition',#4881,'mechanical');
#4883=PRODUCT('2026-08-14-21-40-28-905','Holder',$,(#4882));
#4884=PRESENTATION_STYLE_ASSIGNMENT((#4886));
#4885=PRESENTATION_STYLE_ASSIGNMENT((#4887));
#4886=SURFACE_STYLE_USAGE(.BOTH.,#4888);
#4887=SURFACE_STYLE_USAGE(.BOTH.,#4889);
#4888=SURFACE_SIDE_STYLE('',(#4890));
#4889=SURFACE_SIDE_STYLE('',(#4891));
#4890=SURFACE_STYLE_FILL_AREA(#4892);
#4891=SURFACE_STYLE_FILL_AREA(#4893);
#4892=FILL_AREA_STYLE('Steel - Satin',(#4894));
#4893=FILL_AREA_STYLE(
'PEKK - Polyetherketoneketone Reinforced With Carbon Fibers - HT-23 (w
ith EOS P 810 3D Printer)',(#4895));
#4894=FILL_AREA_STYLE_COLOUR('Steel - Satin',#4896);
#4895=FILL_AREA_STYLE_COLOUR(
'PEKK - Polyetherketoneketone Reinforced With Carbon Fibers - HT-23 (w
ith EOS P 810 3D Printer)',#4897);
#4896=COLOUR_RGB('Steel - Satin',0.627450980392157,0.627450980392157,0.627450980392157);
#4897=COLOUR_RGB(
'PEKK - Polyetherketoneketone Reinforced With Carbon Fibers - HT-23 (w
ith EOS P 810 3D Printer)',0.352941176470588,0.352941176470588,0.352941176470588);
ENDSEC;
END-ISO-10303-21;
